"OWNER","TABLE_NAME","COLUMN_NAME","DATA_TYPE","DATA_LENGTH","NULLABLE"
"CTP_AUTZ","ATZD_ATTRIBUTEDOMAINS","ATTRIBUTECODORGTYPE","VARCHAR2",255,"N"
"CTP_AUTZ","ATZD_ATTRIBUTEDOMAINS","ATTRIBUTEUID","RAW",16,"N"
"CTP_AUTZ","ATZD_ATTRIBUTEDOMAINS","ATTRIBUTENAME","VARCHAR2",255,"N"
"CTP_AUTZ","ATZD_ATTRIBUTEDOMAINS","ATTRIBUTEDESCRIPTION","VARCHAR2",2000,"Y"
"CTP_AUTZ","ATZD_ATTRIBUTEDOMAINS","ATTRIBUTEPATTERN","VARCHAR2",2000,"Y"
"CTP_AUTZ","ATZD_ATTRIBUTEDOMAINS","ATTRIBUTEEXTERNAL","RAW",1,"N"
"CTP_AUTZ","ATZD_ATTRIBUTEDOMAINS","ATTRIBUTEREQUIRED","RAW",1,"N"
"CTP_AUTZ","ATZD_ATTRIBUTEDOMAINS","ATTRIBUTEORDER","NUMBER",22,"N"
"CTP_AUTZ","ATZD_ATTRIBUTEDOMAINS","ATTRIBUTEDEFAULT","VARCHAR2",255,"Y"
"CTP_AUTZ","ATZD_ATTRIBUTEDOMAINS","ATTRIBUTEENABLED","RAW",1,"N"
"CTP_AUTZ","ATZD_ATTRIBUTEDOMAINS","ATTRIBUTECUSTOM","RAW",1,"N"
"CTP_AUTZ","ATZD_ATTRIBUTEDOMAINS","ATTRIBUTETYPE","VARCHAR2",255,"N"
"CTP_AUTZ","ATZD_CHANNELS","CODCHANNEL","VARCHAR2",4,"N"
"CTP_AUTZ","ATZD_CHANNELS","DESCHANNEL","VARCHAR2",2000,"N"
"CTP_AUTZ","ATZD_ORGANIZATIONTYPES","CODORGANIZATIONTYPE","VARCHAR2",255,"N"
"CTP_AUTZ","ATZD_ORGANIZATIONTYPES","DESORGANIZATIONTYPE","VARCHAR2",2000,"N"
"CTP_AUTZ","ATZD_ORGANIZATIONTYPES","VERSIONORGANIZATIONTYPE","VARCHAR2",255,"Y"
"CTP_AUTZ","ATZD_ORGANIZATIONTYPES","XMLPREFIXORGANIZATIONTYPE","VARCHAR2",255,"Y"
"CTP_AUTZ","ATZD_ORGANIZATIONTYPES","CODHIERARCHYTYPE","VARCHAR2",255,"N"
"CTP_AUTZ","ATZD_RELATIONTYPES","UIDRELATIONTYPE","RAW",16,"N"
"CTP_AUTZ","ATZD_RELATIONTYPES","DESRELATIONTYPE","VARCHAR2",2000,"N"
"CTP_AUTZ","ATZD_RELATIONTYPES","CODORGANIZATIONTYPE","VARCHAR2",255,"N"
"CTP_AUTZ","ATZD_RELATIONTYPES","CODORGANIZATIONPARENTTYPE","VARCHAR2",255,"Y"
"CTP_AUTZ","ATZD_RESOURCETYPES","CODRESOURCETYPE","VARCHAR2",255,"N"
"CTP_AUTZ","ATZD_RESOURCETYPES","DESRESOURCETYPE","VARCHAR2",2000,"N"
"CTP_AUTZ","ATZE_ATTRIBUTEVALUES","ATTRIBUTEUID","RAW",16,"N"
"CTP_AUTZ","ATZE_ATTRIBUTEVALUES","UIDORGANIZATION","RAW",16,"N"
"CTP_AUTZ","ATZE_ATTRIBUTEVALUES","ATTRIBUTEVALUE","VARCHAR2",255,"Y"
"CTP_AUTZ","ATZE_AUTHORIZATIONS","CODCHANNEL","VARCHAR2",1,"N"
"CTP_AUTZ","ATZE_AUTHORIZATIONS","UIDORGANIZATION","RAW",16,"N"
"CTP_AUTZ","ATZE_AUTHORIZATIONS","CODROLE","VARCHAR2",255,"N"
"CTP_AUTZ","ATZE_AUTHORIZATIONS","ROWTIMESTAMP","TIMESTAMP(6)",11,"N"
"CTP_AUTZ","ATZE_AUTHORIZATIONS","DATENDVALIDITY","DATE",7,"N"
"CTP_AUTZ","ATZE_AUTHORIZATIONS","DATSTARTVALIDITY","DATE",7,"N"
"CTP_AUTZ","ATZE_LOGINS","UIDORGANIZATION","RAW",16,"N"
"CTP_AUTZ","ATZE_LOGINS","FLGAUTHREQ","RAW",1,"N"
"CTP_AUTZ","ATZE_LOGINS","LASTLOGON","DATE",7,"Y"
"CTP_AUTZ","ATZE_LOGINS","CODUSERCULTURE","VARCHAR2",6,"N"
"CTP_AUTZ","ATZE_LOGINS","CODCHANNEL","VARCHAR2",1,"N"
"CTP_AUTZ","ATZE_LOGINS","CODUSER","VARCHAR2",255,"N"
"CTP_AUTZ","ATZE_ORGANIZATIONS","DATSTARTVALIDITY","DATE",7,"N"
"CTP_AUTZ","ATZE_ORGANIZATIONS","FLGINHERITAUTHORIZATION","RAW",1,"N"
"CTP_AUTZ","ATZE_ORGANIZATIONS","FULLNAME","VARCHAR2",4000,"N"
"CTP_AUTZ","ATZE_ORGANIZATIONS","CODORGANIZATIONTYPE","VARCHAR2",255,"N"
"CTP_AUTZ","ATZE_ORGANIZATIONS","CODORGANIZATION","VARCHAR2",255,"N"
"CTP_AUTZ","ATZE_ORGANIZATIONS","UIDORGANIZATIONPARENT","RAW",16,"Y"
"CTP_AUTZ","ATZE_ORGANIZATIONS","UIDORGANIZATION","RAW",16,"N"
"CTP_AUTZ","ATZE_ORGANIZATIONS","DATENDVALIDITY","DATE",7,"N"
"CTP_AUTZ","ATZE_ORGANIZATIONS","UIDORGFULLNAME","VARCHAR2",4000,"Y"
"CTP_AUTZ","ATZE_ORGANIZATIONS","ROWTIMESTAMP","TIMESTAMP(6)",11,"N"
"CTP_AUTZ","ATZE_ORGANIZATIONS","UIDRELATIONTYPE","RAW",16,"N"
"CTP_AUTZ","ATZE_ORGANIZATIONS","FLGENABLED","RAW",1,"N"
"CTP_AUTZ","ATZE_RESOURCES","ROWTIMESTAMP","TIMESTAMP(6)",11,"N"
"CTP_AUTZ","ATZE_RESOURCES","CODRESOURCETYPE","VARCHAR2",255,"N"
"CTP_AUTZ","ATZE_RESOURCES","DESRESOURCE","VARCHAR2",2000,"N"
"CTP_AUTZ","ATZE_RESOURCES","FLGENABLED","RAW",1,"N"
"CTP_AUTZ","ATZE_RESOURCES","CODRESOURCE","VARCHAR2",255,"N"
"CTP_AUTZ","ATZE_ROLES","FLGENABLED","RAW",1,"N"
"CTP_AUTZ","ATZE_ROLES","DESROLE","VARCHAR2",2000,"N"
"CTP_AUTZ","ATZE_ROLES","ROWTIMESTAMP","TIMESTAMP(6)",11,"N"
"CTP_AUTZ","ATZE_ROLES","CODROLE","VARCHAR2",255,"N"
"CTP_AUTZ","ATZE_ROLESRESOURCES","CODROLE","VARCHAR2",255,"N"
"CTP_AUTZ","ATZE_ROLESRESOURCES","CODRESOURCE","VARCHAR2",255,"N"
"CTP_AUTZ","ATZE_ROLESRESOURCES","CODCHANNEL","VARCHAR2",1,"N"
"CTP_AUTZ","ATZE_ROLESROLES","CODROLE","VARCHAR2",255,"N"
"CTP_AUTZ","ATZE_ROLESROLES","CODROLEPARENT","VARCHAR2",255,"N"
"CB","CBAGUARANTEESETLINKS","DATTCINSERTIONDATE","TIMESTAMP(6)",11,"N"
"CB","CBAGUARANTEESETLINKS","UIDGUARANTEEID","RAW",16,"N"
"CB","CBAGUARANTEESETLINKS","UIDGUARANTEESETID","RAW",16,"N"
"CB","CBAGUARANTEESETLINKS","CODTCLASTUPDATEUSERFULLNAME","VARCHAR2",2000,"Y"
"CB","CBAGUARANTEESETLINKS","CODTCLASTUPDATESOURCE","VARCHAR2",200,"Y"
"CB","CBAGUARANTEESETLINKS","DATTCLASTUPDATEDATE","TIMESTAMP(6)",11,"Y"
"CB","CBAGUARANTEESETLINKS","CODTCINSERTIONUSERFULLNAME","VARCHAR2",2000,"N"
"CB","CBAGUARANTEESETLINKS","CODTCINSERTIONSOURCE","VARCHAR2",200,"N"
"CB","CBASUBJECTADDITIONALINFO","DATTCINSERTIONDATE","TIMESTAMP(6)",11,"N"
"CB","CBASUBJECTADDITIONALINFO","CODTCINSERTIONSOURCE","VARCHAR2",200,"N"
"CB","CBASUBJECTADDITIONALINFO","CODTCINSERTIONUSERFULLNAME","VARCHAR2",2000,"N"
"CB","CBASUBJECTADDITIONALINFO","DATLOGICALSTATUSCODEDATE","DATE",7,"Y"
"CB","CBASUBJECTADDITIONALINFO","CODLOGICALSTATUSCODE","VARCHAR2",4,"Y"
"CB","CBASUBJECTADDITIONALINFO","FLGCURRENT","NUMBER",22,"N"
"CB","CBASUBJECTADDITIONALINFO","DATLASTREFERENCEDATE","DATE",7,"N"
"CB","CBASUBJECTADDITIONALINFO","DATFIRSTREFERENCEDATE","DATE",7,"N"
"CB","CBASUBJECTADDITIONALINFO","UIDSUBJECTID","RAW",16,"N"
"CB","CBASUBJECTADDITIONALINFO","UIDADDITIONALINFOID","RAW",16,"N"
"CB","CBASUBJECTADDITIONALINFO","UIDSUBJECTADDITIONALINFOID","RAW",16,"N"
"CB","CBASUBJECTADDITIONALINFO","DATTCLASTUPDATEDATE","TIMESTAMP(6)",11,"Y"
"CB","CBASUBJECTADDITIONALINFO","CODTCLASTUPDATEUSERFULLNAME","VARCHAR2",2000,"Y"
"CB","CBASUBJECTADDITIONALINFO","CODTCLASTUPDATESOURCE","VARCHAR2",200,"Y"
"CB","CBASUBJECTCONTRACTS","UIDSUBJECTCONTRACTID","RAW",16,"N"
"CB","CBASUBJECTCONTRACTS","CODTCLASTUPDATEUSERFULLNAME","VARCHAR2",2000,"Y"
"CB","CBASUBJECTCONTRACTS","UIDSUBJECTID","RAW",16,"N"
"CB","CBASUBJECTCONTRACTS","CODSUBJECTROLECODE","VARCHAR2",4,"N"
"CB","CBASUBJECTCONTRACTS","FLGONLINESOURCE","NUMBER",22,"N"
"CB","CBASUBJECTCONTRACTS","FLGBATCHSOURCE","NUMBER",22,"N"
"CB","CBASUBJECTCONTRACTS","DATFIRSTREFERENCEDATE","DATE",7,"N"
"CB","CBASUBJECTCONTRACTS","DATLASTREFERENCEDATE","DATE",7,"N"
"CB","CBASUBJECTCONTRACTS","FLGCURRENT","NUMBER",22,"N"
"CB","CBASUBJECTCONTRACTS","CODLOGICALSTATUSCODE","VARCHAR2",4,"Y"
"CB","CBASUBJECTCONTRACTS","DATLOGICALSTATUSCODEDATE","DATE",7,"Y"
"CB","CBASUBJECTCONTRACTS","DATTCINSERTIONDATE","TIMESTAMP(6)",11,"N"
"CB","CBASUBJECTCONTRACTS","CODTCINSERTIONSOURCE","VARCHAR2",200,"N"
"CB","CBASUBJECTCONTRACTS","CODTCINSERTIONUSERFULLNAME","VARCHAR2",2000,"N"
"CB","CBASUBJECTCONTRACTS","CODTCLASTUPDATESOURCE","VARCHAR2",200,"Y"
"CB","CBASUBJECTCONTRACTS","DATTCLASTUPDATEDATE","TIMESTAMP(6)",11,"Y"
"CB","CBASUBJECTCONTRACTS","UIDCONTRACTID","RAW",16,"N"
"CB","CBB_ACCT_ACCT_FLOW_ERROR","ERRORCATEGORY","VARCHAR2",4000,"Y"
"CB","CBB_ACCT_ACCT_FLOW_ERROR","ERRORCODE","VARCHAR2",4000,"Y"
"CB","CBB_ACCT_ACCT_FLOW_ERROR","STAGEID","VARCHAR2",256,"N"
"CB","CBB_ACCT_ACCT_FLOW_ERROR","RECORDUID","RAW",16,"N"
"CB","CBB_ACCT_ACCT_FLOW_ERROR","PHASEID","VARCHAR2",1020,"N"
"CB","CBB_ACCT_ACCT_FLOW_ERROR","PHASEUID","RAW",16,"N"
"CB","CBB_ACCT_ACCT_FLOW_ERROR","FLOWID","VARCHAR2",1020,"N"
"CB","CBB_ACCT_ACCT_FLOW_ERROR","FLOWUID","RAW",16,"N"
"CB","CBB_ACCT_ACCT_FLOW_ERROR","ERRORUID","RAW",16,"N"
"CB","CBB_ACCT_ACCT_FLOW_ERROR","ERRORTIMESTAMP","TIMESTAMP(6)",11,"N"
"CB","CBB_ACCT_ACCT_FLOW_ERROR","ERRORROWNUMBER","NUMBER",22,"Y"
"CB","CBB_ACCT_ACCT_FLOW_ERROR","ERRORDESCRIPTION","VARCHAR2",4000,"Y"
"CB","CBB_ARCH_ARCH_FLOW_ERROR","ERRORUID","RAW",16,"N"
"CB","CBB_ARCH_ARCH_FLOW_ERROR","ERRORROWNUMBER","NUMBER",22,"Y"
"CB","CBB_ARCH_ARCH_FLOW_ERROR","ERRORDESCRIPTION","VARCHAR2",4000,"Y"
"CB","CBB_ARCH_ARCH_FLOW_ERROR","ERRORCODE","VARCHAR2",4000,"Y"
"CB","CBB_ARCH_ARCH_FLOW_ERROR","ERRORCATEGORY","VARCHAR2",4000,"Y"
"CB","CBB_ARCH_ARCH_FLOW_ERROR","ERRORTIMESTAMP","TIMESTAMP(6)",11,"N"
"CB","CBB_ARCH_ARCH_FLOW_ERROR","RECORDUID","RAW",16,"N"
"CB","CBB_ARCH_ARCH_FLOW_ERROR","PHASEID","VARCHAR2",1020,"N"
"CB","CBB_ARCH_ARCH_FLOW_ERROR","PHASEUID","RAW",16,"N"
"CB","CBB_ARCH_ARCH_FLOW_ERROR","FLOWID","VARCHAR2",1020,"N"
"CB","CBB_ARCH_ARCH_FLOW_ERROR","FLOWUID","RAW",16,"N"
"CB","CBB_ARCH_ARCH_FLOW_ERROR","STAGEID","VARCHAR2",256,"N"
"CB","CBB_CBSAD_CBSAD_FLOW_ERROR","ERRORUID","RAW",16,"N"
"CB","CBB_CBSAD_CBSAD_FLOW_ERROR","FLOWUID","RAW",16,"N"
"CB","CBB_CBSAD_CBSAD_FLOW_ERROR","FLOWID","VARCHAR2",1020,"N"
"CB","CBB_CBSAD_CBSAD_FLOW_ERROR","PHASEUID","RAW",16,"N"
"CB","CBB_CBSAD_CBSAD_FLOW_ERROR","PHASEID","VARCHAR2",1020,"N"
"CB","CBB_CBSAD_CBSAD_FLOW_ERROR","ERRORTIMESTAMP","TIMESTAMP(6)",11,"N"
"CB","CBB_CBSAD_CBSAD_FLOW_ERROR","STAGEID","VARCHAR2",256,"N"
"CB","CBB_CBSAD_CBSAD_FLOW_ERROR","ERRORCATEGORY","VARCHAR2",4000,"Y"
"CB","CBB_CBSAD_CBSAD_FLOW_ERROR","ERRORCODE","VARCHAR2",4000,"Y"
"CB","CBB_CBSAD_CBSAD_FLOW_ERROR","ERRORDESCRIPTION","VARCHAR2",4000,"Y"
"CB","CBB_CBSAD_CBSAD_FLOW_ERROR","ERRORROWNUMBER","NUMBER",22,"Y"
"CB","CBB_CBSAD_CBSAD_FLOW_ERROR","RECORDUID","RAW",16,"N"
"CB","CBB_CSDF_CSDF_FLOW_ERROR","ERRORUID","RAW",16,"N"
"CB","CBB_CSDF_CSDF_FLOW_ERROR","FLOWUID","RAW",16,"N"
"CB","CBB_CSDF_CSDF_FLOW_ERROR","ERRORTIMESTAMP","TIMESTAMP(6)",11,"N"
"CB","CBB_CSDF_CSDF_FLOW_ERROR","ERRORROWNUMBER","NUMBER",22,"Y"
"CB","CBB_CSDF_CSDF_FLOW_ERROR","ERRORDESCRIPTION","VARCHAR2",4000,"Y"
"CB","CBB_CSDF_CSDF_FLOW_ERROR","ERRORCODE","VARCHAR2",4000,"Y"
"CB","CBB_CSDF_CSDF_FLOW_ERROR","ERRORCATEGORY","VARCHAR2",4000,"Y"
"CB","CBB_CSDF_CSDF_FLOW_ERROR","STAGEID","VARCHAR2",256,"N"
"CB","CBB_CSDF_CSDF_FLOW_ERROR","RECORDUID","RAW",16,"N"
"CB","CBB_CSDF_CSDF_FLOW_ERROR","PHASEID","VARCHAR2",1020,"N"
"CB","CBB_CSDF_CSDF_FLOW_ERROR","PHASEUID","RAW",16,"N"
"CB","CBB_CSDF_CSDF_FLOW_ERROR","FLOWID","VARCHAR2",1020,"N"
"CB","CBB_CSDF_CSDF_FLOW_ERROR_OLD","ERRORUID","RAW",16,"N"
"CB","CBB_CSDF_CSDF_FLOW_ERROR_OLD","ERRORROWNUMBER","NUMBER",22,"Y"
"CB","CBB_CSDF_CSDF_FLOW_ERROR_OLD","ERRORDESCRIPTION","VARCHAR2",4000,"Y"
"CB","CBB_CSDF_CSDF_FLOW_ERROR_OLD","ERRORCODE","VARCHAR2",4000,"Y"
"CB","CBB_CSDF_CSDF_FLOW_ERROR_OLD","ERRORCATEGORY","VARCHAR2",4000,"Y"
"CB","CBB_CSDF_CSDF_FLOW_ERROR_OLD","ERRORTIMESTAMP","TIMESTAMP(6)",11,"N"
"CB","CBB_CSDF_CSDF_FLOW_ERROR_OLD","RECORDUID","RAW",16,"N"
"CB","CBB_CSDF_CSDF_FLOW_ERROR_OLD","PHASEID","VARCHAR2",1020,"N"
"CB","CBB_CSDF_CSDF_FLOW_ERROR_OLD","PHASEUID","RAW",16,"N"
"CB","CBB_CSDF_CSDF_FLOW_ERROR_OLD","FLOWID","VARCHAR2",1020,"N"
"CB","CBB_CSDF_CSDF_FLOW_ERROR_OLD","FLOWUID","RAW",16,"N"
"CB","CBB_CSDF_CSDF_FLOW_ERROR_OLD","STAGEID","VARCHAR2",256,"N"
"CB","CBB_CSDF_STAGECONTRACTS","CODCURRENCYCODE2","VARCHAR2",4000,"Y"
"CB","CBB_CSDF_STAGECONTRACTS","CODCURRENCYCODE3","VARCHAR2",4000,"Y"
"CB","CBB_CSDF_STAGECONTRACTS","CODCURRENCYCODE4","VARCHAR2",4000,"Y"
"CB","CBB_CSDF_STAGECONTRACTS","CODCURRENCYCODE5","VARCHAR2",4000,"Y"
"CB","CBB_CSDF_STAGECONTRACTS","CODCURRENCYCODE6","VARCHAR2",4000,"Y"
"CB","CBB_CSDF_STAGECONTRACTS","CODDAYSPASTDUECODE","VARCHAR2",4000,"Y"
"CB","CBB_CSDF_STAGECONTRACTS","CODGOODTYPECODE","VARCHAR2",4000,"Y"
"CB","CBB_CSDF_STAGECONTRACTS","CODGUARANCUSTOMERTYPECODE1","VARCHAR2",4000,"Y"
"CB","CBB_CSDF_STAGECONTRACTS","DATCONTRACTREQUESTDATE","VARCHAR2",4000,"Y"
"CB","CBB_CSDF_STAGECONTRACTS","DATCONTRACTSTARTDATE","VARCHAR2",4000,"Y"
"CB","CBB_CSDF_STAGECONTRACTS","DATFILEREFERENCEDATE","VARCHAR2",4000,"Y"
"CB","CBB_CSDF_STAGECONTRACTS","DATFIRSTPAYMENTDATE","VARCHAR2",4000,"Y"
"CB","CBB_CSDF_STAGECONTRACTS","DATINSERTIONNOTEDATE","VARCHAR2",4000,"Y"
"CB","CBB_CSDF_STAGECONTRACTS","DATLASTCHARGEDATE","VARCHAR2",4000,"Y"
"CB","CBB_CSDF_STAGECONTRACTS","RECORDUID","RAW",16,"N"
"CB","CBB_CSDF_STAGECONTRACTS","FLOWUID","RAW",16,"N"
"CB","CBB_CSDF_STAGECONTRACTS","PHASEUID","RAW",16,"N"
"CB","CBB_CSDF_STAGECONTRACTS","LOGICALUNITID","NUMBER",22,"N"
"CB","CBB_CSDF_STAGECONTRACTS","LOGICALUNITORDER","NUMBER",22,"N"
"CB","CBB_CSDF_STAGECONTRACTS","LOGICALUNITINDEX","NUMBER",22,"N"
"CB","CBB_CSDF_STAGECONTRACTS","RECORDSTATUS","VARCHAR2",4000,"N"
"CB","CBB_CSDF_STAGECONTRACTS","TIMESTAMPSTART","TIMESTAMP(6)",11,"N"
"CB","CBB_CSDF_STAGECONTRACTS","TIMESTAMPEND","TIMESTAMP(6)",11,"Y"
"CB","CBB_CSDF_STAGECONTRACTS","AMNBILLEDAMOUNT","VARCHAR2",4000,"Y"
"CB","CBB_CSDF_STAGECONTRACTS","AMNCHARGEDAMOUNT","VARCHAR2",4000,"Y"
"CB","CBB_CSDF_STAGECONTRACTS","AMNCREDITLIMITAMOUNT","VARCHAR2",4000,"Y"
"CB","CBB_CSDF_STAGECONTRACTS","AMNFINANCEDAMOUNT","VARCHAR2",4000,"Y"
"CB","CBB_CSDF_STAGECONTRACTS","DATVALIDITYSTARTDATE5","VARCHAR2",4000,"Y"
"CB","CBB_CSDF_STAGECONTRACTS","AMNNEXTPAYMENTAMOUNT","VARCHAR2",4000,"Y"
"CB","CBB_CSDF_STAGECONTRACTS","AMNOUTSTANDBALANCEAMOUNT","VARCHAR2",4000,"Y"
"CB","CBB_CSDF_STAGECONTRACTS","AMNOVERDUEPAYMENTSAMOUNT","VARCHAR2",4000,"Y"
"CB","CBB_CSDF_STAGECONTRACTS","AMNPRINCIPALOVERDUEPAYMENTS","VARCHAR2",4000,"Y"
"CB","CBB_CSDF_STAGECONTRACTS","AMNUTILIZATIONAMOUNT","VARCHAR2",4000,"Y"
"CB","CBB_CSDF_STAGECONTRACTS","CODACTIONCODE","VARCHAR2",4000,"Y"
"CB","CBB_CSDF_STAGECONTRACTS","CODASSETCODE1","VARCHAR2",4000,"Y"
"CB","CBB_CSDF_STAGECONTRACTS","CODASSETCODE2","VARCHAR2",4000,"Y"
"CB","CBB_CSDF_STAGECONTRACTS","CODASSETCODE3","VARCHAR2",4000,"Y"
"CB","CBB_CSDF_STAGECONTRACTS","CODASSETCODE4","VARCHAR2",4000,"Y"
"CB","CBB_CSDF_STAGECONTRACTS","NUMOUTSTANDPAYMENTSNUMBER","VARCHAR2",4000,"Y"
"CB","CBB_CSDF_STAGECONTRACTS","NUMOVERDUEPAYMENTSNUMBER","VARCHAR2",4000,"Y"
"CB","CBB_CSDF_STAGECONTRACTS","NUMPRINCIPALOVERDUEPAYMENTS","VARCHAR2",4000,"Y"
"CB","CBB_CSDF_STAGECONTRACTS","NUMREGISTRATIONNUMBER","VARCHAR2",4000,"Y"
"CB","CBB_CSDF_STAGECONTRACTS","NUMSERVICESLINESNUMBER","VARCHAR2",4000,"Y"
"CB","CBB_CSDF_STAGECONTRACTS","NUMTIMESCARDUSEDNUMBER","VARCHAR2",4000,"Y"
"CB","CBB_CSDF_STAGECONTRACTS","NUMTOTALINSTALLMENTSNUMBER","VARCHAR2",4000,"Y"
"CB","CBB_CSDF_STAGECONTRACTS","CODGUARANCUSTOMERTYPECODE2","VARCHAR2",4000,"Y"
"CB","CBB_CSDF_STAGECONTRACTS","CODGUARANCUSTOMERTYPECODE3","VARCHAR2",4000,"Y"
"CB","CBB_CSDF_STAGECONTRACTS","CODGUARANCUSTOMERTYPECODE4","VARCHAR2",4000,"Y"
"CB","CBB_CSDF_STAGECONTRACTS","CODGUARANCUSTOMERTYPECODE5","VARCHAR2",4000,"Y"
"CB","CBB_CSDF_STAGECONTRACTS","CODGUARANCUSTOMERTYPECODE6","VARCHAR2",4000,"Y"
"CB","CBB_CSDF_STAGECONTRACTS","CODGUARANTEECODE1","VARCHAR2",4000,"Y"
"CB","CBB_CSDF_STAGECONTRACTS","CODGUARANTEECODE2","VARCHAR2",4000,"Y"
"CB","CBB_CSDF_STAGECONTRACTS","CODGUARANTEECODE3","VARCHAR2",4000,"Y"
"CB","CBB_CSDF_STAGECONTRACTS","CODGUARANTEECODE4","VARCHAR2",4000,"Y"
"CB","CBB_CSDF_STAGECONTRACTS","CODGUARANTEECODE5","VARCHAR2",4000,"Y"
"CB","CBB_CSDF_STAGECONTRACTS","CODGUARANTEECODE6","VARCHAR2",4000,"Y"
"CB","CBB_CSDF_STAGECONTRACTS","CODINSTALLMENTTYPECODE","VARCHAR2",4000,"Y"
"CB","CBB_CSDF_STAGECONTRACTS","CODLOADINGSTATUS","VARCHAR2",4000,"Y"
"CB","CBB_CSDF_STAGECONTRACTS","CODNEWUSEDCODE","VARCHAR2",4000,"Y"
"CB","CBB_CSDF_STAGECONTRACTS","CODNOTETYPECODE","VARCHAR2",4000,"Y"
"CB","CBB_CSDF_STAGECONTRACTS","CODORIGINALCURRENCYCODE","VARCHAR2",4000,"Y"
"CB","CBB_CSDF_STAGECONTRACTS","CODPAYMENTMETHODCODE","VARCHAR2",4000,"Y"
"CB","CBB_CSDF_STAGECONTRACTS","CODPAYMENTPERIODICITYCODE","VARCHAR2",4000,"Y"
"CB","CBB_CSDF_STAGECONTRACTS","CODPROVIDERCODE","VARCHAR2",4000,"Y"
"CB","CBB_CSDF_STAGECONTRACTS","CODPROVIDERCONTRACTCODE","VARCHAR2",4000,"Y"
"CB","CBB_CSDF_STAGECONTRACTS","CODPROVIDERGUARANTEECODE1","VARCHAR2",4000,"Y"
"CB","CBB_CSDF_STAGECONTRACTS","CODPROVIDERGUARANTEECODE2","VARCHAR2",4000,"Y"
"CB","CBB_CSDF_STAGECONTRACTS","CODPROVIDERGUARANTEECODE3","VARCHAR2",4000,"Y"
"CB","CBB_CSDF_STAGECONTRACTS","CODPROVIDERGUARANTEECODE4","VARCHAR2",4000,"Y"
"CB","CBB_CSDF_STAGECONTRACTS","CODPROVIDERGUARANTEECODE5","VARCHAR2",4000,"Y"
"CB","CBB_CSDF_STAGECONTRACTS","CODASSETCODE5","VARCHAR2",4000,"Y"
"CB","CBB_CSDF_STAGECONTRACTS","CODASSETCODE6","VARCHAR2",4000,"Y"
"CB","CBB_CSDF_STAGECONTRACTS","CODASSETQUALITYCLASSCODE","VARCHAR2",4000,"Y"
"CB","CBB_CSDF_STAGECONTRACTS","CODBRANCHCODE","VARCHAR2",4000,"Y"
"CB","CBB_CSDF_STAGECONTRACTS","CODCONTRACTPHASECODE","VARCHAR2",4000,"Y"
"CB","CBB_CSDF_STAGECONTRACTS","CODCONTRACTTYPECODE","VARCHAR2",4000,"Y"
"CB","CBB_CSDF_STAGECONTRACTS","CODCONTRACTSTATUSCODE","VARCHAR2",4000,"Y"
"CB","CBB_CSDF_STAGECONTRACTS","CODCONTROLSTATUS","VARCHAR2",4000,"Y"
"CB","CBB_CSDF_STAGECONTRACTS","CODCREDITSECURITYCODE","VARCHAR2",4000,"Y"
"CB","CBB_CSDF_STAGECONTRACTS","CODCURRENCYCODE","VARCHAR2",4000,"Y"
"CB","CBB_CSDF_STAGECONTRACTS","CODCURRENCYCODE1","VARCHAR2",4000,"Y"
"CB","CBB_CSDF_STAGECONTRACTS","DATVALIDITYSTARTDATE6","VARCHAR2",4000,"Y"
"CB","CBB_CSDF_STAGECONTRACTS","DSCASSETDESC1","VARCHAR2",4000,"Y"
"CB","CBB_CSDF_STAGECONTRACTS","DSCASSETDESC2","VARCHAR2",4000,"Y"
"CB","CBB_CSDF_STAGECONTRACTS","DSCASSETDESC3","VARCHAR2",4000,"Y"
"CB","CBB_CSDF_STAGECONTRACTS","DSCASSETDESC4","VARCHAR2",4000,"Y"
"CB","CBB_CSDF_STAGECONTRACTS","DSCASSETDESC5","VARCHAR2",4000,"Y"
"CB","CBB_CSDF_STAGECONTRACTS","DSCASSETDESC6","VARCHAR2",4000,"Y"
"CB","CBB_CSDF_STAGECONTRACTS","DSCGOODBRANDDESC","VARCHAR2",4000,"Y"
"CB","CBB_CSDF_STAGECONTRACTS","DSCNOTEDESC","VARCHAR2",4000,"Y"
"CB","CBB_CSDF_STAGECONTRACTS","CODFILEVERSIONCODE","VARCHAR2",4000,"Y"
"CB","CBB_CSDF_STAGECONTRACTS","FLGCARDUSED","VARCHAR2",4000,"Y"
"CB","CBB_CSDF_STAGECONTRACTS","NAMGUARANTORNAME1","VARCHAR2",4000,"Y"
"CB","CBB_CSDF_STAGECONTRACTS","NAMGUARANTORNAME2","VARCHAR2",4000,"Y"
"CB","CBB_CSDF_STAGECONTRACTS","NAMGUARANTORNAME3","VARCHAR2",4000,"Y"
"CB","CBB_CSDF_STAGECONTRACTS","NAMGUARANTORNAME4","VARCHAR2",4000,"Y"
"CB","CBB_CSDF_STAGECONTRACTS","NAMGUARANTORNAME5","VARCHAR2",4000,"Y"
"CB","CBB_CSDF_STAGECONTRACTS","NAMGUARANTORNAME6","VARCHAR2",4000,"Y"
"CB","CBB_CSDF_STAGECONTRACTS","NUMINTERESTOVERDUEPAYMENTS","VARCHAR2",4000,"Y"
"CB","CBB_CSDF_STAGECONTRACTS","NUMMINPAYMENTINDICATNUMBER","VARCHAR2",4000,"Y"
"CB","CBB_CSDF_STAGECONTRACTS","NUMMINPAYMENTPERCENTNUMBER","VARCHAR2",4000,"Y"
"CB","CBB_CSDF_STAGECONTRACTS","CODPROVIDERGUARANTEECODE6","VARCHAR2",4000,"Y"
"CB","CBB_CSDF_STAGECONTRACTS","CODRECORDCODE","VARCHAR2",4000,"Y"
"CB","CBB_CSDF_STAGECONTRACTS","CODREORGANIZEDCREDITCODE","VARCHAR2",4000,"Y"
"CB","CBB_CSDF_STAGECONTRACTS","CODSUBJECTCHILDCODE","VARCHAR2",4000,"Y"
"CB","CBB_CSDF_STAGECONTRACTS","CODSUBJECTPARENTCODE","VARCHAR2",4000,"Y"
"CB","CBB_CSDF_STAGECONTRACTS","CODSUBJECTPROVIDERCODE","VARCHAR2",4000,"Y"
"CB","CBB_CSDF_STAGECONTRACTS","CODSUBJECTPROVIDERCODE1","VARCHAR2",4000,"Y"
"CB","CBB_CSDF_STAGECONTRACTS","CODSUBJECTPROVIDERCODE2","VARCHAR2",4000,"Y"
"CB","CBB_CSDF_STAGECONTRACTS","CODSUBJECTPROVIDERCODE3","VARCHAR2",4000,"Y"
"CB","CBB_CSDF_STAGECONTRACTS","CODSUBJECTPROVIDERCODE4","VARCHAR2",4000,"Y"
"CB","CBB_CSDF_STAGECONTRACTS","CODSUBJECTPROVIDERCODE5","VARCHAR2",4000,"Y"
"CB","CBB_CSDF_STAGECONTRACTS","CODSUBJECTPROVIDERCODE6","VARCHAR2",4000,"Y"
"CB","CBB_CSDF_STAGECONTRACTS","CODSUBJECTROLECODE","VARCHAR2",4000,"Y"
"CB","CBB_CSDF_STAGECONTRACTS","CODSUBMISSIONTYPECODE","VARCHAR2",4000,"Y"
"CB","CBB_CSDF_STAGECONTRACTS","CODTHIRDPARTYOWNERSHIPCODE","VARCHAR2",4000,"Y"
"CB","CBB_CSDF_STAGECONTRACTS","CODTOBEPERFORMEDACTIONCODE","VARCHAR2",40,"Y"
"CB","CBB_CSDF_STAGECONTRACTS","CODTYPEOFTERMOFCONTRACTCODE","VARCHAR2",4000,"Y"
"CB","CBB_CSDF_STAGECONTRACTS","DATCONTRACTENDACTUALDATE","VARCHAR2",4000,"Y"
"CB","CBB_CSDF_STAGECONTRACTS","DATCONTRACTENDPLANNEDDATE","VARCHAR2",4000,"Y"
"CB","CBB_CSDF_STAGECONTRACTS","DATCONTRACTREFERENCEDATE","VARCHAR2",4000,"Y"
"CB","CBB_CSDF_STAGECONTRACTS","AMNGOODVALUEAMOUNT","VARCHAR2",4000,"Y"
"CB","CBB_CSDF_STAGECONTRACTS","AMNGUARANTEEDAMOUNT1","VARCHAR2",4000,"Y"
"CB","CBB_CSDF_STAGECONTRACTS","AMNGUARANTEEDAMOUNT2","VARCHAR2",4000,"Y"
"CB","CBB_CSDF_STAGECONTRACTS","AMNGUARANTEEDAMOUNT3","VARCHAR2",4000,"Y"
"CB","CBB_CSDF_STAGECONTRACTS","AMNGUARANTEEDAMOUNT4","VARCHAR2",4000,"Y"
"CB","CBB_CSDF_STAGECONTRACTS","AMNGUARANTEEDAMOUNT5","VARCHAR2",4000,"Y"
"CB","CBB_CSDF_STAGECONTRACTS","AMNGUARANTEEDAMOUNT6","VARCHAR2",4000,"Y"
"CB","CBB_CSDF_STAGECONTRACTS","AMNINTERESTOVERDUEPAYMENTS","VARCHAR2",4000,"Y"
"CB","CBB_CSDF_STAGECONTRACTS","AMNINTERESTRATEAMOUNT","VARCHAR2",4000,"Y"
"CB","CBB_CSDF_STAGECONTRACTS","AMNMONTHLYPAYMENTSAMOUNT","VARCHAR2",4000,"Y"
"CB","CBB_CSDF_STAGECONTRACTS","DATLASTPAYMENTDATE","VARCHAR2",4000,"Y"
"CB","CBB_CSDF_STAGECONTRACTS","DATLUORDERDATE","DATE",7,"Y"
"CB","CBB_CSDF_STAGECONTRACTS","DATMANUFACTURINGDATE","VARCHAR2",4000,"Y"
"CB","CBB_CSDF_STAGECONTRACTS","DATNEXTPAYMENTDATE","VARCHAR2",4000,"Y"
"CB","CBB_CSDF_STAGECONTRACTS","DATVALIDITYENDDATE1","VARCHAR2",4000,"Y"
"CB","CBB_CSDF_STAGECONTRACTS","DATVALIDITYENDDATE2","VARCHAR2",4000,"Y"
"CB","CBB_CSDF_STAGECONTRACTS","DATVALIDITYENDDATE3","VARCHAR2",4000,"Y"
"CB","CBB_CSDF_STAGECONTRACTS","DATVALIDITYENDDATE4","VARCHAR2",4000,"Y"
"CB","CBB_CSDF_STAGECONTRACTS","DATVALIDITYENDDATE5","VARCHAR2",4000,"Y"
"CB","CBB_CSDF_STAGECONTRACTS","DATVALIDITYENDDATE6","VARCHAR2",4000,"Y"
"CB","CBB_CSDF_STAGECONTRACTS","DATVALIDITYSTARTDATE1","VARCHAR2",4000,"Y"
"CB","CBB_CSDF_STAGECONTRACTS","DATVALIDITYSTARTDATE2","VARCHAR2",4000,"Y"
"CB","CBB_CSDF_STAGECONTRACTS","DATVALIDITYSTARTDATE3","VARCHAR2",4000,"Y"
"CB","CBB_CSDF_STAGECONTRACTS","DATVALIDITYSTARTDATE4","VARCHAR2",4000,"Y"
"CB","CBB_CSDF_STAGECONTRACTS_OLD","CODASSETCODE6","VARCHAR2",4000,"Y"
"CB","CBB_CSDF_STAGECONTRACTS_OLD","CODASSETQUALITYCLASSCODE","VARCHAR2",4000,"Y"
"CB","CBB_CSDF_STAGECONTRACTS_OLD","CODBRANCHCODE","VARCHAR2",4000,"Y"
"CB","CBB_CSDF_STAGECONTRACTS_OLD","CODCONTRACTPHASECODE","VARCHAR2",4000,"Y"
"CB","CBB_CSDF_STAGECONTRACTS_OLD","CODCONTRACTTYPECODE","VARCHAR2",4000,"Y"
"CB","CBB_CSDF_STAGECONTRACTS_OLD","CODCONTRACTSTATUSCODE","VARCHAR2",4000,"Y"
"CB","CBB_CSDF_STAGECONTRACTS_OLD","CODCONTROLSTATUS","VARCHAR2",4000,"Y"
"CB","CBB_CSDF_STAGECONTRACTS_OLD","CODCREDITSECURITYCODE","VARCHAR2",4000,"Y"
"CB","CBB_CSDF_STAGECONTRACTS_OLD","CODCURRENCYCODE","VARCHAR2",4000,"Y"
"CB","CBB_CSDF_STAGECONTRACTS_OLD","CODCURRENCYCODE1","VARCHAR2",4000,"Y"
"CB","CBB_CSDF_STAGECONTRACTS_OLD","CODCURRENCYCODE2","VARCHAR2",4000,"Y"
"CB","CBB_CSDF_STAGECONTRACTS_OLD","CODCURRENCYCODE3","VARCHAR2",4000,"Y"
"CB","CBB_CSDF_STAGECONTRACTS_OLD","CODCURRENCYCODE4","VARCHAR2",4000,"Y"
"CB","CBB_CSDF_STAGECONTRACTS_OLD","CODCURRENCYCODE5","VARCHAR2",4000,"Y"
"CB","CBB_CSDF_STAGECONTRACTS_OLD","CODCURRENCYCODE6","VARCHAR2",4000,"Y"
"CB","CBB_CSDF_STAGECONTRACTS_OLD","CODDAYSPASTDUECODE","VARCHAR2",4000,"Y"
"CB","CBB_CSDF_STAGECONTRACTS_OLD","CODGOODTYPECODE","VARCHAR2",4000,"Y"
"CB","CBB_CSDF_STAGECONTRACTS_OLD","CODGUARANCUSTOMERTYPECODE1","VARCHAR2",4000,"Y"
"CB","CBB_CSDF_STAGECONTRACTS_OLD","CODGUARANCUSTOMERTYPECODE2","VARCHAR2",4000,"Y"
"CB","CBB_CSDF_STAGECONTRACTS_OLD","CODGUARANCUSTOMERTYPECODE3","VARCHAR2",4000,"Y"
"CB","CBB_CSDF_STAGECONTRACTS_OLD","CODPROVIDERGUARANTEECODE2","VARCHAR2",4000,"Y"
"CB","CBB_CSDF_STAGECONTRACTS_OLD","CODPROVIDERGUARANTEECODE3","VARCHAR2",4000,"Y"
"CB","CBB_CSDF_STAGECONTRACTS_OLD","CODPROVIDERGUARANTEECODE4","VARCHAR2",4000,"Y"
"CB","CBB_CSDF_STAGECONTRACTS_OLD","CODPROVIDERGUARANTEECODE5","VARCHAR2",4000,"Y"
"CB","CBB_CSDF_STAGECONTRACTS_OLD","CODPROVIDERGUARANTEECODE6","VARCHAR2",4000,"Y"
"CB","CBB_CSDF_STAGECONTRACTS_OLD","DATFILEREFERENCEDATE","VARCHAR2",4000,"Y"
"CB","CBB_CSDF_STAGECONTRACTS_OLD","DATFIRSTPAYMENTDATE","VARCHAR2",4000,"Y"
"CB","CBB_CSDF_STAGECONTRACTS_OLD","DATINSERTIONNOTEDATE","VARCHAR2",4000,"Y"
"CB","CBB_CSDF_STAGECONTRACTS_OLD","DATLASTCHARGEDATE","VARCHAR2",4000,"Y"
"CB","CBB_CSDF_STAGECONTRACTS_OLD","DATLASTPAYMENTDATE","VARCHAR2",4000,"Y"
"CB","CBB_CSDF_STAGECONTRACTS_OLD","DATLUORDERDATE","DATE",7,"Y"
"CB","CBB_CSDF_STAGECONTRACTS_OLD","DATMANUFACTURINGDATE","VARCHAR2",4000,"Y"
"CB","CBB_CSDF_STAGECONTRACTS_OLD","DATNEXTPAYMENTDATE","VARCHAR2",4000,"Y"
"CB","CBB_CSDF_STAGECONTRACTS_OLD","DATVALIDITYENDDATE1","VARCHAR2",4000,"Y"
"CB","CBB_CSDF_STAGECONTRACTS_OLD","DATVALIDITYENDDATE2","VARCHAR2",4000,"Y"
"CB","CBB_CSDF_STAGECONTRACTS_OLD","DATVALIDITYENDDATE3","VARCHAR2",4000,"Y"
"CB","CBB_CSDF_STAGECONTRACTS_OLD","DATVALIDITYENDDATE4","VARCHAR2",4000,"Y"
"CB","CBB_CSDF_STAGECONTRACTS_OLD","DATVALIDITYENDDATE5","VARCHAR2",4000,"Y"
"CB","CBB_CSDF_STAGECONTRACTS_OLD","DATVALIDITYENDDATE6","VARCHAR2",4000,"Y"
"CB","CBB_CSDF_STAGECONTRACTS_OLD","DATVALIDITYSTARTDATE1","VARCHAR2",4000,"Y"
"CB","CBB_CSDF_STAGECONTRACTS_OLD","DATVALIDITYSTARTDATE2","VARCHAR2",4000,"Y"
"CB","CBB_CSDF_STAGECONTRACTS_OLD","DATVALIDITYSTARTDATE3","VARCHAR2",4000,"Y"
"CB","CBB_CSDF_STAGECONTRACTS_OLD","DATVALIDITYSTARTDATE4","VARCHAR2",4000,"Y"
"CB","CBB_CSDF_STAGECONTRACTS_OLD","DATVALIDITYSTARTDATE5","VARCHAR2",4000,"Y"
"CB","CBB_CSDF_STAGECONTRACTS_OLD","DATVALIDITYSTARTDATE6","VARCHAR2",4000,"Y"
"CB","CBB_CSDF_STAGECONTRACTS_OLD","NUMOUTSTANDPAYMENTSNUMBER","VARCHAR2",4000,"Y"
"CB","CBB_CSDF_STAGECONTRACTS_OLD","NUMOVERDUEPAYMENTSNUMBER","VARCHAR2",4000,"Y"
"CB","CBB_CSDF_STAGECONTRACTS_OLD","NUMPRINCIPALOVERDUEPAYMENTS","VARCHAR2",4000,"Y"
"CB","CBB_CSDF_STAGECONTRACTS_OLD","NUMREGISTRATIONNUMBER","VARCHAR2",4000,"Y"
"CB","CBB_CSDF_STAGECONTRACTS_OLD","NUMSERVICESLINESNUMBER","VARCHAR2",4000,"Y"
"CB","CBB_CSDF_STAGECONTRACTS_OLD","NUMTIMESCARDUSEDNUMBER","VARCHAR2",4000,"Y"
"CB","CBB_CSDF_STAGECONTRACTS_OLD","NUMTOTALINSTALLMENTSNUMBER","VARCHAR2",4000,"Y"
"CB","CBB_CSDF_STAGECONTRACTS_OLD","AMNGUARANTEEDAMOUNT2","VARCHAR2",4000,"Y"
"CB","CBB_CSDF_STAGECONTRACTS_OLD","AMNGUARANTEEDAMOUNT3","VARCHAR2",4000,"Y"
"CB","CBB_CSDF_STAGECONTRACTS_OLD","AMNGUARANTEEDAMOUNT4","VARCHAR2",4000,"Y"
"CB","CBB_CSDF_STAGECONTRACTS_OLD","AMNGUARANTEEDAMOUNT5","VARCHAR2",4000,"Y"
"CB","CBB_CSDF_STAGECONTRACTS_OLD","AMNGUARANTEEDAMOUNT6","VARCHAR2",4000,"Y"
"CB","CBB_CSDF_STAGECONTRACTS_OLD","AMNINTERESTOVERDUEPAYMENTS","VARCHAR2",4000,"Y"
"CB","CBB_CSDF_STAGECONTRACTS_OLD","AMNMONTHLYPAYMENTSAMOUNT","VARCHAR2",4000,"Y"
"CB","CBB_CSDF_STAGECONTRACTS_OLD","AMNNEXTPAYMENTAMOUNT","VARCHAR2",4000,"Y"
"CB","CBB_CSDF_STAGECONTRACTS_OLD","AMNOUTSTANDBALANCEAMOUNT","VARCHAR2",4000,"Y"
"CB","CBB_CSDF_STAGECONTRACTS_OLD","AMNOVERDUEPAYMENTSAMOUNT","VARCHAR2",4000,"Y"
"CB","CBB_CSDF_STAGECONTRACTS_OLD","AMNPRINCIPALOVERDUEPAYMENTS","VARCHAR2",4000,"Y"
"CB","CBB_CSDF_STAGECONTRACTS_OLD","AMNUTILIZATIONAMOUNT","VARCHAR2",4000,"Y"
"CB","CBB_CSDF_STAGECONTRACTS_OLD","CODACTIONCODE","VARCHAR2",4000,"Y"
"CB","CBB_CSDF_STAGECONTRACTS_OLD","CODASSETCODE1","VARCHAR2",4000,"Y"
"CB","CBB_CSDF_STAGECONTRACTS_OLD","CODASSETCODE2","VARCHAR2",4000,"Y"
"CB","CBB_CSDF_STAGECONTRACTS_OLD","CODASSETCODE3","VARCHAR2",4000,"Y"
"CB","CBB_CSDF_STAGECONTRACTS_OLD","CODASSETCODE4","VARCHAR2",4000,"Y"
"CB","CBB_CSDF_STAGECONTRACTS_OLD","CODASSETCODE5","VARCHAR2",4000,"Y"
"CB","CBB_CSDF_STAGECONTRACTS_OLD","CODGUARANCUSTOMERTYPECODE4","VARCHAR2",4000,"Y"
"CB","CBB_CSDF_STAGECONTRACTS_OLD","CODGUARANCUSTOMERTYPECODE5","VARCHAR2",4000,"Y"
"CB","CBB_CSDF_STAGECONTRACTS_OLD","CODGUARANCUSTOMERTYPECODE6","VARCHAR2",4000,"Y"
"CB","CBB_CSDF_STAGECONTRACTS_OLD","CODGUARANTEECODE1","VARCHAR2",4000,"Y"
"CB","CBB_CSDF_STAGECONTRACTS_OLD","CODGUARANTEECODE2","VARCHAR2",4000,"Y"
"CB","CBB_CSDF_STAGECONTRACTS_OLD","CODGUARANTEECODE3","VARCHAR2",4000,"Y"
"CB","CBB_CSDF_STAGECONTRACTS_OLD","CODGUARANTEECODE4","VARCHAR2",4000,"Y"
"CB","CBB_CSDF_STAGECONTRACTS_OLD","CODGUARANTEECODE5","VARCHAR2",4000,"Y"
"CB","CBB_CSDF_STAGECONTRACTS_OLD","CODGUARANTEECODE6","VARCHAR2",4000,"Y"
"CB","CBB_CSDF_STAGECONTRACTS_OLD","CODINSTALLMENTTYPECODE","VARCHAR2",4000,"Y"
"CB","CBB_CSDF_STAGECONTRACTS_OLD","CODLOADINGSTATUS","VARCHAR2",4000,"Y"
"CB","CBB_CSDF_STAGECONTRACTS_OLD","CODNEWUSEDCODE","VARCHAR2",4000,"Y"
"CB","CBB_CSDF_STAGECONTRACTS_OLD","CODNOTETYPECODE","VARCHAR2",4000,"Y"
"CB","CBB_CSDF_STAGECONTRACTS_OLD","CODORIGINALCURRENCYCODE","VARCHAR2",4000,"Y"
"CB","CBB_CSDF_STAGECONTRACTS_OLD","CODPAYMENTMETHODCODE","VARCHAR2",4000,"Y"
"CB","CBB_CSDF_STAGECONTRACTS_OLD","CODPAYMENTPERIODICITYCODE","VARCHAR2",4000,"Y"
"CB","CBB_CSDF_STAGECONTRACTS_OLD","CODPROVIDERCODE","VARCHAR2",4000,"Y"
"CB","CBB_CSDF_STAGECONTRACTS_OLD","CODPROVIDERCONTRACTCODE","VARCHAR2",4000,"Y"
"CB","CBB_CSDF_STAGECONTRACTS_OLD","CODPROVIDERGUARANTEECODE1","VARCHAR2",4000,"Y"
"CB","CBB_CSDF_STAGECONTRACTS_OLD","AMNCREDITLIMITAMOUNT","VARCHAR2",4000,"Y"
"CB","CBB_CSDF_STAGECONTRACTS_OLD","AMNFINANCEDAMOUNT","VARCHAR2",4000,"Y"
"CB","CBB_CSDF_STAGECONTRACTS_OLD","AMNGOODVALUEAMOUNT","VARCHAR2",4000,"Y"
"CB","CBB_CSDF_STAGECONTRACTS_OLD","AMNGUARANTEEDAMOUNT1","VARCHAR2",4000,"Y"
"CB","CBB_CSDF_STAGECONTRACTS_OLD","CODRECORDCODE","VARCHAR2",4000,"Y"
"CB","CBB_CSDF_STAGECONTRACTS_OLD","CODREORGANIZEDCREDITCODE","VARCHAR2",4000,"Y"
"CB","CBB_CSDF_STAGECONTRACTS_OLD","CODSUBJECTCHILDCODE","VARCHAR2",4000,"Y"
"CB","CBB_CSDF_STAGECONTRACTS_OLD","CODSUBJECTPARENTCODE","VARCHAR2",4000,"Y"
"CB","CBB_CSDF_STAGECONTRACTS_OLD","CODSUBJECTPROVIDERCODE","VARCHAR2",4000,"Y"
"CB","CBB_CSDF_STAGECONTRACTS_OLD","CODSUBJECTPROVIDERCODE1","VARCHAR2",4000,"Y"
"CB","CBB_CSDF_STAGECONTRACTS_OLD","CODSUBJECTPROVIDERCODE2","VARCHAR2",4000,"Y"
"CB","CBB_CSDF_STAGECONTRACTS_OLD","CODSUBJECTPROVIDERCODE3","VARCHAR2",4000,"Y"
"CB","CBB_CSDF_STAGECONTRACTS_OLD","CODSUBJECTPROVIDERCODE4","VARCHAR2",4000,"Y"
"CB","CBB_CSDF_STAGECONTRACTS_OLD","CODSUBJECTPROVIDERCODE5","VARCHAR2",4000,"Y"
"CB","CBB_CSDF_STAGECONTRACTS_OLD","CODSUBJECTPROVIDERCODE6","VARCHAR2",4000,"Y"
"CB","CBB_CSDF_STAGECONTRACTS_OLD","CODSUBJECTROLECODE","VARCHAR2",4000,"Y"
"CB","CBB_CSDF_STAGECONTRACTS_OLD","CODSUBMISSIONTYPECODE","VARCHAR2",4000,"Y"
"CB","CBB_CSDF_STAGECONTRACTS_OLD","CODTHIRDPARTYOWNERSHIPCODE","VARCHAR2",4000,"Y"
"CB","CBB_CSDF_STAGECONTRACTS_OLD","CODTOBEPERFORMEDACTIONCODE","VARCHAR2",40,"Y"
"CB","CBB_CSDF_STAGECONTRACTS_OLD","CODTYPEOFTERMOFCONTRACTCODE","VARCHAR2",4000,"Y"
"CB","CBB_CSDF_STAGECONTRACTS_OLD","DATCONTRACTENDACTUALDATE","VARCHAR2",4000,"Y"
"CB","CBB_CSDF_STAGECONTRACTS_OLD","DATCONTRACTENDPLANNEDDATE","VARCHAR2",4000,"Y"
"CB","CBB_CSDF_STAGECONTRACTS_OLD","DATCONTRACTREFERENCEDATE","VARCHAR2",4000,"Y"
"CB","CBB_CSDF_STAGECONTRACTS_OLD","DATCONTRACTREQUESTDATE","VARCHAR2",4000,"Y"
"CB","CBB_CSDF_STAGECONTRACTS_OLD","DATCONTRACTSTARTDATE","VARCHAR2",4000,"Y"
"CB","CBB_CSDF_STAGECONTRACTS_OLD","DSCASSETDESC1","VARCHAR2",4000,"Y"
"CB","CBB_CSDF_STAGECONTRACTS_OLD","DSCASSETDESC2","VARCHAR2",4000,"Y"
"CB","CBB_CSDF_STAGECONTRACTS_OLD","DSCASSETDESC3","VARCHAR2",4000,"Y"
"CB","CBB_CSDF_STAGECONTRACTS_OLD","DSCASSETDESC4","VARCHAR2",4000,"Y"
"CB","CBB_CSDF_STAGECONTRACTS_OLD","DSCASSETDESC5","VARCHAR2",4000,"Y"
"CB","CBB_CSDF_STAGECONTRACTS_OLD","DSCASSETDESC6","VARCHAR2",4000,"Y"
"CB","CBB_CSDF_STAGECONTRACTS_OLD","DSCGOODBRANDDESC","VARCHAR2",4000,"Y"
"CB","CBB_CSDF_STAGECONTRACTS_OLD","DSCNOTEDESC","VARCHAR2",4000,"Y"
"CB","CBB_CSDF_STAGECONTRACTS_OLD","CODFILEVERSIONCODE","VARCHAR2",4000,"Y"
"CB","CBB_CSDF_STAGECONTRACTS_OLD","FLGCARDUSED","VARCHAR2",4000,"Y"
"CB","CBB_CSDF_STAGECONTRACTS_OLD","NAMGUARANTORNAME1","VARCHAR2",4000,"Y"
"CB","CBB_CSDF_STAGECONTRACTS_OLD","NAMGUARANTORNAME2","VARCHAR2",4000,"Y"
"CB","CBB_CSDF_STAGECONTRACTS_OLD","NAMGUARANTORNAME3","VARCHAR2",4000,"Y"
"CB","CBB_CSDF_STAGECONTRACTS_OLD","NAMGUARANTORNAME4","VARCHAR2",4000,"Y"
"CB","CBB_CSDF_STAGECONTRACTS_OLD","NAMGUARANTORNAME5","VARCHAR2",4000,"Y"
"CB","CBB_CSDF_STAGECONTRACTS_OLD","NAMGUARANTORNAME6","VARCHAR2",4000,"Y"
"CB","CBB_CSDF_STAGECONTRACTS_OLD","NUMINTERESTOVERDUEPAYMENTS","VARCHAR2",4000,"Y"
"CB","CBB_CSDF_STAGECONTRACTS_OLD","NUMMINPAYMENTINDICATNUMBER","VARCHAR2",4000,"Y"
"CB","CBB_CSDF_STAGECONTRACTS_OLD","NUMMINPAYMENTPERCENTNUMBER","VARCHAR2",4000,"Y"
"CB","CBB_CSDF_STAGECONTRACTS_OLD","AMNINTERESTRATEAMOUNT","VARCHAR2",4000,"Y"
"CB","CBB_CSDF_STAGECONTRACTS_OLD","RECORDUID","RAW",16,"N"
"CB","CBB_CSDF_STAGECONTRACTS_OLD","FLOWUID","RAW",16,"N"
"CB","CBB_CSDF_STAGECONTRACTS_OLD","PHASEUID","RAW",16,"N"
"CB","CBB_CSDF_STAGECONTRACTS_OLD","LOGICALUNITID","NUMBER",22,"N"
"CB","CBB_CSDF_STAGECONTRACTS_OLD","LOGICALUNITORDER","NUMBER",22,"N"
"CB","CBB_CSDF_STAGECONTRACTS_OLD","LOGICALUNITINDEX","NUMBER",22,"N"
"CB","CBB_CSDF_STAGECONTRACTS_OLD","RECORDSTATUS","VARCHAR2",4000,"N"
"CB","CBB_CSDF_STAGECONTRACTS_OLD","TIMESTAMPSTART","TIMESTAMP(6)",11,"N"
"CB","CBB_CSDF_STAGECONTRACTS_OLD","TIMESTAMPEND","TIMESTAMP(6)",11,"Y"
"CB","CBB_CSDF_STAGECONTRACTS_OLD","AMNBILLEDAMOUNT","VARCHAR2",4000,"Y"
"CB","CBB_CSDF_STAGECONTRACTS_OLD","AMNCHARGEDAMOUNT","VARCHAR2",4000,"Y"
"CB","CBB_CSDF_STAGESUBJECTS","NAMTRADENAME","VARCHAR2",4000,"Y"
"CB","CBB_CSDF_STAGESUBJECTS","NAMTRADENAMEST","VARCHAR2",4000,"Y"
"CB","CBB_CSDF_STAGESUBJECTS","CODBIRTHCOUNTRYCODE","VARCHAR2",4000,"Y"
"CB","CBB_CSDF_STAGESUBJECTS","CODBRANCHCODE","VARCHAR2",4000,"Y"
"CB","CBB_CSDF_STAGESUBJECTS","CODCONTACTCODE1","VARCHAR2",4000,"Y"
"CB","CBB_CSDF_STAGESUBJECTS","CODCONTACTCODE2","VARCHAR2",4000,"Y"
"CB","CBB_CSDF_STAGESUBJECTS","CODCONTACTSTCODE1","VARCHAR2",4000,"Y"
"CB","CBB_CSDF_STAGESUBJECTS","CODCONTACTSTCODE2","VARCHAR2",4000,"Y"
"CB","CBB_CSDF_STAGESUBJECTS","CODCONTACTTYPECODE1","VARCHAR2",4000,"Y"
"CB","CBB_CSDF_STAGESUBJECTS","CODCONTACTTYPECODE2","VARCHAR2",4000,"Y"
"CB","CBB_CSDF_STAGESUBJECTS","CODCONTACTTYPESTCODE1","VARCHAR2",4000,"Y"
"CB","CBB_CSDF_STAGESUBJECTS","CODCONTACTTYPESTCODE2","VARCHAR2",4000,"Y"
"CB","CBB_CSDF_STAGESUBJECTS","CODCONTROLSTATUS","VARCHAR2",4000,"Y"
"CB","CBB_CSDF_STAGESUBJECTS","CODCOUNTRYCODE1","VARCHAR2",4000,"Y"
"CB","CBB_CSDF_STAGESUBJECTS","CODCOUNTRYCODE2","VARCHAR2",4000,"Y"
"CB","CBB_CSDF_STAGESUBJECTS","CODCOUNTRYSTCODE1","VARCHAR2",4000,"Y"
"CB","CBB_CSDF_STAGESUBJECTS","CODCOUNTRYSTCODE2","VARCHAR2",4000,"Y"
"CB","CBB_CSDF_STAGESUBJECTS","CODCURRENCYCODE","VARCHAR2",4000,"Y"
"CB","CBB_CSDF_STAGESUBJECTS","CODECONOMICACTIVITYCODE","VARCHAR2",4000,"Y"
"CB","CBB_CSDF_STAGESUBJECTS","CODGENDERCODE","VARCHAR2",4000,"Y"
"CB","CBB_CSDF_STAGESUBJECTS","CODIDENTIFNUMBERCODE1","VARCHAR2",4000,"Y"
"CB","CBB_CSDF_STAGESUBJECTS","CODIDENTIFNUMBERCODE2","VARCHAR2",4000,"Y"
"CB","CBB_CSDF_STAGESUBJECTS","CODIDENTIFNUMSTCODE1","VARCHAR2",4000,"Y"
"CB","CBB_CSDF_STAGESUBJECTS","CODIDENTIFNUMSTCODE2","VARCHAR2",4000,"Y"
"CB","CBB_CSDF_STAGESUBJECTS","CODIDENTIFTCODETYPE1","VARCHAR2",4000,"Y"
"CB","CBB_CSDF_STAGESUBJECTS","CODIDTYPECODE1","VARCHAR2",4000,"Y"
"CB","CBB_CSDF_STAGESUBJECTS","CODIDTYPECODE2","VARCHAR2",4000,"Y"
"CB","CBB_CSDF_STAGESUBJECTS","CODISSUECOUNTRYCODE1","VARCHAR2",4000,"Y"
"CB","CBB_CSDF_STAGESUBJECTS","CODISSUECOUNTRYCODE2","VARCHAR2",4000,"Y"
"CB","CBB_CSDF_STAGESUBJECTS","CODLEGALFORMCODE","VARCHAR2",4000,"Y"
"CB","CBB_CSDF_STAGESUBJECTS","CODLOADINGSTATUS","VARCHAR2",4000,"Y"
"CB","CBB_CSDF_STAGESUBJECTS","CODMARITALSTATUSCODE","VARCHAR2",4000,"Y"
"CB","CBB_CSDF_STAGESUBJECTS","CODNUMBEROFEMPLOYEESCODE","VARCHAR2",4000,"Y"
"CB","CBB_CSDF_STAGESUBJECTS","CODOCCUPATIONSTATUSCODE","VARCHAR2",4000,"Y"
"CB","CBB_CSDF_STAGESUBJECTS","CODPOSTALCODE1","VARCHAR2",4000,"Y"
"CB","CBB_CSDF_STAGESUBJECTS","CODPOSTALCODE2","VARCHAR2",4000,"Y"
"CB","CBB_CSDF_STAGESUBJECTS","CODPOSTALSTCODE1","VARCHAR2",4000,"Y"
"CB","CBB_CSDF_STAGESUBJECTS","CODPOSTALSTCODE2","VARCHAR2",4000,"Y"
"CB","CBB_CSDF_STAGESUBJECTS","CODPROVIDERCODE","VARCHAR2",4000,"Y"
"CB","CBB_CSDF_STAGESUBJECTS","CODRECORDCODE","VARCHAR2",4000,"Y"
"CB","CBB_CSDF_STAGESUBJECTS","CODSUBJECTPROVIDERCODE","VARCHAR2",4000,"Y"
"CB","CBB_CSDF_STAGESUBJECTS","CODSUBMISSIONTYPECODE","VARCHAR2",4000,"Y"
"CB","CBB_CSDF_STAGESUBJECTS","DATBIRTHDATE","VARCHAR2",4000,"Y"
"CB","CBB_CSDF_STAGESUBJECTS","DATESTABLISHMENTDATE","VARCHAR2",4000,"Y"
"CB","CBB_CSDF_STAGESUBJECTS","CODIDENTIFTCODETYPE2","VARCHAR2",4000,"Y"
"CB","CBB_CSDF_STAGESUBJECTS","CODIDENTIFTSTCODETYPE1","VARCHAR2",4000,"Y"
"CB","CBB_CSDF_STAGESUBJECTS","CODIDENTIFTSTCODETYPE2","VARCHAR2",4000,"Y"
"CB","CBB_CSDF_STAGESUBJECTS","CODIDNUMBERCODE1","VARCHAR2",4000,"Y"
"CB","CBB_CSDF_STAGESUBJECTS","CODIDNUMBERCODE2","VARCHAR2",4000,"Y"
"CB","CBB_CSDF_STAGESUBJECTS","DATEXPIRYDATE1","VARCHAR2",4000,"Y"
"CB","CBB_CSDF_STAGESUBJECTS","DATEXPIRYDATE2","VARCHAR2",4000,"Y"
"CB","CBB_CSDF_STAGESUBJECTS","DATFILEREFERENCEDATE","VARCHAR2",4000,"Y"
"CB","CBB_CSDF_STAGESUBJECTS","DATHIREDDATEFROM","VARCHAR2",4000,"Y"
"CB","CBB_CSDF_STAGESUBJECTS","DATHIREDDATETO","VARCHAR2",4000,"Y"
"CB","CBB_CSDF_STAGESUBJECTS","DATISSUEDATE1","VARCHAR2",4000,"Y"
"CB","CBB_CSDF_STAGESUBJECTS","DATISSUEDATE2","VARCHAR2",4000,"Y"
"CB","CBB_CSDF_STAGESUBJECTS","DATOCCUPIEDSINCEDATE1","VARCHAR2",4000,"Y"
"CB","CBB_CSDF_STAGESUBJECTS","DATOCCUPIEDSINCEDATE2","VARCHAR2",4000,"Y"
"CB","CBB_CSDF_STAGESUBJECTS","DATOCCUPIEDSINCESTDATE1","VARCHAR2",4000,"Y"
"CB","CBB_CSDF_STAGESUBJECTS","DATOCCUPIEDSINCESTDATE2","VARCHAR2",4000,"Y"
"CB","CBB_CSDF_STAGESUBJECTS","DATSUBJECTREFERENCEDATE","VARCHAR2",4000,"Y"
"CB","CBB_CSDF_STAGESUBJECTS","DSCOCCUPATIONDESC","VARCHAR2",4000,"Y"
"CB","CBB_CSDF_STAGESUBJECTS","CODFILEVERSIONCODE","VARCHAR2",4000,"Y"
"CB","CBB_CSDF_STAGESUBJECTS","NAMBIRTHPLACENAME","VARCHAR2",4000,"Y"
"CB","CBB_CSDF_STAGESUBJECTS","NAMCITYNAME1","VARCHAR2",4000,"Y"
"CB","CBB_CSDF_STAGESUBJECTS","NAMCITYNAME2","VARCHAR2",4000,"Y"
"CB","CBB_CSDF_STAGESUBJECTS","NAMCITYSTNAME1","VARCHAR2",4000,"Y"
"CB","CBB_CSDF_STAGESUBJECTS","NAMCITYSTNAME2","VARCHAR2",4000,"Y"
"CB","CBB_CSDF_STAGESUBJECTS","NAMDISTRICTNAME1","VARCHAR2",4000,"Y"
"CB","CBB_CSDF_STAGESUBJECTS","NAMDISTRICTNAME2","VARCHAR2",4000,"Y"
"CB","CBB_CSDF_STAGESUBJECTS","NAMDISTRICTSTNAME1","VARCHAR2",4000,"Y"
"CB","CBB_CSDF_STAGESUBJECTS","NAMDISTRICTSTNAME2","VARCHAR2",4000,"Y"
"CB","CBB_CSDF_STAGESUBJECTS","NAMFIRSTNAME","VARCHAR2",4000,"Y"
"CB","CBB_CSDF_STAGESUBJECTS","NAMFULLADDRESSNAME1","VARCHAR2",4000,"Y"
"CB","CBB_CSDF_STAGESUBJECTS","NAMFULLADDRESSNAME2","VARCHAR2",4000,"Y"
"CB","CBB_CSDF_STAGESUBJECTS","NAMFULLADDRESSSTNAME1","VARCHAR2",4000,"Y"
"CB","CBB_CSDF_STAGESUBJECTS","NAMFULLADDRESSSTNAME2","VARCHAR2",4000,"Y"
"CB","CBB_CSDF_STAGESUBJECTS","NAMFULLNAME","VARCHAR2",4000,"Y"
"CB","CBB_CSDF_STAGESUBJECTS","NAMLASTNAME","VARCHAR2",4000,"Y"
"CB","CBB_CSDF_STAGESUBJECTS","NAMORIGINALLASTNAME","VARCHAR2",4000,"Y"
"CB","CBB_CSDF_STAGESUBJECTS","NAMPATRONYMICNAME","VARCHAR2",4000,"Y"
"CB","CBB_CSDF_STAGESUBJECTS","RECORDUID","RAW",16,"N"
"CB","CBB_CSDF_STAGESUBJECTS","FLOWUID","RAW",16,"N"
"CB","CBB_CSDF_STAGESUBJECTS","PHASEUID","RAW",16,"N"
"CB","CBB_CSDF_STAGESUBJECTS","LOGICALUNITID","NUMBER",22,"N"
"CB","CBB_CSDF_STAGESUBJECTS","LOGICALUNITORDER","NUMBER",22,"N"
"CB","CBB_CSDF_STAGESUBJECTS","LOGICALUNITINDEX","NUMBER",22,"N"
"CB","CBB_CSDF_STAGESUBJECTS","RECORDSTATUS","VARCHAR2",4000,"N"
"CB","CBB_CSDF_STAGESUBJECTS","TIMESTAMPSTART","TIMESTAMP(6)",11,"N"
"CB","CBB_CSDF_STAGESUBJECTS","TIMESTAMPEND","TIMESTAMP(6)",11,"Y"
"CB","CBB_CSDF_STAGESUBJECTS","AMNGROSSINCOMEAMOUNT","VARCHAR2",4000,"Y"
"CB","CBB_CSDF_STAGESUBJECTS","AMNMONTHLYEXPENSESAMOUNT","VARCHAR2",4000,"Y"
"CB","CBB_CSDF_STAGESUBJECTS","AMNNETTAXABLEINCOMEAMOUNT","VARCHAR2",4000,"Y"
"CB","CBB_CSDF_STAGESUBJECTS","CODACTIONCODE","VARCHAR2",4000,"Y"
"CB","CBB_CSDF_STAGESUBJECTS","CODADDRESSTYPECODE1","VARCHAR2",4000,"Y"
"CB","CBB_CSDF_STAGESUBJECTS","CODADDRESSTYPECODE2","VARCHAR2",4000,"Y"
"CB","CBB_CSDF_STAGESUBJECTS","CODADDRESSTYPESTCODE1","VARCHAR2",4000,"Y"
"CB","CBB_CSDF_STAGESUBJECTS","CODADDRESSTYPESTCODE2","VARCHAR2",4000,"Y"
"CB","CBB_CSDF_STAGESUBJECTS","NAMREGIONNAME1","VARCHAR2",4000,"Y"
"CB","CBB_CSDF_STAGESUBJECTS","NAMREGIONNAME2","VARCHAR2",4000,"Y"
"CB","CBB_CSDF_STAGESUBJECTS","NAMREGIONSTNAME1","VARCHAR2",4000,"Y"
"CB","CBB_CSDF_STAGESUBJECTS","NAMREGIONSTNAME2","VARCHAR2",4000,"Y"
"CB","CBB_CSDF_STAGESUBJECTS","NAMREGISTRATIONPLACE","VARCHAR2",4000,"Y"
"CB","CBB_CSDF_STAGESUBJECTS","NAMSHORTCOMPANYNAME","VARCHAR2",4000,"Y"
"CB","CBB_CSDF_STAGESUBJECTS","NAMSTREETNAME1","VARCHAR2",4000,"Y"
"CB","CBB_CSDF_STAGESUBJECTS","NAMSTREETNAME2","VARCHAR2",4000,"Y"
"CB","CBB_CSDF_STAGESUBJECTS","NAMSTREETSTNAME1","VARCHAR2",4000,"Y"
"CB","CBB_CSDF_STAGESUBJECTS","NAMSTREETSTNAME2","VARCHAR2",4000,"Y"
"CB","CBB_CSDF_STAGESUBJECTS_OLD","RECORDUID","RAW",16,"N"
"CB","CBB_CSDF_STAGESUBJECTS_OLD","FLOWUID","RAW",16,"N"
"CB","CBB_CSDF_STAGESUBJECTS_OLD","PHASEUID","RAW",16,"N"
"CB","CBB_CSDF_STAGESUBJECTS_OLD","LOGICALUNITID","NUMBER",22,"N"
"CB","CBB_CSDF_STAGESUBJECTS_OLD","LOGICALUNITORDER","NUMBER",22,"N"
"CB","CBB_CSDF_STAGESUBJECTS_OLD","LOGICALUNITINDEX","NUMBER",22,"N"
"CB","CBB_CSDF_STAGESUBJECTS_OLD","RECORDSTATUS","VARCHAR2",4000,"N"
"CB","CBB_CSDF_STAGESUBJECTS_OLD","TIMESTAMPSTART","TIMESTAMP(6)",11,"N"
"CB","CBB_CSDF_STAGESUBJECTS_OLD","TIMESTAMPEND","TIMESTAMP(6)",11,"Y"
"CB","CBB_CSDF_STAGESUBJECTS_OLD","AMNGROSSINCOMEAMOUNT","VARCHAR2",4000,"Y"
"CB","CBB_CSDF_STAGESUBJECTS_OLD","AMNMONTHLYEXPENSESAMOUNT","VARCHAR2",4000,"Y"
"CB","CBB_CSDF_STAGESUBJECTS_OLD","AMNNETTAXABLEINCOMEAMOUNT","VARCHAR2",4000,"Y"
"CB","CBB_CSDF_STAGESUBJECTS_OLD","CODACTIONCODE","VARCHAR2",4000,"Y"
"CB","CBB_CSDF_STAGESUBJECTS_OLD","CODADDRESSTYPECODE1","VARCHAR2",4000,"Y"
"CB","CBB_CSDF_STAGESUBJECTS_OLD","CODADDRESSTYPECODE2","VARCHAR2",4000,"Y"
"CB","CBB_CSDF_STAGESUBJECTS_OLD","CODSUBJECTPROVIDERCODE","VARCHAR2",4000,"Y"
"CB","CBB_CSDF_STAGESUBJECTS_OLD","CODSUBMISSIONTYPECODE","VARCHAR2",4000,"Y"
"CB","CBB_CSDF_STAGESUBJECTS_OLD","DATBIRTHDATE","VARCHAR2",4000,"Y"
"CB","CBB_CSDF_STAGESUBJECTS_OLD","DATESTABLISHMENTDATE","VARCHAR2",4000,"Y"
"CB","CBB_CSDF_STAGESUBJECTS_OLD","DATEXPIRYDATE1","VARCHAR2",4000,"Y"
"CB","CBB_CSDF_STAGESUBJECTS_OLD","DATEXPIRYDATE2","VARCHAR2",4000,"Y"
"CB","CBB_CSDF_STAGESUBJECTS_OLD","DATFILEREFERENCEDATE","VARCHAR2",4000,"Y"
"CB","CBB_CSDF_STAGESUBJECTS_OLD","DATHIREDDATEFROM","VARCHAR2",4000,"Y"
"CB","CBB_CSDF_STAGESUBJECTS_OLD","DATHIREDDATETO","VARCHAR2",4000,"Y"
"CB","CBB_CSDF_STAGESUBJECTS_OLD","DATISSUEDATE1","VARCHAR2",4000,"Y"
"CB","CBB_CSDF_STAGESUBJECTS_OLD","DATISSUEDATE2","VARCHAR2",4000,"Y"
"CB","CBB_CSDF_STAGESUBJECTS_OLD","DATOCCUPIEDSINCEDATE1","VARCHAR2",4000,"Y"
"CB","CBB_CSDF_STAGESUBJECTS_OLD","DATOCCUPIEDSINCEDATE2","VARCHAR2",4000,"Y"
"CB","CBB_CSDF_STAGESUBJECTS_OLD","DATOCCUPIEDSINCESTDATE1","VARCHAR2",4000,"Y"
"CB","CBB_CSDF_STAGESUBJECTS_OLD","DATOCCUPIEDSINCESTDATE2","VARCHAR2",4000,"Y"
"CB","CBB_CSDF_STAGESUBJECTS_OLD","DATSUBJECTREFERENCEDATE","VARCHAR2",4000,"Y"
"CB","CBB_CSDF_STAGESUBJECTS_OLD","DSCOCCUPATIONDESC","VARCHAR2",4000,"Y"
"CB","CBB_CSDF_STAGESUBJECTS_OLD","CODFILEVERSIONCODE","VARCHAR2",4000,"Y"
"CB","CBB_CSDF_STAGESUBJECTS_OLD","NAMBIRTHPLACENAME","VARCHAR2",4000,"Y"
"CB","CBB_CSDF_STAGESUBJECTS_OLD","CODADDRESSTYPESTCODE1","VARCHAR2",4000,"Y"
"CB","CBB_CSDF_STAGESUBJECTS_OLD","CODADDRESSTYPESTCODE2","VARCHAR2",4000,"Y"
"CB","CBB_CSDF_STAGESUBJECTS_OLD","CODBIRTHCOUNTRYCODE","VARCHAR2",4000,"Y"
"CB","CBB_CSDF_STAGESUBJECTS_OLD","CODBRANCHCODE","VARCHAR2",4000,"Y"
"CB","CBB_CSDF_STAGESUBJECTS_OLD","CODCONTACTCODE1","VARCHAR2",4000,"Y"
"CB","CBB_CSDF_STAGESUBJECTS_OLD","CODCONTACTCODE2","VARCHAR2",4000,"Y"
"CB","CBB_CSDF_STAGESUBJECTS_OLD","CODCONTACTSTCODE1","VARCHAR2",4000,"Y"
"CB","CBB_CSDF_STAGESUBJECTS_OLD","CODCONTACTSTCODE2","VARCHAR2",4000,"Y"
"CB","CBB_CSDF_STAGESUBJECTS_OLD","CODCONTACTTYPECODE1","VARCHAR2",4000,"Y"
"CB","CBB_CSDF_STAGESUBJECTS_OLD","CODCONTACTTYPECODE2","VARCHAR2",4000,"Y"
"CB","CBB_CSDF_STAGESUBJECTS_OLD","CODCONTACTTYPESTCODE1","VARCHAR2",4000,"Y"
"CB","CBB_CSDF_STAGESUBJECTS_OLD","CODCONTACTTYPESTCODE2","VARCHAR2",4000,"Y"
"CB","CBB_CSDF_STAGESUBJECTS_OLD","CODCONTROLSTATUS","VARCHAR2",4000,"Y"
"CB","CBB_CSDF_STAGESUBJECTS_OLD","CODCOUNTRYCODE1","VARCHAR2",4000,"Y"
"CB","CBB_CSDF_STAGESUBJECTS_OLD","CODCOUNTRYCODE2","VARCHAR2",4000,"Y"
"CB","CBB_CSDF_STAGESUBJECTS_OLD","CODCOUNTRYSTCODE1","VARCHAR2",4000,"Y"
"CB","CBB_CSDF_STAGESUBJECTS_OLD","CODCOUNTRYSTCODE2","VARCHAR2",4000,"Y"
"CB","CBB_CSDF_STAGESUBJECTS_OLD","CODCURRENCYCODE","VARCHAR2",4000,"Y"
"CB","CBB_CSDF_STAGESUBJECTS_OLD","CODECONOMICACTIVITYCODE","VARCHAR2",4000,"Y"
"CB","CBB_CSDF_STAGESUBJECTS_OLD","CODGENDERCODE","VARCHAR2",4000,"Y"
"CB","CBB_CSDF_STAGESUBJECTS_OLD","CODIDENTIFNUMBERCODE1","VARCHAR2",4000,"Y"
"CB","CBB_CSDF_STAGESUBJECTS_OLD","CODIDENTIFNUMBERCODE2","VARCHAR2",4000,"Y"
"CB","CBB_CSDF_STAGESUBJECTS_OLD","CODIDENTIFNUMSTCODE1","VARCHAR2",4000,"Y"
"CB","CBB_CSDF_STAGESUBJECTS_OLD","CODIDENTIFNUMSTCODE2","VARCHAR2",4000,"Y"
"CB","CBB_CSDF_STAGESUBJECTS_OLD","CODIDENTIFTCODETYPE1","VARCHAR2",4000,"Y"
"CB","CBB_CSDF_STAGESUBJECTS_OLD","CODIDENTIFTCODETYPE2","VARCHAR2",4000,"Y"
"CB","CBB_CSDF_STAGESUBJECTS_OLD","CODIDENTIFTSTCODETYPE1","VARCHAR2",4000,"Y"
"CB","CBB_CSDF_STAGESUBJECTS_OLD","CODIDENTIFTSTCODETYPE2","VARCHAR2",4000,"Y"
"CB","CBB_CSDF_STAGESUBJECTS_OLD","CODIDNUMBERCODE1","VARCHAR2",4000,"Y"
"CB","CBB_CSDF_STAGESUBJECTS_OLD","CODIDNUMBERCODE2","VARCHAR2",4000,"Y"
"CB","CBB_CSDF_STAGESUBJECTS_OLD","CODIDTYPECODE1","VARCHAR2",4000,"Y"
"CB","CBB_CSDF_STAGESUBJECTS_OLD","CODIDTYPECODE2","VARCHAR2",4000,"Y"
"CB","CBB_CSDF_STAGESUBJECTS_OLD","CODISSUECOUNTRYCODE1","VARCHAR2",4000,"Y"
"CB","CBB_CSDF_STAGESUBJECTS_OLD","CODISSUECOUNTRYCODE2","VARCHAR2",4000,"Y"
"CB","CBB_CSDF_STAGESUBJECTS_OLD","CODLEGALFORMCODE","VARCHAR2",4000,"Y"
"CB","CBB_CSDF_STAGESUBJECTS_OLD","CODLOADINGSTATUS","VARCHAR2",4000,"Y"
"CB","CBB_CSDF_STAGESUBJECTS_OLD","CODMARITALSTATUSCODE","VARCHAR2",4000,"Y"
"CB","CBB_CSDF_STAGESUBJECTS_OLD","CODNUMBEROFEMPLOYEESCODE","VARCHAR2",4000,"Y"
"CB","CBB_CSDF_STAGESUBJECTS_OLD","CODOCCUPATIONSTATUSCODE","VARCHAR2",4000,"Y"
"CB","CBB_CSDF_STAGESUBJECTS_OLD","CODPOSTALCODE1","VARCHAR2",4000,"Y"
"CB","CBB_CSDF_STAGESUBJECTS_OLD","CODPOSTALCODE2","VARCHAR2",4000,"Y"
"CB","CBB_CSDF_STAGESUBJECTS_OLD","CODPOSTALSTCODE1","VARCHAR2",4000,"Y"
"CB","CBB_CSDF_STAGESUBJECTS_OLD","CODPOSTALSTCODE2","VARCHAR2",4000,"Y"
"CB","CBB_CSDF_STAGESUBJECTS_OLD","CODPROVIDERCODE","VARCHAR2",4000,"Y"
"CB","CBB_CSDF_STAGESUBJECTS_OLD","CODRECORDCODE","VARCHAR2",4000,"Y"
"CB","CBB_CSDF_STAGESUBJECTS_OLD","NAMCITYNAME1","VARCHAR2",4000,"Y"
"CB","CBB_CSDF_STAGESUBJECTS_OLD","NAMCITYNAME2","VARCHAR2",4000,"Y"
"CB","CBB_CSDF_STAGESUBJECTS_OLD","NAMCITYSTNAME1","VARCHAR2",4000,"Y"
"CB","CBB_CSDF_STAGESUBJECTS_OLD","NAMCITYSTNAME2","VARCHAR2",4000,"Y"
"CB","CBB_CSDF_STAGESUBJECTS_OLD","NAMDISTRICTNAME1","VARCHAR2",4000,"Y"
"CB","CBB_CSDF_STAGESUBJECTS_OLD","NAMDISTRICTNAME2","VARCHAR2",4000,"Y"
"CB","CBB_CSDF_STAGESUBJECTS_OLD","NAMDISTRICTSTNAME1","VARCHAR2",4000,"Y"
"CB","CBB_CSDF_STAGESUBJECTS_OLD","NAMDISTRICTSTNAME2","VARCHAR2",4000,"Y"
"CB","CBB_CSDF_STAGESUBJECTS_OLD","NAMFIRSTNAME","VARCHAR2",4000,"Y"
"CB","CBB_CSDF_STAGESUBJECTS_OLD","NAMFULLADDRESSNAME1","VARCHAR2",4000,"Y"
"CB","CBB_CSDF_STAGESUBJECTS_OLD","NAMFULLADDRESSNAME2","VARCHAR2",4000,"Y"
"CB","CBB_CSDF_STAGESUBJECTS_OLD","NAMFULLADDRESSSTNAME1","VARCHAR2",4000,"Y"
"CB","CBB_CSDF_STAGESUBJECTS_OLD","NAMFULLADDRESSSTNAME2","VARCHAR2",4000,"Y"
"CB","CBB_CSDF_STAGESUBJECTS_OLD","NAMFULLNAME","VARCHAR2",4000,"Y"
"CB","CBB_CSDF_STAGESUBJECTS_OLD","NAMLASTNAME","VARCHAR2",4000,"Y"
"CB","CBB_CSDF_STAGESUBJECTS_OLD","NAMORIGINALLASTNAME","VARCHAR2",4000,"Y"
"CB","CBB_CSDF_STAGESUBJECTS_OLD","NAMPATRONYMICNAME","VARCHAR2",4000,"Y"
"CB","CBB_CSDF_STAGESUBJECTS_OLD","NAMREGIONNAME1","VARCHAR2",4000,"Y"
"CB","CBB_CSDF_STAGESUBJECTS_OLD","NAMREGIONNAME2","VARCHAR2",4000,"Y"
"CB","CBB_CSDF_STAGESUBJECTS_OLD","NAMREGIONSTNAME1","VARCHAR2",4000,"Y"
"CB","CBB_CSDF_STAGESUBJECTS_OLD","NAMREGIONSTNAME2","VARCHAR2",4000,"Y"
"CB","CBB_CSDF_STAGESUBJECTS_OLD","NAMREGISTRATIONPLACE","VARCHAR2",4000,"Y"
"CB","CBB_CSDF_STAGESUBJECTS_OLD","NAMSHORTCOMPANYNAME","VARCHAR2",4000,"Y"
"CB","CBB_CSDF_STAGESUBJECTS_OLD","NAMSTREETNAME1","VARCHAR2",4000,"Y"
"CB","CBB_CSDF_STAGESUBJECTS_OLD","NAMSTREETNAME2","VARCHAR2",4000,"Y"
"CB","CBB_CSDF_STAGESUBJECTS_OLD","NAMSTREETSTNAME1","VARCHAR2",4000,"Y"
"CB","CBB_CSDF_STAGESUBJECTS_OLD","NAMSTREETSTNAME2","VARCHAR2",4000,"Y"
"CB","CBB_CSDF_STAGESUBJECTS_OLD","NAMTRADENAME","VARCHAR2",4000,"Y"
"CB","CBB_CSDF_STAGESUBJECTS_OLD","NAMTRADENAMEST","VARCHAR2",4000,"Y"
"CB","CBB_CTDF_CTDF_FLOW_ERROR","ERRORUID","RAW",16,"N"
"CB","CBB_CTDF_CTDF_FLOW_ERROR","ERRORTIMESTAMP","TIMESTAMP(6)",11,"N"
"CB","CBB_CTDF_CTDF_FLOW_ERROR","ERRORROWNUMBER","NUMBER",22,"Y"
"CB","CBB_CTDF_CTDF_FLOW_ERROR","ERRORDESCRIPTION","VARCHAR2",4000,"Y"
"CB","CBB_CTDF_CTDF_FLOW_ERROR","ERRORCODE","VARCHAR2",4000,"Y"
"CB","CBB_CTDF_CTDF_FLOW_ERROR","FLOWUID","RAW",16,"N"
"CB","CBB_CTDF_CTDF_FLOW_ERROR","STAGEID","VARCHAR2",256,"N"
"CB","CBB_CTDF_CTDF_FLOW_ERROR","RECORDUID","RAW",16,"N"
"CB","CBB_CTDF_CTDF_FLOW_ERROR","PHASEID","VARCHAR2",1020,"N"
"CB","CBB_CTDF_CTDF_FLOW_ERROR","PHASEUID","RAW",16,"N"
"CB","CBB_CTDF_CTDF_FLOW_ERROR","FLOWID","VARCHAR2",1020,"N"
"CB","CBB_CTDF_CTDF_FLOW_ERROR","ERRORCATEGORY","VARCHAR2",4000,"Y"
"CB","CBB_CTDF_STAGECT","NUMANOMALOUSRECORDSCOUNTNUMBER","VARCHAR2",40,"Y"
"CB","CBB_CTDF_STAGECT","NUMSUBJECTSCOUNTNUMBER","VARCHAR2",40,"Y"
"CB","CBB_CTDF_STAGECT","RECORDUID","RAW",16,"N"
"CB","CBB_CTDF_STAGECT","FLOWUID","RAW",16,"N"
"CB","CBB_CTDF_STAGECT","PHASEUID","RAW",16,"N"
"CB","CBB_CTDF_STAGECT","FLGSIMULATIONFLAG","VARCHAR2",4,"Y"
"CB","CBB_CTDF_STAGECT","CODRECORDCODE","VARCHAR2",4000,"Y"
"CB","CBB_CTDF_STAGECT","CODOLDPROVIDERCODE","VARCHAR2",4000,"Y"
"CB","CBB_CTDF_STAGECT","CODOLDCONTRACTPROVIDERCODE","VARCHAR2",4000,"Y"
"CB","CBB_CTDF_STAGECT","CODNEWPROVIDERCODE","VARCHAR2",4000,"Y"
"CB","CBB_CTDF_STAGECT","CODNEWCONTRACTPROVIDERCODE","VARCHAR2",4000,"Y"
"CB","CBB_CTDF_STAGECT","CODACTIONCODE","VARCHAR2",4,"Y"
"CB","CBB_CTDF_STAGECT","TIMESTAMPEND","TIMESTAMP(6)",11,"Y"
"CB","CBB_CTDF_STAGECT","TIMESTAMPSTART","TIMESTAMP(6)",11,"N"
"CB","CBB_CTDF_STAGECT","RECORDSTATUS","VARCHAR2",4000,"N"
"CB","CBB_CTDF_STAGECT","LOGICALUNITID","NUMBER",22,"N"
"CB","CBB_CTDF_STAGECT","LOGICALUNITORDER","NUMBER",22,"N"
"CB","CBB_CTDF_STAGECT","LOGICALUNITINDEX","NUMBER",22,"N"
"CB","CBB_ETAF_ETAF_FLOW_ERROR","ERRORUID","RAW",16,"N"
"CB","CBB_ETAF_ETAF_FLOW_ERROR","FLOWUID","RAW",16,"N"
"CB","CBB_ETAF_ETAF_FLOW_ERROR","ERRORTIMESTAMP","TIMESTAMP(6)",11,"N"
"CB","CBB_ETAF_ETAF_FLOW_ERROR","ERRORROWNUMBER","NUMBER",22,"Y"
"CB","CBB_ETAF_ETAF_FLOW_ERROR","ERRORDESCRIPTION","VARCHAR2",4000,"Y"
"CB","CBB_ETAF_ETAF_FLOW_ERROR","ERRORCODE","VARCHAR2",4000,"Y"
"CB","CBB_ETAF_ETAF_FLOW_ERROR","ERRORCATEGORY","VARCHAR2",4000,"Y"
"CB","CBB_ETAF_ETAF_FLOW_ERROR","STAGEID","VARCHAR2",256,"N"
"CB","CBB_ETAF_ETAF_FLOW_ERROR","RECORDUID","RAW",16,"N"
"CB","CBB_ETAF_ETAF_FLOW_ERROR","PHASEID","VARCHAR2",1020,"N"
"CB","CBB_ETAF_ETAF_FLOW_ERROR","PHASEUID","RAW",16,"N"
"CB","CBB_ETAF_ETAF_FLOW_ERROR","FLOWID","VARCHAR2",1020,"N"
"CB","CBB_ETAF_STAGEEVENT","DATINSERTIONEVENTDATE","VARCHAR2",40,"Y"
"CB","CBB_ETAF_STAGEEVENT","TIMESTAMPEND","TIMESTAMP(6)",11,"Y"
"CB","CBB_ETAF_STAGEEVENT","TIMESTAMPSTART","TIMESTAMP(6)",11,"N"
"CB","CBB_ETAF_STAGEEVENT","RECORDSTATUS","VARCHAR2",1020,"N"
"CB","CBB_ETAF_STAGEEVENT","LOGICALUNITINDEX","NUMBER",22,"N"
"CB","CBB_ETAF_STAGEEVENT","UIDEVENTID","VARCHAR2",144,"Y"
"CB","CBB_ETAF_STAGEEVENT","LOGICALUNITID","NUMBER",22,"N"
"CB","CBB_ETAF_STAGEEVENT","PHASEUID","RAW",16,"N"
"CB","CBB_ETAF_STAGEEVENT","FLOWUID","RAW",16,"N"
"CB","CBB_ETAF_STAGEEVENT","RECORDUID","RAW",16,"N"
"CB","CBB_ETAF_STAGEEVENT","LOGICALUNITORDER","NUMBER",22,"N"
"CB","CBB_ME_MEDF_FLOW_ERROR","ERRORUID","RAW",16,"N"
"CB","CBB_ME_MEDF_FLOW_ERROR","FLOWUID","RAW",16,"N"
"CB","CBB_ME_MEDF_FLOW_ERROR","FLOWID","VARCHAR2",1020,"N"
"CB","CBB_ME_MEDF_FLOW_ERROR","PHASEUID","RAW",16,"N"
"CB","CBB_ME_MEDF_FLOW_ERROR","PHASEID","VARCHAR2",1020,"N"
"CB","CBB_ME_MEDF_FLOW_ERROR","ERRORTIMESTAMP","TIMESTAMP(6)",11,"N"
"CB","CBB_ME_MEDF_FLOW_ERROR","STAGEID","VARCHAR2",256,"N"
"CB","CBB_ME_MEDF_FLOW_ERROR","ERRORCATEGORY","VARCHAR2",4000,"Y"
"CB","CBB_ME_MEDF_FLOW_ERROR","ERRORCODE","VARCHAR2",4000,"Y"
"CB","CBB_ME_MEDF_FLOW_ERROR","ERRORDESCRIPTION","VARCHAR2",4000,"Y"
"CB","CBB_ME_MEDF_FLOW_ERROR","ERRORROWNUMBER","NUMBER",22,"Y"
"CB","CBB_ME_MEDF_FLOW_ERROR","RECORDUID","RAW",16,"N"
"CB","CBB_ME_STAGEME","NAMSHORTCOMPANYNAME","VARCHAR2",4000,"Y"
"CB","CBB_ME_STAGEME","NAMSTREETNAME1","VARCHAR2",4000,"Y"
"CB","CBB_ME_STAGEME","NAMSTREETNAME2","VARCHAR2",4000,"Y"
"CB","CBB_ME_STAGEME","NAMSTREETSTNAME1","VARCHAR2",4000,"Y"
"CB","CBB_ME_STAGEME","NAMSTREETSTNAME2","VARCHAR2",4000,"Y"
"CB","CBB_ME_STAGEME","NAMTRADENAME","VARCHAR2",4000,"Y"
"CB","CBB_ME_STAGEME","NAMTRADENAMEST","VARCHAR2",4000,"Y"
"CB","CBB_ME_STAGEME","TXTMEXMLOUTPUT","CLOB",4000,"Y"
"CB","CBB_ME_STAGEME","CODCONTACTTYPESTCODE1","VARCHAR2",4000,"Y"
"CB","CBB_ME_STAGEME","CODCONTACTTYPESTCODE2","VARCHAR2",4000,"Y"
"CB","CBB_ME_STAGEME","CODCOUNTRYCODE1","VARCHAR2",4000,"Y"
"CB","CBB_ME_STAGEME","CODCOUNTRYCODE2","VARCHAR2",4000,"Y"
"CB","CBB_ME_STAGEME","CODCOUNTRYSTCODE1","VARCHAR2",4000,"Y"
"CB","CBB_ME_STAGEME","CODCOUNTRYSTCODE2","VARCHAR2",4000,"Y"
"CB","CBB_ME_STAGEME","CODCURRENCYCODE","VARCHAR2",4000,"Y"
"CB","CBB_ME_STAGEME","CODGENDERCODE","VARCHAR2",4000,"Y"
"CB","CBB_ME_STAGEME","CODIDENTIFNUMBERCODE1","VARCHAR2",4000,"Y"
"CB","CBB_ME_STAGEME","CODIDENTIFNUMBERCODE2","VARCHAR2",4000,"Y"
"CB","CBB_ME_STAGEME","CODIDENTIFNUMSTCODE1","VARCHAR2",4000,"Y"
"CB","CBB_ME_STAGEME","CODIDENTIFNUMSTCODE2","VARCHAR2",4000,"Y"
"CB","CBB_ME_STAGEME","CODIDENTIFTCODETYPE1","VARCHAR2",4000,"Y"
"CB","CBB_ME_STAGEME","CODIDENTIFTCODETYPE2","VARCHAR2",4000,"Y"
"CB","CBB_ME_STAGEME","CODIDENTIFTSTCODETYPE1","VARCHAR2",4000,"Y"
"CB","CBB_ME_STAGEME","CODIDENTIFTSTCODETYPE2","VARCHAR2",4000,"Y"
"CB","CBB_ME_STAGEME","CODIDNUMBERCODE1","VARCHAR2",4000,"Y"
"CB","CBB_ME_STAGEME","CODIDNUMBERCODE2","VARCHAR2",4000,"Y"
"CB","CBB_ME_STAGEME","CODIDTYPECODE1","VARCHAR2",4000,"Y"
"CB","CBB_ME_STAGEME","CODIDTYPECODE2","VARCHAR2",4000,"Y"
"CB","CBB_ME_STAGEME","CODISSUECOUNTRYCODE1","VARCHAR2",4000,"Y"
"CB","CBB_ME_STAGEME","CODISSUECOUNTRYCODE2","VARCHAR2",4000,"Y"
"CB","CBB_ME_STAGEME","CODLEGALFORMCODE","VARCHAR2",4000,"Y"
"CB","CBB_ME_STAGEME","CODMESSAGEID","VARCHAR2",4000,"Y"
"CB","CBB_ME_STAGEME","CODOCCUPATIONSTATUSCODE","VARCHAR2",4000,"Y"
"CB","CBB_ME_STAGEME","CODPOSTALCODE1","VARCHAR2",4000,"Y"
"CB","CBB_ME_STAGEME","CODPOSTALCODE2","VARCHAR2",4000,"Y"
"CB","CBB_ME_STAGEME","CODPOSTALSTCODE1","VARCHAR2",4000,"Y"
"CB","CBB_ME_STAGEME","CODPOSTALSTCODE2","VARCHAR2",4000,"Y"
"CB","CBB_ME_STAGEME","CODPROVIDERCODE","VARCHAR2",4000,"Y"
"CB","CBB_ME_STAGEME","CODRECORDCODE","VARCHAR2",4000,"Y"
"CB","CBB_ME_STAGEME","CODSUBJECTCODE","VARCHAR2",4000,"Y"
"CB","CBB_ME_STAGEME","CODSUBJECTPROVIDERCODE","VARCHAR2",4000,"Y"
"CB","CBB_ME_STAGEME","DATBIRTHDATE","VARCHAR2",4000,"Y"
"CB","CBB_ME_STAGEME","DATEXPIRYDATE1","VARCHAR2",4000,"Y"
"CB","CBB_ME_STAGEME","DATEXPIRYDATE2","VARCHAR2",4000,"Y"
"CB","CBB_ME_STAGEME","DATHIREDDATEFROM","VARCHAR2",4000,"Y"
"CB","CBB_ME_STAGEME","DATHIREDDATETO","VARCHAR2",4000,"Y"
"CB","CBB_ME_STAGEME","DATISSUEDATE1","VARCHAR2",4000,"Y"
"CB","CBB_ME_STAGEME","DATISSUEDATE2","VARCHAR2",4000,"Y"
"CB","CBB_ME_STAGEME","DSCOCCUPATIONDESC","VARCHAR2",4000,"Y"
"CB","CBB_ME_STAGEME","NAMBIRTHPLACENAME","VARCHAR2",4000,"Y"
"CB","CBB_ME_STAGEME","NAMCITYNAME1","VARCHAR2",4000,"Y"
"CB","CBB_ME_STAGEME","NAMCITYNAME2","VARCHAR2",4000,"Y"
"CB","CBB_ME_STAGEME","NAMCITYSTNAME1","VARCHAR2",4000,"Y"
"CB","CBB_ME_STAGEME","DATESTABLISHMENTDATE","VARCHAR2",4000,"Y"
"CB","CBB_ME_STAGEME","NAMREGISTRATIONPLACE","VARCHAR2",4000,"Y"
"CB","CBB_ME_STAGEME","CODECONOMICACTIVITYCODE","VARCHAR2",4000,"Y"
"CB","CBB_ME_STAGEME","CODNUMBEROFEMPLOYEESCODE","VARCHAR2",4000,"Y"
"CB","CBB_ME_STAGEME","AMNNETTAXABLEINCOMEAMOUNT","VARCHAR2",4000,"Y"
"CB","CBB_ME_STAGEME","DATOCCUPIEDSINCESTDATE2","VARCHAR2",4000,"Y"
"CB","CBB_ME_STAGEME","DATOCCUPIEDSINCESTDATE1","VARCHAR2",4000,"Y"
"CB","CBB_ME_STAGEME","CODADDRESSTYPECODE1","VARCHAR2",4000,"Y"
"CB","CBB_ME_STAGEME","CODADDRESSTYPECODE2","VARCHAR2",4000,"Y"
"CB","CBB_ME_STAGEME","CODADDRESSTYPESTCODE1","VARCHAR2",4000,"Y"
"CB","CBB_ME_STAGEME","CODADDRESSTYPESTCODE2","VARCHAR2",4000,"Y"
"CB","CBB_ME_STAGEME","CODBIRTHCOUNTRYCODE","VARCHAR2",4000,"Y"
"CB","CBB_ME_STAGEME","CODBRANCHCODE","VARCHAR2",4000,"Y"
"CB","CBB_ME_STAGEME","CODCONTACTCODE1","VARCHAR2",4000,"Y"
"CB","CBB_ME_STAGEME","CODCONTACTCODE2","VARCHAR2",4000,"Y"
"CB","CBB_ME_STAGEME","CODCONTACTSTCODE1","VARCHAR2",4000,"Y"
"CB","CBB_ME_STAGEME","CODCONTACTSTCODE2","VARCHAR2",4000,"Y"
"CB","CBB_ME_STAGEME","CODCONTACTTYPECODE1","VARCHAR2",4000,"Y"
"CB","CBB_ME_STAGEME","CODCONTACTTYPECODE2","VARCHAR2",4000,"Y"
"CB","CBB_ME_STAGEME","NAMCITYSTNAME2","VARCHAR2",4000,"Y"
"CB","CBB_ME_STAGEME","NAMDISTRICTNAME1","VARCHAR2",4000,"Y"
"CB","CBB_ME_STAGEME","DATOCCUPIEDSINCEDATE2","VARCHAR2",4000,"Y"
"CB","CBB_ME_STAGEME","NAMDISTRICTNAME2","VARCHAR2",4000,"Y"
"CB","CBB_ME_STAGEME","NAMDISTRICTSTNAME1","VARCHAR2",4000,"Y"
"CB","CBB_ME_STAGEME","NAMDISTRICTSTNAME2","VARCHAR2",4000,"Y"
"CB","CBB_ME_STAGEME","NAMFIRSTNAME","VARCHAR2",4000,"Y"
"CB","CBB_ME_STAGEME","NAMFULLADDRESSNAME1","VARCHAR2",4000,"Y"
"CB","CBB_ME_STAGEME","NAMFULLADDRESSNAME2","VARCHAR2",4000,"Y"
"CB","CBB_ME_STAGEME","NAMFULLADDRESSSTNAME1","VARCHAR2",4000,"Y"
"CB","CBB_ME_STAGEME","NAMFULLADDRESSSTNAME2","VARCHAR2",4000,"Y"
"CB","CBB_ME_STAGEME","NAMFULLNAME","VARCHAR2",4000,"Y"
"CB","CBB_ME_STAGEME","NAMLASTNAME","VARCHAR2",4000,"Y"
"CB","CBB_ME_STAGEME","NAMORIGINALLASTNAME","VARCHAR2",4000,"Y"
"CB","CBB_ME_STAGEME","NAMPATRONYMICNAME","VARCHAR2",4000,"Y"
"CB","CBB_ME_STAGEME","NAMREGIONNAME1","VARCHAR2",4000,"Y"
"CB","CBB_ME_STAGEME","NAMREGIONNAME2","VARCHAR2",4000,"Y"
"CB","CBB_ME_STAGEME","NAMREGIONSTNAME1","VARCHAR2",4000,"Y"
"CB","CBB_ME_STAGEME","NAMREGIONSTNAME2","VARCHAR2",4000,"Y"
"CB","CBB_ME_STAGEME","RECORDUID","RAW",16,"N"
"CB","CBB_ME_STAGEME","ROOTRECORDUID","RAW",16,"Y"
"CB","CBB_ME_STAGEME","FLOWUID","RAW",16,"N"
"CB","CBB_ME_STAGEME","PHASEUID","RAW",16,"N"
"CB","CBB_ME_STAGEME","LOGICALUNITID","NUMBER",22,"N"
"CB","CBB_ME_STAGEME","LOGICALUNITORDER","NUMBER",22,"N"
"CB","CBB_ME_STAGEME","LOGICALUNITINDEX","NUMBER",22,"N"
"CB","CBB_ME_STAGEME","RECORDSTATUS","VARCHAR2",4000,"N"
"CB","CBB_ME_STAGEME","TIMESTAMPSTART","TIMESTAMP(6)",11,"N"
"CB","CBB_ME_STAGEME","TIMESTAMPEND","TIMESTAMP(6)",11,"Y"
"CB","CBB_ME_STAGEME","AMNGROSSINCOMEAMOUNT","VARCHAR2",4000,"Y"
"CB","CBB_ME_STAGEME","AMNMONTHLYEXPENSESAMOUNT","VARCHAR2",4000,"Y"
"CB","CBB_ME_STAGEME","DATOCCUPIEDSINCEDATE1","VARCHAR2",4000,"Y"
"CB","CBB_ME_STAGEME","CODMARITALSTATUSCODE","VARCHAR2",4000,"Y"
"CB","CBB_NAE_NAEDF_FLOW_ERROR","ERRORUID","RAW",16,"N"
"CB","CBB_NAE_NAEDF_FLOW_ERROR","FLOWUID","RAW",16,"N"
"CB","CBB_NAE_NAEDF_FLOW_ERROR","FLOWID","VARCHAR2",1020,"N"
"CB","CBB_NAE_NAEDF_FLOW_ERROR","PHASEUID","RAW",16,"N"
"CB","CBB_NAE_NAEDF_FLOW_ERROR","PHASEID","VARCHAR2",1020,"N"
"CB","CBB_NAE_NAEDF_FLOW_ERROR","ERRORTIMESTAMP","TIMESTAMP(6)",11,"N"
"CB","CBB_NAE_NAEDF_FLOW_ERROR","STAGEID","VARCHAR2",256,"N"
"CB","CBB_NAE_NAEDF_FLOW_ERROR","ERRORCATEGORY","VARCHAR2",4000,"Y"
"CB","CBB_NAE_NAEDF_FLOW_ERROR","ERRORCODE","VARCHAR2",4000,"Y"
"CB","CBB_NAE_NAEDF_FLOW_ERROR","ERRORDESCRIPTION","VARCHAR2",4000,"Y"
"CB","CBB_NAE_NAEDF_FLOW_ERROR","ERRORROWNUMBER","NUMBER",22,"Y"
"CB","CBB_NAE_NAEDF_FLOW_ERROR","RECORDUID","RAW",16,"N"
"CB","CBB_NAE_STAGENAE","CODLEGALFORMCODE","VARCHAR2",4000,"Y"
"CB","CBB_NAE_STAGENAE","CODMARITALSTATUSCODE","VARCHAR2",4000,"Y"
"CB","CBB_NAE_STAGENAE","CODMESSAGEID","VARCHAR2",4000,"Y"
"CB","CBB_NAE_STAGENAE","CODNUMBEROFEMPLOYEESCODE","VARCHAR2",4000,"Y"
"CB","CBB_NAE_STAGENAE","CODOCCUPATIONSTATUSCODE","VARCHAR2",4000,"Y"
"CB","CBB_NAE_STAGENAE","CODPAYMENTPERIODICITYCODE","VARCHAR2",4000,"Y"
"CB","CBB_NAE_STAGENAE","CODPOSTALCODE1","VARCHAR2",4000,"Y"
"CB","CBB_NAE_STAGENAE","CODPOSTALCODE2","VARCHAR2",4000,"Y"
"CB","CBB_NAE_STAGENAE","NAMSTREETNAME1","VARCHAR2",4000,"Y"
"CB","CBB_NAE_STAGENAE","NAMSTREETNAME2","VARCHAR2",4000,"Y"
"CB","CBB_NAE_STAGENAE","NAMSTREETSTNAME1","VARCHAR2",4000,"Y"
"CB","CBB_NAE_STAGENAE","NAMSTREETSTNAME2","VARCHAR2",4000,"Y"
"CB","CBB_NAE_STAGENAE","NAMTRADENAME","VARCHAR2",4000,"Y"
"CB","CBB_NAE_STAGENAE","NAMTRADENAMEST","VARCHAR2",4000,"Y"
"CB","CBB_NAE_STAGENAE","NUMTOTALINSTALLMENTSNUMBER","VARCHAR2",4000,"Y"
"CB","CBB_NAE_STAGENAE","TXTNAEXMLOUTPUT","CLOB",4000,"Y"
"CB","CBB_NAE_STAGENAE","RECORDUID","RAW",16,"N"
"CB","CBB_NAE_STAGENAE","ROOTRECORDUID","RAW",16,"Y"
"CB","CBB_NAE_STAGENAE","FLOWUID","RAW",16,"N"
"CB","CBB_NAE_STAGENAE","PHASEUID","RAW",16,"N"
"CB","CBB_NAE_STAGENAE","LOGICALUNITID","NUMBER",22,"N"
"CB","CBB_NAE_STAGENAE","LOGICALUNITORDER","NUMBER",22,"N"
"CB","CBB_NAE_STAGENAE","LOGICALUNITINDEX","NUMBER",22,"N"
"CB","CBB_NAE_STAGENAE","RECORDSTATUS","VARCHAR2",4000,"N"
"CB","CBB_NAE_STAGENAE","TIMESTAMPSTART","TIMESTAMP(6)",11,"N"
"CB","CBB_NAE_STAGENAE","TIMESTAMPEND","TIMESTAMP(6)",11,"Y"
"CB","CBB_NAE_STAGENAE","AMNFINANCEDAMOUNT","VARCHAR2",4000,"Y"
"CB","CBB_NAE_STAGENAE","AMNGROSSINCOMEAMOUNT","VARCHAR2",4000,"Y"
"CB","CBB_NAE_STAGENAE","AMNMONTHLYEXPENSESAMOUNT","VARCHAR2",4000,"Y"
"CB","CBB_NAE_STAGENAE","AMNMONTHLYPAYMENTSAMOUNT","VARCHAR2",4000,"Y"
"CB","CBB_NAE_STAGENAE","AMNNETTAXABLEINCOMEAMOUNT","VARCHAR2",4000,"Y"
"CB","CBB_NAE_STAGENAE","CODADDRESSTYPECODE1","VARCHAR2",4000,"Y"
"CB","CBB_NAE_STAGENAE","CODADDRESSTYPECODE2","VARCHAR2",4000,"Y"
"CB","CBB_NAE_STAGENAE","CODADDRESSTYPESTCODE1","VARCHAR2",4000,"Y"
"CB","CBB_NAE_STAGENAE","CODADDRESSTYPESTCODE2","VARCHAR2",4000,"Y"
"CB","CBB_NAE_STAGENAE","CODAPPLICATIONPROVIDERCODE","VARCHAR2",4000,"Y"
"CB","CBB_NAE_STAGENAE","CODBIRTHCOUNTRYCODE","VARCHAR2",4000,"Y"
"CB","CBB_NAE_STAGENAE","CODBRANCHCODE","VARCHAR2",4000,"Y"
"CB","CBB_NAE_STAGENAE","CODCOMPANYROLECODE","VARCHAR2",4000,"Y"
"CB","CBB_NAE_STAGENAE","CODCONTACTCODE1","VARCHAR2",4000,"Y"
"CB","CBB_NAE_STAGENAE","CODCONTACTCODE2","VARCHAR2",4000,"Y"
"CB","CBB_NAE_STAGENAE","CODCONTACTSTCODE1","VARCHAR2",4000,"Y"
"CB","CBB_NAE_STAGENAE","CODCONTACTSTCODE2","VARCHAR2",4000,"Y"
"CB","CBB_NAE_STAGENAE","CODCONTACTTYPECODE1","VARCHAR2",4000,"Y"
"CB","CBB_NAE_STAGENAE","CODCONTACTTYPECODE2","VARCHAR2",4000,"Y"
"CB","CBB_NAE_STAGENAE","CODCONTACTTYPESTCODE1","VARCHAR2",4000,"Y"
"CB","CBB_NAE_STAGENAE","CODCONTACTTYPESTCODE2","VARCHAR2",4000,"Y"
"CB","CBB_NAE_STAGENAE","CODCONTRACTCURRENCYCODE","VARCHAR2",4000,"Y"
"CB","CBB_NAE_STAGENAE","CODCONTRACTPHASECODE","VARCHAR2",4000,"Y"
"CB","CBB_NAE_STAGENAE","CODCONTRACTPROVIDERCODE","VARCHAR2",4000,"Y"
"CB","CBB_NAE_STAGENAE","CODCONTRACTTYPECODE","VARCHAR2",4000,"Y"
"CB","CBB_NAE_STAGENAE","CODCOUNTRYCODE1","VARCHAR2",4000,"Y"
"CB","CBB_NAE_STAGENAE","CODCOUNTRYCODE2","VARCHAR2",4000,"Y"
"CB","CBB_NAE_STAGENAE","CODCOUNTRYSTCODE1","VARCHAR2",4000,"Y"
"CB","CBB_NAE_STAGENAE","CODCOUNTRYSTCODE2","VARCHAR2",4000,"Y"
"CB","CBB_NAE_STAGENAE","CODCURRENCYCODE","VARCHAR2",4000,"Y"
"CB","CBB_NAE_STAGENAE","CODECONOMICACTIVITYCODE","VARCHAR2",4000,"Y"
"CB","CBB_NAE_STAGENAE","CODGENDERCODE","VARCHAR2",4000,"Y"
"CB","CBB_NAE_STAGENAE","CODIDENTIFNUMBERCODE1","VARCHAR2",4000,"Y"
"CB","CBB_NAE_STAGENAE","CODIDENTIFNUMBERCODE2","VARCHAR2",4000,"Y"
"CB","CBB_NAE_STAGENAE","CODIDENTIFNUMSTCODE1","VARCHAR2",4000,"Y"
"CB","CBB_NAE_STAGENAE","CODIDENTIFNUMSTCODE2","VARCHAR2",4000,"Y"
"CB","CBB_NAE_STAGENAE","CODIDENTIFTCODETYPE1","VARCHAR2",4000,"Y"
"CB","CBB_NAE_STAGENAE","CODIDENTIFTCODETYPE2","VARCHAR2",4000,"Y"
"CB","CBB_NAE_STAGENAE","CODIDENTIFTSTCODETYPE1","VARCHAR2",4000,"Y"
"CB","CBB_NAE_STAGENAE","CODIDENTIFTSTCODETYPE2","VARCHAR2",4000,"Y"
"CB","CBB_NAE_STAGENAE","CODIDNUMBERCODE1","VARCHAR2",4000,"Y"
"CB","CBB_NAE_STAGENAE","CODIDNUMBERCODE2","VARCHAR2",4000,"Y"
"CB","CBB_NAE_STAGENAE","CODIDTYPECODE1","VARCHAR2",4000,"Y"
"CB","CBB_NAE_STAGENAE","CODIDTYPECODE2","VARCHAR2",4000,"Y"
"CB","CBB_NAE_STAGENAE","CODISSUECOUNTRYCODE1","VARCHAR2",4000,"Y"
"CB","CBB_NAE_STAGENAE","CODISSUECOUNTRYCODE2","VARCHAR2",4000,"Y"
"CB","CBB_NAE_STAGENAE","CODPOSTALSTCODE1","VARCHAR2",4000,"Y"
"CB","CBB_NAE_STAGENAE","CODPOSTALSTCODE2","VARCHAR2",4000,"Y"
"CB","CBB_NAE_STAGENAE","CODPROVIDERCODE","VARCHAR2",4000,"Y"
"CB","CBB_NAE_STAGENAE","CODRECORDCODE","VARCHAR2",4000,"Y"
"CB","CBB_NAE_STAGENAE","CODSUBJECTPROVIDERCODE","VARCHAR2",4000,"Y"
"CB","CBB_NAE_STAGENAE","CODSUBJECTROLECODE","VARCHAR2",4000,"Y"
"CB","CBB_NAE_STAGENAE","DATBIRTHDATE","VARCHAR2",4000,"Y"
"CB","CBB_NAE_STAGENAE","DATCONTRACTREQUESTDATE","VARCHAR2",4000,"Y"
"CB","CBB_NAE_STAGENAE","DATESTABLISHMENTDATE","VARCHAR2",4000,"Y"
"CB","CBB_NAE_STAGENAE","DATEXPIRYDATE1","VARCHAR2",4000,"Y"
"CB","CBB_NAE_STAGENAE","DATEXPIRYDATE2","VARCHAR2",4000,"Y"
"CB","CBB_NAE_STAGENAE","DATHIREDDATEFROM","VARCHAR2",4000,"Y"
"CB","CBB_NAE_STAGENAE","DATHIREDDATETO","VARCHAR2",4000,"Y"
"CB","CBB_NAE_STAGENAE","DATISSUEDATE1","VARCHAR2",4000,"Y"
"CB","CBB_NAE_STAGENAE","DATISSUEDATE2","VARCHAR2",4000,"Y"
"CB","CBB_NAE_STAGENAE","DATOCCUPIEDSINCEDATE1","VARCHAR2",4000,"Y"
"CB","CBB_NAE_STAGENAE","DATOCCUPIEDSINCEDATE2","VARCHAR2",4000,"Y"
"CB","CBB_NAE_STAGENAE","DATOCCUPIEDSINCESTDATE1","VARCHAR2",4000,"Y"
"CB","CBB_NAE_STAGENAE","DATOCCUPIEDSINCESTDATE2","VARCHAR2",4000,"Y"
"CB","CBB_NAE_STAGENAE","DATSUBJECTREFERENCEDATE","VARCHAR2",4000,"Y"
"CB","CBB_NAE_STAGENAE","DSCOCCUPATIONDESC","VARCHAR2",4000,"Y"
"CB","CBB_NAE_STAGENAE","NAMBIRTHPLACENAME","VARCHAR2",4000,"Y"
"CB","CBB_NAE_STAGENAE","NAMCITYNAME1","VARCHAR2",4000,"Y"
"CB","CBB_NAE_STAGENAE","NAMCITYNAME2","VARCHAR2",4000,"Y"
"CB","CBB_NAE_STAGENAE","NAMCITYSTNAME1","VARCHAR2",4000,"Y"
"CB","CBB_NAE_STAGENAE","NAMCITYSTNAME2","VARCHAR2",4000,"Y"
"CB","CBB_NAE_STAGENAE","NAMDISTRICTNAME1","VARCHAR2",4000,"Y"
"CB","CBB_NAE_STAGENAE","NAMDISTRICTNAME2","VARCHAR2",4000,"Y"
"CB","CBB_NAE_STAGENAE","NAMDISTRICTSTNAME1","VARCHAR2",4000,"Y"
"CB","CBB_NAE_STAGENAE","NAMDISTRICTSTNAME2","VARCHAR2",4000,"Y"
"CB","CBB_NAE_STAGENAE","NAMFIRSTNAME","VARCHAR2",4000,"Y"
"CB","CBB_NAE_STAGENAE","NAMFULLADDRESSNAME1","VARCHAR2",4000,"Y"
"CB","CBB_NAE_STAGENAE","NAMFULLADDRESSNAME2","VARCHAR2",4000,"Y"
"CB","CBB_NAE_STAGENAE","NAMFULLADDRESSSTNAME1","VARCHAR2",4000,"Y"
"CB","CBB_NAE_STAGENAE","NAMFULLADDRESSSTNAME2","VARCHAR2",4000,"Y"
"CB","CBB_NAE_STAGENAE","NAMFULLNAME","VARCHAR2",4000,"Y"
"CB","CBB_NAE_STAGENAE","NAMLASTNAME","VARCHAR2",4000,"Y"
"CB","CBB_NAE_STAGENAE","NAMORIGINALLASTNAME","VARCHAR2",4000,"Y"
"CB","CBB_NAE_STAGENAE","NAMPATRONYMICNAME","VARCHAR2",4000,"Y"
"CB","CBB_NAE_STAGENAE","NAMREGIONNAME1","VARCHAR2",4000,"Y"
"CB","CBB_NAE_STAGENAE","NAMREGIONNAME2","VARCHAR2",4000,"Y"
"CB","CBB_NAE_STAGENAE","NAMREGIONSTNAME1","VARCHAR2",4000,"Y"
"CB","CBB_NAE_STAGENAE","NAMREGIONSTNAME2","VARCHAR2",4000,"Y"
"CB","CBB_NAE_STAGENAE","NAMREGISTRATIONPLACE","VARCHAR2",4000,"Y"
"CB","CBB_NAE_STAGENAE","NAMSHORTCOMPANYNAME","VARCHAR2",4000,"Y"
"CB","CBB_PEX_PEX_FLOW_ERROR","FLOWID","VARCHAR2",1020,"N"
"CB","CBB_PEX_PEX_FLOW_ERROR","FLOWUID","RAW",16,"N"
"CB","CBB_PEX_PEX_FLOW_ERROR","ERRORUID","RAW",16,"N"
"CB","CBB_PEX_PEX_FLOW_ERROR","ERRORTIMESTAMP","TIMESTAMP(6)",11,"N"
"CB","CBB_PEX_PEX_FLOW_ERROR","ERRORROWNUMBER","NUMBER",22,"Y"
"CB","CBB_PEX_PEX_FLOW_ERROR","PHASEUID","RAW",16,"N"
"CB","CBB_PEX_PEX_FLOW_ERROR","ERRORCODE","VARCHAR2",4000,"Y"
"CB","CBB_PEX_PEX_FLOW_ERROR","ERRORCATEGORY","VARCHAR2",4000,"Y"
"CB","CBB_PEX_PEX_FLOW_ERROR","STAGEID","VARCHAR2",256,"N"
"CB","CBB_PEX_PEX_FLOW_ERROR","RECORDUID","RAW",16,"N"
"CB","CBB_PEX_PEX_FLOW_ERROR","PHASEID","VARCHAR2",1020,"N"
"CB","CBB_PEX_PEX_FLOW_ERROR","ERRORDESCRIPTION","VARCHAR2",4000,"Y"
"CB","CBB_PEX_STAGEPEX","CODSUBJECTCODE","VARCHAR2",4000,"Y"
"CB","CBB_PEX_STAGEPEX","CODSUBJECTPROVIDERCODE","VARCHAR2",4000,"Y"
"CB","CBB_PEX_STAGEPEX","FLGFULL","VARCHAR2",4000,"N"
"CB","CBB_PEX_STAGEPEX","CODRECORDCODE","VARCHAR2",4000,"N"
"CB","CBB_PEX_STAGEPEX","CODPROVIDERCODE","VARCHAR2",4000,"Y"
"CB","CBB_PEX_STAGEPEX","CODMESSAGEID","VARCHAR2",4000,"Y"
"CB","CBB_PEX_STAGEPEX","TIMESTAMPEND","TIMESTAMP(0)",7,"Y"
"CB","CBB_PEX_STAGEPEX","TIMESTAMPSTART","TIMESTAMP(0)",7,"N"
"CB","CBB_PEX_STAGEPEX","RECORDSTATUS","VARCHAR2",1020,"N"
"CB","CBB_PEX_STAGEPEX","LOGICALUNITINDEX","NUMBER",22,"N"
"CB","CBB_PEX_STAGEPEX","LOGICALUNITORDER","NUMBER",22,"N"
"CB","CBB_PEX_STAGEPEX","LOGICALUNITID","NUMBER",22,"N"
"CB","CBB_PEX_STAGEPEX","PHASEUID","RAW",16,"N"
"CB","CBB_PEX_STAGEPEX","TXTPEXXMLOUTPUT","CLOB",4000,"Y"
"CB","CBB_PEX_STAGEPEX","RECORDUID","RAW",16,"N"
"CB","CBB_PEX_STAGEPEX","FLOWUID","RAW",16,"N"
"CB","CBB_STDF_STAGEST","LOGICALUNITID","NUMBER",22,"N"
"CB","CBB_STDF_STAGEST","LOGICALUNITORDER","NUMBER",22,"N"
"CB","CBB_STDF_STAGEST","LOGICALUNITINDEX","NUMBER",22,"N"
"CB","CBB_STDF_STAGEST","RECORDSTATUS","VARCHAR2",4000,"N"
"CB","CBB_STDF_STAGEST","TIMESTAMPSTART","TIMESTAMP(6)",11,"N"
"CB","CBB_STDF_STAGEST","TIMESTAMPEND","TIMESTAMP(6)",11,"Y"
"CB","CBB_STDF_STAGEST","CODACTIONCODE","VARCHAR2",4,"Y"
"CB","CBB_STDF_STAGEST","CODNEWPROVIDERCODE","VARCHAR2",4000,"Y"
"CB","CBB_STDF_STAGEST","CODNEWSUBJECTPROVIDERCODE","VARCHAR2",4000,"Y"
"CB","CBB_STDF_STAGEST","CODOLDPROVIDERCODE","VARCHAR2",4000,"Y"
"CB","CBB_STDF_STAGEST","CODOLDSUBJECTPROVIDERCODE","VARCHAR2",4000,"Y"
"CB","CBB_STDF_STAGEST","CODRECORDCODE","VARCHAR2",4000,"Y"
"CB","CBB_STDF_STAGEST","FLGSIMULATIONFLAG","VARCHAR2",4,"Y"
"CB","CBB_STDF_STAGEST","NUMADDRESSESCOUNTNUMBER","VARCHAR2",40,"Y"
"CB","CBB_STDF_STAGEST","NUMANOMALOUSRECORDSCOUNTNUMBER","VARCHAR2",40,"Y"
"CB","CBB_STDF_STAGEST","NUMCONTACTSCOUNTNUMBER","VARCHAR2",40,"Y"
"CB","CBB_STDF_STAGEST","NUMEMPLOYMENTSCOUNTNUMBER","VARCHAR2",40,"Y"
"CB","CBB_STDF_STAGEST","NUMIDCODESCOUNTNUMBER","VARCHAR2",40,"Y"
"CB","CBB_STDF_STAGEST","NUMIDDOCUMENTSCOUNTNUMBER","VARCHAR2",40,"Y"
"CB","CBB_STDF_STAGEST","RECORDUID","RAW",16,"N"
"CB","CBB_STDF_STAGEST","FLOWUID","RAW",16,"N"
"CB","CBB_STDF_STAGEST","PHASEUID","RAW",16,"N"
"CB","CBB_STDF_STDF_FLOW_ERROR","ERRORUID","RAW",16,"N"
"CB","CBB_STDF_STDF_FLOW_ERROR","FLOWUID","RAW",16,"N"
"CB","CBB_STDF_STDF_FLOW_ERROR","ERRORTIMESTAMP","TIMESTAMP(6)",11,"N"
"CB","CBB_STDF_STDF_FLOW_ERROR","ERRORROWNUMBER","NUMBER",22,"Y"
"CB","CBB_STDF_STDF_FLOW_ERROR","ERRORDESCRIPTION","VARCHAR2",4000,"Y"
"CB","CBB_STDF_STDF_FLOW_ERROR","ERRORCODE","VARCHAR2",4000,"Y"
"CB","CBB_STDF_STDF_FLOW_ERROR","ERRORCATEGORY","VARCHAR2",4000,"Y"
"CB","CBB_STDF_STDF_FLOW_ERROR","STAGEID","VARCHAR2",256,"N"
"CB","CBB_STDF_STDF_FLOW_ERROR","RECORDUID","RAW",16,"N"
"CB","CBB_STDF_STDF_FLOW_ERROR","PHASEID","VARCHAR2",1020,"N"
"CB","CBB_STDF_STDF_FLOW_ERROR","PHASEUID","RAW",16,"N"
"CB","CBB_STDF_STDF_FLOW_ERROR","FLOWID","VARCHAR2",1020,"N"
"CB","CBB_TREXT_TREXT_FLOW_ERROR","ERRORUID","RAW",16,"N"
"CB","CBB_TREXT_TREXT_FLOW_ERROR","ERRORROWNUMBER","NUMBER",22,"Y"
"CB","CBB_TREXT_TREXT_FLOW_ERROR","ERRORDESCRIPTION","VARCHAR2",4000,"Y"
"CB","CBB_TREXT_TREXT_FLOW_ERROR","ERRORCODE","VARCHAR2",4000,"Y"
"CB","CBB_TREXT_TREXT_FLOW_ERROR","ERRORCATEGORY","VARCHAR2",4000,"Y"
"CB","CBB_TREXT_TREXT_FLOW_ERROR","ERRORTIMESTAMP","TIMESTAMP(6)",11,"N"
"CB","CBB_TREXT_TREXT_FLOW_ERROR","RECORDUID","RAW",16,"N"
"CB","CBB_TREXT_TREXT_FLOW_ERROR","PHASEID","VARCHAR2",1020,"N"
"CB","CBB_TREXT_TREXT_FLOW_ERROR","PHASEUID","RAW",16,"N"
"CB","CBB_TREXT_TREXT_FLOW_ERROR","FLOWID","VARCHAR2",1020,"N"
"CB","CBB_TREXT_TREXT_FLOW_ERROR","FLOWUID","RAW",16,"N"
"CB","CBB_TREXT_TREXT_FLOW_ERROR","STAGEID","VARCHAR2",256,"N"
"CB","CBEACCOUNTING","FLGNAEAO","NUMBER",22,"Y"
"CB","CBEACCOUNTING","AMNMONTHLYPAYMENTSAMOUNT","NUMBER",22,"Y"
"CB","CBEACCOUNTING","NUMTOTALINSTALLMENTSNUMBER","NUMBER",22,"Y"
"CB","CBEACCOUNTING","FLGMATCHEDSUBJECT","NUMBER",22,"Y"
"CB","CBEACCOUNTING","CODSUBJECTROLECODE","VARCHAR2",4,"Y"
"CB","CBEACCOUNTING","CODCALCULATEDSCORECODE","VARCHAR2",4,"Y"
"CB","CBEACCOUNTING","FLGPRESENTATIONDOCUMENT","NUMBER",22,"Y"
"CB","CBEACCOUNTING","DATTCINSERTIONDATE","TIMESTAMP(6)",11,"N"
"CB","CBEACCOUNTING","CODTCINSERTIONSOURCE","VARCHAR2",200,"N"
"CB","CBEACCOUNTING","CODTCINSERTIONUSERFULLNAME","VARCHAR2",2000,"N"
"CB","CBEACCOUNTING","DATTCLASTUPDATEDATE","TIMESTAMP(6)",11,"Y"
"CB","CBEACCOUNTING","CODTCLASTUPDATESOURCE","VARCHAR2",200,"Y"
"CB","CBEACCOUNTING","CODTCLASTUPDATEUSERFULLNAME","VARCHAR2",2000,"Y"
"CB","CBEACCOUNTING","FLGCRBASIC","NUMBER",22,"Y"
"CB","CBEACCOUNTING","UIDACCOUNTINGID","RAW",16,"N"
"CB","CBEACCOUNTING","UIDLOGID","VARCHAR2",144,"Y"
"CB","CBEACCOUNTING","UIDMESSAGEID","VARCHAR2",144,"N"
"CB","CBEACCOUNTING","CODSERVICECODE","VARCHAR2",200,"N"
"CB","CBEACCOUNTING","CODCHANNELCODE","VARCHAR2",4,"N"
"CB","CBEACCOUNTING","CODSOURCECODE","VARCHAR2",200,"N"
"CB","CBEACCOUNTING","CODPROVIDERCODE","VARCHAR2",32,"N"
"CB","CBEACCOUNTING","CODBRANCHCODE","VARCHAR2",20,"Y"
"CB","CBEACCOUNTING","CODUSERCODE","VARCHAR2",32,"Y"
"CB","CBEACCOUNTING","DATENQUIRYDATE","DATE",7,"N"
"CB","CBEACCOUNTING","FLGISFREEOFCHARGE","NUMBER",22,"N"
"CB","CBEACCOUNTING","CODCONTRACTCATEGORYCODE","VARCHAR2",4,"Y"
"CB","CBEACCOUNTING","CODCONTRACTTYPECODE","VARCHAR2",8,"Y"
"CB","CBEACCOUNTING","CODSUBJECTTYPECODE","VARCHAR2",4,"Y"
"CB","CBEACCOUNTING","NUMTOTALCONTRACTSNUMBER","NUMBER",22,"Y"
"CB","CBEACCOUNTING","AMNAPPLICATIONAMOUNT","NUMBER",22,"Y"
"CB","CBEACCOUNTING","CODPAYMENTPERIODICITYCODE","VARCHAR2",4,"Y"
"CB","CBEADDITIONALINFO","CODLOGICALSTATUSCODE","VARCHAR2",4,"Y"
"CB","CBEADDITIONALINFO","DATLOGICALSTATUSCODEDATE","DATE",7,"Y"
"CB","CBEADDITIONALINFO","DATFIRSTREFERENCEDATE","DATE",7,"N"
"CB","CBEADDITIONALINFO","CODADDITIONALINFOTYPECODE","VARCHAR2",8,"N"
"CB","CBEADDITIONALINFO","CODADDITIONALINFOCATEGORYCODE","VARCHAR2",8,"N"
"CB","CBEADDITIONALINFO","CODUSEROWNERCODE","VARCHAR2",32,"Y"
"CB","CBEADDITIONALINFO","CODBRANCHOWNERCODE","VARCHAR2",20,"Y"
"CB","CBEADDITIONALINFO","CODPROVIDEROWNERCODE","VARCHAR2",32,"N"
"CB","CBEADDITIONALINFO","UIDADDITIONALINFOID","RAW",16,"N"
"CB","CBEADDITIONALINFO","CODTCLASTUPDATEUSERFULLNAME","VARCHAR2",2000,"Y"
"CB","CBEADDITIONALINFO","CODTCLASTUPDATESOURCE","VARCHAR2",200,"Y"
"CB","CBEADDITIONALINFO","DATTCLASTUPDATEDATE","TIMESTAMP(6)",11,"Y"
"CB","CBEADDITIONALINFO","CODTCINSERTIONUSERFULLNAME","VARCHAR2",2000,"N"
"CB","CBEADDITIONALINFO","CODTCINSERTIONSOURCE","VARCHAR2",200,"N"
"CB","CBEADDITIONALINFO","DATTCINSERTIONDATE","TIMESTAMP(6)",11,"N"
"CB","CBEADDITIONALINFO","DATLASTREFERENCEDATE","DATE",7,"N"
"CB","CBEADDRESSES","DATTCLASTUPDATEDATE","TIMESTAMP(6)",11,"Y"
"CB","CBEADDRESSES","CODTCLASTUPDATESOURCE","VARCHAR2",200,"Y"
"CB","CBEADDRESSES","CODTCINSERTIONUSERFULLNAME","VARCHAR2",2000,"N"
"CB","CBEADDRESSES","CODTCINSERTIONSOURCE","VARCHAR2",200,"N"
"CB","CBEADDRESSES","DATTCINSERTIONDATE","TIMESTAMP(6)",11,"N"
"CB","CBEADDRESSES","FLGCURRENT","NUMBER",22,"N"
"CB","CBEADDRESSES","DATREFERENCEDATE","DATE",7,"Y"
"CB","CBEADDRESSES","DATOCCUPIEDSINCEDATE","DATE",7,"Y"
"CB","CBEADDRESSES","CODCOUNTRYCODE","VARCHAR2",8,"Y"
"CB","CBEADDRESSES","CODPOSTALCODE","VARCHAR2",24,"Y"
"CB","CBEADDRESSES","NAMREGIONNAME","VARCHAR2",8,"Y"
"CB","CBEADDRESSES","NAMDISTRICTNAME","VARCHAR2",12,"Y"
"CB","CBEADDRESSES","NAMCITYNAME","VARCHAR2",120,"Y"
"CB","CBEADDRESSES","NAMSTREETNAME","VARCHAR2",800,"Y"
"CB","CBEADDRESSES","NAMFULLADDRESSNAME","VARCHAR2",1200,"Y"
"CB","CBEADDRESSES","CODADDRESSTYPECODE","VARCHAR2",8,"N"
"CB","CBEADDRESSES","UIDSUBJECTID","RAW",16,"N"
"CB","CBEADDRESSES","CODTCLASTUPDATEUSERFULLNAME","VARCHAR2",2000,"Y"
"CB","CBEADDRESSES","UIDADDRESSID","RAW",16,"N"
"CB","CBEALERTPROFILES","UIDALERTPROFILEID","RAW",16,"N"
"CB","CBEALERTPROFILES","CODALERTSERVICECODE","VARCHAR2",8,"N"
"CB","CBEALERTPROFILES","CODPROVIDERCODE","VARCHAR2",32,"N"
"CB","CBEALERTPROFILES","CODBRANCHCODE","VARCHAR2",20,"Y"
"CB","CBEALERTPROFILES","CODUSERCODE","VARCHAR2",32,"Y"
"CB","CBEALERTPROFILES","DATSTARTVALIDITYDATE","DATE",7,"N"
"CB","CBEALERTPROFILES","CODTCLASTUPDATEUSERFULLNAME","VARCHAR2",2000,"Y"
"CB","CBEALERTPROFILES","TXTPROFILEXML","CLOB",4000,"N"
"CB","CBEALERTPROFILES","DATTCINSERTIONDATE","TIMESTAMP(6)",11,"N"
"CB","CBEALERTPROFILES","CODTCINSERTIONSOURCE","VARCHAR2",200,"N"
"CB","CBEALERTPROFILES","CODTCINSERTIONUSERFULLNAME","VARCHAR2",2000,"N"
"CB","CBEALERTPROFILES","DATTCLASTUPDATEDATE","TIMESTAMP(6)",11,"Y"
"CB","CBEALERTPROFILES","CODTCLASTUPDATESOURCE","VARCHAR2",200,"Y"
"CB","CBEALERTPROFILES","DATENDVALIDITYDATE","DATE",7,"N"
"CB","CBEALERTS","UIDALERTPROFILEID","RAW",16,"Y"
"CB","CBEALERTS","CODRECIPIENTPROVIDERCODE","VARCHAR2",32,"N"
"CB","CBEALERTS","CODRECIPIENTBRANCHCODE","VARCHAR2",20,"Y"
"CB","CBEALERTS","CODRECIPIENTUSERCODE","VARCHAR2",32,"Y"
"CB","CBEALERTS","CODSUBJECTCODE","VARCHAR2",60,"N"
"CB","CBEALERTS","CODCONTRACTCODE","VARCHAR2",60,"Y"
"CB","CBEALERTS","NAMTRADENAME","VARCHAR2",480,"Y"
"CB","CBEALERTS","NAMSHORTCOMPANYNAME","VARCHAR2",480,"Y"
"CB","CBEALERTS","NAMFULLNAME","VARCHAR2",880,"Y"
"CB","CBEALERTS","NAMFIRSTNAME","VARCHAR2",280,"Y"
"CB","CBEALERTS","NAMPATRONYMICNAME","VARCHAR2",280,"Y"
"CB","CBEALERTS","NAMORIGINALLASTNAME","VARCHAR2",280,"Y"
"CB","CBEALERTS","NAMLASTNAME","VARCHAR2",280,"Y"
"CB","CBEALERTS","CODALERTCODE","VARCHAR2",12,"N"
"CB","CBEALERTS","DATALERTINSERTIONDATE","DATE",7,"Y"
"CB","CBEALERTS","CODINITIATORPROVIDERCODE","VARCHAR2",32,"N"
"CB","CBEALERTS","CODINITIATORBRANCHCODE","VARCHAR2",20,"Y"
"CB","CBEALERTS","CODINITIATORUSERCODE","VARCHAR2",32,"Y"
"CB","CBEALERTS","DATINSERTIONEVENTDATE","DATE",7,"N"
"CB","CBEALERTS","FLGDOWNLOADED","NUMBER",22,"N"
"CB","CBEALERTS","DATTCINSERTIONDATE","TIMESTAMP(6)",11,"N"
"CB","CBEALERTS","CODTCINSERTIONSOURCE","VARCHAR2",200,"N"
"CB","CBEALERTS","CODTCINSERTIONUSERFULLNAME","VARCHAR2",2000,"N"
"CB","CBEALERTS","DATTCLASTUPDATEDATE","TIMESTAMP(6)",11,"Y"
"CB","CBEALERTS","CODTCLASTUPDATESOURCE","VARCHAR2",200,"Y"
"CB","CBEALERTS","CODTCLASTUPDATEUSERFULLNAME","VARCHAR2",2000,"Y"
"CB","CBEALERTS","UIDALERTID","RAW",16,"N"
"CB","CBEALERTS","UIDEVENTID","RAW",16,"Y"
"CB","CBEARCHIVEITEMS","CODTCINSERTIONUSERFULLNAME","VARCHAR2",2000,"N"
"CB","CBEARCHIVEITEMS","CODTCINSERTIONSOURCE","VARCHAR2",200,"N"
"CB","CBEARCHIVEITEMS","CODTCLASTUPDATEUSERFULLNAME","VARCHAR2",2000,"Y"
"CB","CBEARCHIVEITEMS","DATTCLASTUPDATEDATE","TIMESTAMP(6)",11,"Y"
"CB","CBEARCHIVEITEMS","CODTCLASTUPDATESOURCE","VARCHAR2",200,"Y"
"CB","CBEARCHIVEITEMS","DATTCINSERTIONDATE","TIMESTAMP(6)",11,"N"
"CB","CBEARCHIVEITEMS","DATLASTEXECUTIONDATE","TIMESTAMP(6)",11,"Y"
"CB","CBEARCHIVEITEMS","CODACTIONCODE","VARCHAR2",200,"N"
"CB","CBEARCHIVEITEMS","CODFREQUENCYCODE","VARCHAR2",200,"N"
"CB","CBEARCHIVEITEMS","CODMEASURECODE","VARCHAR2",200,"N"
"CB","CBEARCHIVEITEMS","NUMRETENTION","NUMBER",22,"N"
"CB","CBEARCHIVEITEMS","CODARCHIVEITEM","VARCHAR2",200,"N"
"CB","CBEARCHIVINGPROCEDURES","CODTCLASTUPDATEUSERFULLNAME","VARCHAR2",2000,"Y"
"CB","CBEARCHIVINGPROCEDURES","CODTCLASTUPDATESOURCE","VARCHAR2",200,"Y"
"CB","CBEARCHIVINGPROCEDURES","DATTCLASTUPDATEDATE","TIMESTAMP(6)",11,"Y"
"CB","CBEARCHIVINGPROCEDURES","CODTCINSERTIONUSERFULLNAME","VARCHAR2",2000,"N"
"CB","CBEARCHIVINGPROCEDURES","CODARCHIVEITEM","VARCHAR2",200,"N"
"CB","CBEARCHIVINGPROCEDURES","DATTCINSERTIONDATE","TIMESTAMP(6)",11,"N"
"CB","CBEARCHIVINGPROCEDURES","NUMORDERNUMBER","NUMBER",22,"N"
"CB","CBEARCHIVINGPROCEDURES","CODPROCEDURECODE","VARCHAR2",200,"N"
"CB","CBEARCHIVINGPROCEDURES","CODTCINSERTIONSOURCE","VARCHAR2",200,"N"
"CB","CBEBTCDATAQUALITYCONFIG","UIDBTCDATAQUALITYCONFIGID","RAW",16,"N"
"CB","CBEBTCDATAQUALITYCONFIG","CODPROVIDERCODE","VARCHAR2",280,"Y"
"CB","CBEBTCDATAQUALITYCONFIG","CODENTITYCODE","VARCHAR2",8,"N"
"CB","CBEBTCDATAQUALITYCONFIG","NAMFIELDNAME","VARCHAR2",120,"N"
"CB","CBEBTCDATAQUALITYCONFIG","CODTYPEVALUECODE","VARCHAR2",40,"N"
"CB","CBEBTCDATAQUALITYCONFIG","FLGTHRESOLDENABLED","NUMBER",22,"N"
"CB","CBEBTCDATAQUALITYCONFIG","CODTCLASTUPDATEUSERFULLNAME","VARCHAR2",2000,"Y"
"CB","CBEBTCDATAQUALITYCONFIG","DATTCINSERTIONDATE","TIMESTAMP(6)",11,"N"
"CB","CBEBTCDATAQUALITYCONFIG","CODTCINSERTIONSOURCE","VARCHAR2",200,"N"
"CB","CBEBTCDATAQUALITYCONFIG","CODTCINSERTIONUSERFULLNAME","VARCHAR2",2000,"N"
"CB","CBEBTCDATAQUALITYCONFIG","DATTCLASTUPDATEDATE","TIMESTAMP(6)",11,"Y"
"CB","CBEBTCDATAQUALITYCONFIG","CODTCLASTUPDATESOURCE","VARCHAR2",200,"Y"
"CB","CBEBTCDATAQUALITYCONFIG","NUMTHRESHOLDVALUE","NUMBER",22,"N"
"CB","CBEBTCFLOWEXECUTIONS","NUMRETRYCOUNT","NUMBER",22,"Y"
"CB","CBEBTCFLOWEXECUTIONS","FLOWUIDGUID","VARCHAR2",4000,"Y"
"CB","CBEBTCFLOWEXECUTIONS","UIDBTCFLOWEXECUTIONID","RAW",16,"N"
"CB","CBEBTCFLOWEXECUTIONS","NAMFILENAME","VARCHAR2",280,"Y"
"CB","CBEBTCFLOWEXECUTIONS","NAMFILEPATHNAME","VARCHAR2",4000,"Y"
"CB","CBEBTCFLOWEXECUTIONS","CODPROVIDERCODE","VARCHAR2",32,"N"
"CB","CBEBTCFLOWEXECUTIONS","CODUSERASCODE","VARCHAR2",2000,"Y"
"CB","CBEBTCFLOWEXECUTIONS","DATFILEREFERENCEDATE","DATE",7,"Y"
"CB","CBEBTCFLOWEXECUTIONS","CODSUBMISSIONTYPECODE","VARCHAR2",4000,"Y"
"CB","CBEBTCFLOWEXECUTIONS","CODFILEVERSIONCODE","VARCHAR2",4000,"Y"
"CB","CBEBTCFLOWEXECUTIONS","FLOWUID","RAW",16,"N"
"CB","CBEBTCFLOWEXECUTIONS","DSCFLOWDESC","VARCHAR2",280,"N"
"CB","CBEBTCFLOWEXECUTIONS","CODSTATUSCODE","VARCHAR2",80,"N"
"CB","CBEBTCFLOWEXECUTIONS","CODRESERVEDCODE","VARCHAR2",200,"Y"
"CB","CBEBTCFLOWEXECUTIONS","CODNEWPROVIDERCODE","VARCHAR2",32,"Y"
"CB","CBEBTCFLOWEXECUTIONS","FLGSIMULATIONFLAG","VARCHAR2",20,"Y"
"CB","CBEBTCFLOWEXECUTIONS","DATSTARTINGDATE","DATE",7,"N"
"CB","CBEBTCFLOWEXECUTIONS","CODMODALITYCODE","VARCHAR2",4,"Y"
"CB","CBEBTCFLOWEXECUTIONS","DATENDINGDATE","DATE",7,"Y"
"CB","CBEBTCFLOWEXECUTIONS","DATTCINSERTIONDATE","TIMESTAMP(6)",11,"N"
"CB","CBEBTCFLOWEXECUTIONS","CODTCINSERTIONSOURCE","VARCHAR2",200,"N"
"CB","CBEBTCFLOWEXECUTIONS","CODTCINSERTIONUSERFULLNAME","VARCHAR2",2000,"N"
"CB","CBEBTCFLOWEXECUTIONS","DATTCLASTUPDATEDATE","TIMESTAMP(6)",11,"Y"
"CB","CBEBTCFLOWEXECUTIONS","CODTCLASTUPDATESOURCE","VARCHAR2",200,"Y"
"CB","CBEBTCFLOWEXECUTIONS","CODTCLASTUPDATEUSERFULLNAME","VARCHAR2",2000,"Y"
"CB","CBEBTCFLOWEXECUTIONS","FLGNOTIFICATIONSENT","NUMBER",22,"Y"
"CB","CBEBTCJOBREQUESTS","UIDBTCJOBREQUESTID","RAW",16,"N"
"CB","CBEBTCJOBREQUESTS","DSCMESSAGEDESC","VARCHAR2",4000,"Y"
"CB","CBEBTCJOBREQUESTS","CODJOBREQUESTTYPECODE","VARCHAR2",80,"N"
"CB","CBEBTCJOBREQUESTS","NAMJOBREQUESTNAME","VARCHAR2",64,"Y"
"CB","CBEBTCJOBREQUESTS","CODJOBREQUESTSTATUSCODE","VARCHAR2",36,"N"
"CB","CBEBTCJOBREQUESTS","CODJOBIDCODE","VARCHAR2",200,"Y"
"CB","CBEBTCJOBREQUESTS","CODJOBSTATUSCODE","VARCHAR2",32,"Y"
"CB","CBEBTCJOBREQUESTS","NAMJOBARGUMENTS","VARCHAR2",1000,"Y"
"CB","CBEBTCJOBREQUESTS","NUMJOBEXITCODE","NUMBER",22,"Y"
"CB","CBEBTCJOBREQUESTS","DATTCINSERTIONDATE","TIMESTAMP(6)",11,"N"
"CB","CBEBTCJOBREQUESTS","CODTCINSERTIONSOURCE","VARCHAR2",200,"N"
"CB","CBEBTCJOBREQUESTS","CODTCINSERTIONUSERFULLNAME","VARCHAR2",2000,"N"
"CB","CBEBTCJOBREQUESTS","DATTCLASTUPDATEDATE","TIMESTAMP(6)",11,"Y"
"CB","CBEBTCJOBREQUESTS","CODTCLASTUPDATESOURCE","VARCHAR2",200,"Y"
"CB","CBEBTCJOBREQUESTS","CODTCLASTUPDATEUSERFULLNAME","VARCHAR2",2000,"Y"
"CB","CBEBTCJOBREQUESTS","UIDBTCFLOWEXECUTIONID","RAW",16,"N"
"CB","CBEBTCPHASEEXECUTIONS","UIDBTCPHASEEXECUTIONID","RAW",16,"N"
"CB","CBEBTCPHASEEXECUTIONS","UIDBTCFLOWEXECUTIONID","RAW",16,"N"
"CB","CBEBTCPHASEEXECUTIONS","PHASEUID","RAW",16,"N"
"CB","CBEBTCPHASEEXECUTIONS","DSCPHASEDESC","VARCHAR2",280,"N"
"CB","CBEBTCPHASEEXECUTIONS","CODPHASESTAGETYPECODE","VARCHAR2",200,"Y"
"CB","CBEBTCPHASEEXECUTIONS","CODSTATUSCODE","VARCHAR2",80,"N"
"CB","CBEBTCPHASEEXECUTIONS","CODTCLASTUPDATEUSERFULLNAME","VARCHAR2",2000,"Y"
"CB","CBEBTCPHASEEXECUTIONS","DATENDINGDATE","DATE",7,"Y"
"CB","CBEBTCPHASEEXECUTIONS","DATTCINSERTIONDATE","TIMESTAMP(6)",11,"N"
"CB","CBEBTCPHASEEXECUTIONS","CODTCINSERTIONSOURCE","VARCHAR2",200,"N"
"CB","CBEBTCPHASEEXECUTIONS","CODTCINSERTIONUSERFULLNAME","VARCHAR2",2000,"N"
"CB","CBEBTCPHASEEXECUTIONS","DATTCLASTUPDATEDATE","TIMESTAMP(6)",11,"Y"
"CB","CBEBTCPHASEEXECUTIONS","CODTCLASTUPDATESOURCE","VARCHAR2",200,"Y"
"CB","CBEBTCPHASEEXECUTIONS","DATSTARTINGDATE","DATE",7,"N"
"CB","CBEBTCSTATISTICDETAILS","NUMSTATISTICVALUENUMBER","NUMBER",22,"Y"
"CB","CBEBTCSTATISTICDETAILS","DATTCINSERTIONDATE","TIMESTAMP(6)",11,"N"
"CB","CBEBTCSTATISTICDETAILS","CODTCINSERTIONSOURCE","VARCHAR2",200,"N"
"CB","CBEBTCSTATISTICDETAILS","CODTCINSERTIONUSERFULLNAME","VARCHAR2",2000,"N"
"CB","CBEBTCSTATISTICDETAILS","DATTCLASTUPDATEDATE","TIMESTAMP(6)",11,"Y"
"CB","CBEBTCSTATISTICDETAILS","CODTCLASTUPDATESOURCE","VARCHAR2",200,"Y"
"CB","CBEBTCSTATISTICDETAILS","CODTCLASTUPDATEUSERFULLNAME","VARCHAR2",2000,"Y"
"CB","CBEBTCSTATISTICDETAILS","UIDBTCSTATISTICDETAILID","RAW",16,"N"
"CB","CBEBTCSTATISTICDETAILS","UIDBTCSTATISTICID","RAW",16,"N"
"CB","CBEBTCSTATISTICDETAILS","CODAGGREGATIONLEVEL1CODE","VARCHAR2",8,"Y"
"CB","CBEBTCSTATISTICDETAILS","CODAGGREGATIONLEVEL2CODE","VARCHAR2",8,"Y"
"CB","CBEBTCSTATISTICS","UIDBTCSTATISTICID","RAW",16,"N"
"CB","CBEBTCSTATISTICS","UIDBTCFLOWEXECUTIONID","RAW",16,"N"
"CB","CBEBTCSTATISTICS","CODSTATISTICTYPECODE","VARCHAR2",8,"N"
"CB","CBEBTCSTATISTICS","DATTCINSERTIONDATE","TIMESTAMP(6)",11,"N"
"CB","CBEBTCSTATISTICS","CODTCLASTUPDATEUSERFULLNAME","VARCHAR2",2000,"Y"
"CB","CBEBTCSTATISTICS","CODTCINSERTIONUSERFULLNAME","VARCHAR2",2000,"N"
"CB","CBEBTCSTATISTICS","DATTCLASTUPDATEDATE","TIMESTAMP(6)",11,"Y"
"CB","CBEBTCSTATISTICS","CODTCLASTUPDATESOURCE","VARCHAR2",200,"Y"
"CB","CBEBTCSTATISTICS","CODTCINSERTIONSOURCE","VARCHAR2",200,"N"
"CB","CBECBSCOREMESSAGES","UIDSCOREMESSAGEID","RAW",16,"N"
"CB","CBECBSCOREMESSAGES","CODTCLASTUPDATEUSERFULLNAME","VARCHAR2",2000,"Y"
"CB","CBECBSCOREMESSAGES","CODTCLASTUPDATESOURCE","VARCHAR2",200,"Y"
"CB","CBECBSCOREMESSAGES","DATTCLASTUPDATEDATE","TIMESTAMP(6)",11,"Y"
"CB","CBECBSCOREMESSAGES","CODSCOREMESSAGETYPECODE","VARCHAR2",200,"N"
"CB","CBECBSCOREMESSAGES","CODTCINSERTIONSOURCE","VARCHAR2",200,"N"
"CB","CBECBSCOREMESSAGES","DATTCINSERTIONDATE","TIMESTAMP(6)",11,"N"
"CB","CBECBSCOREMESSAGES","CODCUSTOMCODE","VARCHAR2",40,"N"
"CB","CBECBSCOREMESSAGES","CODTCINSERTIONUSERFULLNAME","VARCHAR2",2000,"N"
"CB","CBECBSCOREPROFILES","CODUSERCODE","VARCHAR2",32,"Y"
"CB","CBECBSCOREPROFILES","CODCHANNELCODE","VARCHAR2",4,"Y"
"CB","CBECBSCOREPROFILES","CODSUBJECTTYPECODE","VARCHAR2",4,"Y"
"CB","CBECBSCOREPROFILES","TXTCLOBXML","XMLTYPE",2000,"N"
"CB","CBECBSCOREPROFILES","DATSTARTVALIDITYDATE","DATE",7,"N"
"CB","CBECBSCOREPROFILES","DATENDVALIDITYDATE","DATE",7,"N"
"CB","CBECBSCOREPROFILES","CODBRANCHCODE","VARCHAR2",20,"Y"
"CB","CBECBSCOREPROFILES","CODPROVIDERCODE","VARCHAR2",32,"Y"
"CB","CBECBSCOREPROFILES","CODSCORETYPECODE","VARCHAR2",200,"N"
"CB","CBECBSCOREPROFILES","UIDCBSCOREPROFILEID","RAW",16,"N"
"CB","CBECBSCOREPROFILES","CODTCLASTUPDATEUSERFULLNAME","VARCHAR2",2000,"Y"
"CB","CBECBSCOREPROFILES","CODTCLASTUPDATESOURCE","VARCHAR2",200,"Y"
"CB","CBECBSCOREPROFILES","DATTCLASTUPDATEDATE","TIMESTAMP(6)",11,"Y"
"CB","CBECBSCOREPROFILES","DATTCINSERTIONDATE","TIMESTAMP(6)",11,"N"
"CB","CBECBSCOREPROFILES","CODTCINSERTIONSOURCE","VARCHAR2",200,"N"
"CB","CBECBSCOREPROFILES","CODTCINSERTIONUSERFULLNAME","VARCHAR2",2000,"N"
"CB","CBECOMPANIES","NAMSHORTCOMPANYNAME","VARCHAR2",480,"Y"
"CB","CBECOMPANIES","CODTCLASTUPDATEUSERFULLNAME","VARCHAR2",2000,"Y"
"CB","CBECOMPANIES","NAMTRADENAME","VARCHAR2",480,"N"
"CB","CBECOMPANIES","UIDSUBJECTID","RAW",16,"N"
"CB","CBECOMPANIES","DATESTABLISHMENTDATE","DATE",7,"Y"
"CB","CBECOMPANIES","NAMREGISTRATIONPLACE","VARCHAR2",120,"Y"
"CB","CBECOMPANIES","CODECONOMICACTIVITYCODE","VARCHAR2",32,"Y"
"CB","CBECOMPANIES","CODNUMBEROFEMPLOYEESCODE","VARCHAR2",8,"Y"
"CB","CBECOMPANIES","AMNGROSSINCOME","NUMBER",22,"Y"
"CB","CBECOMPANIES","AMNMONTHLYEXPENSES","NUMBER",22,"Y"
"CB","CBECOMPANIES","AMNNETTAXABLEINCOME","NUMBER",22,"Y"
"CB","CBECOMPANIES","DATTCINSERTIONDATE","TIMESTAMP(6)",11,"N"
"CB","CBECOMPANIES","CODTCINSERTIONSOURCE","VARCHAR2",200,"N"
"CB","CBECOMPANIES","CODTCINSERTIONUSERFULLNAME","VARCHAR2",2000,"N"
"CB","CBECOMPANIES","DATTCLASTUPDATEDATE","TIMESTAMP(6)",11,"Y"
"CB","CBECOMPANIES","CODTCLASTUPDATESOURCE","VARCHAR2",200,"Y"
"CB","CBECOMPANIES","CODLEGALFORMCODE","VARCHAR2",12,"Y"
"CB","CBECOMPANYLINKS","UIDPARENTSUBJECTID","RAW",16,"N"
"CB","CBECOMPANYLINKS","UIDCOMPANYLINKID","RAW",16,"N"
"CB","CBECOMPANYLINKS","CODTCLASTUPDATEUSERFULLNAME","VARCHAR2",2000,"Y"
"CB","CBECOMPANYLINKS","CODTCLASTUPDATESOURCE","VARCHAR2",200,"Y"
"CB","CBECOMPANYLINKS","UIDCHILDSUBJECTID","RAW",16,"N"
"CB","CBECOMPANYLINKS","DATTCLASTUPDATEDATE","TIMESTAMP(6)",11,"Y"
"CB","CBECOMPANYLINKS","CODTCINSERTIONUSERFULLNAME","VARCHAR2",2000,"N"
"CB","CBECOMPANYLINKS","CODTCINSERTIONSOURCE","VARCHAR2",200,"N"
"CB","CBECOMPANYLINKS","DATTCINSERTIONDATE","TIMESTAMP(6)",11,"N"
"CB","CBECOMPANYLINKS","DATLOGICALSTATUSCODEDATE","DATE",7,"Y"
"CB","CBECOMPANYLINKS","CODLOGICALSTATUSCODE","VARCHAR2",4,"Y"
"CB","CBECOMPANYLINKS","FLGCURRENT","NUMBER",22,"N"
"CB","CBECOMPANYLINKS","DATREFERENCEDATE","DATE",7,"N"
"CB","CBECOMPANYLINKS","CODSUBJECTROLECODE","VARCHAR2",4,"N"
"CB","CBECOMPANYLINKS","CODPROVIDERCODE","VARCHAR2",32,"Y"
"CB","CBECONTACTS","UIDCONTACTID","RAW",16,"N"
"CB","CBECONTACTS","CODTCLASTUPDATESOURCE","VARCHAR2",200,"Y"
"CB","CBECONTACTS","DATTCLASTUPDATEDATE","TIMESTAMP(6)",11,"Y"
"CB","CBECONTACTS","CODTCINSERTIONUSERFULLNAME","VARCHAR2",2000,"N"
"CB","CBECONTACTS","CODTCINSERTIONSOURCE","VARCHAR2",200,"N"
"CB","CBECONTACTS","CODTCLASTUPDATEUSERFULLNAME","VARCHAR2",2000,"Y"
"CB","CBECONTACTS","FLGCURRENT","NUMBER",22,"N"
"CB","CBECONTACTS","DATREFERENCEDATE","DATE",7,"Y"
"CB","CBECONTACTS","CODCONTACTCODE","VARCHAR2",480,"N"
"CB","CBECONTACTS","CODCONTACTTYPECODE","VARCHAR2",4,"N"
"CB","CBECONTACTS","UIDSUBJECTID","RAW",16,"N"
"CB","CBECONTACTS","DATTCINSERTIONDATE","TIMESTAMP(6)",11,"N"
"CB","CBECONTRACTS","CODUSEROWNERCODE","VARCHAR2",32,"Y"
"CB","CBECONTRACTS","CODCONTRACTCATEGORYCODE","VARCHAR2",4,"N"
"CB","CBECONTRACTS","CODCONTRACTTYPECODE","VARCHAR2",8,"N"
"CB","CBECONTRACTS","DATCONTRACTREQUESTDATE","DATE",7,"Y"
"CB","CBECONTRACTS","DATCONTRACTSTARTDATE","DATE",7,"Y"
"CB","CBECONTRACTS","DATCONTRACTENDPLANNEDDATE","DATE",7,"Y"
"CB","CBECONTRACTS","DATCONTRACTENDACTUALDATE","DATE",7,"Y"
"CB","CBECONTRACTS","FLGONLINESOURCE","NUMBER",22,"N"
"CB","CBECONTRACTS","FLGBATCHSOURCE","NUMBER",22,"N"
"CB","CBECONTRACTS","CODTCLASTUPDATEUSERFULLNAME","VARCHAR2",2000,"Y"
"CB","CBECONTRACTS","UIDCONTRACTID","RAW",16,"N"
"CB","CBECONTRACTS","CODCONTRACTCODE","VARCHAR2",60,"N"
"CB","CBECONTRACTS","CODSOURCEREORGANIZEDCONTRACT","VARCHAR2",60,"Y"
"CB","CBECONTRACTS","CODCHILDREORGANIZEDCONTRACT","VARCHAR2",60,"Y"
"CB","CBECONTRACTS","CODREORGANIZEDCREDITCODE","VARCHAR2",4,"Y"
"CB","CBECONTRACTS","DATREORGANIZEDCREDITDATE","DATE",7,"Y"
"CB","CBECONTRACTS","CODPROVIDERCONTRACTCODE","VARCHAR2",152,"Y"
"CB","CBECONTRACTS","CODPROVIDERAPPLICATIONCODE","VARCHAR2",152,"Y"
"CB","CBECONTRACTS","CODPROVIDEROWNERCODE","VARCHAR2",32,"N"
"CB","CBECONTRACTS","CODBRANCHOWNERCODE","VARCHAR2",20,"Y"
"CB","CBECONTRACTS","DATFIRSTREFERENCEDATE","DATE",7,"N"
"CB","CBECONTRACTS","DATLASTREFERENCEDATE","DATE",7,"N"
"CB","CBECONTRACTS","CODLOGICALSTATUSCODE","VARCHAR2",4,"Y"
"CB","CBECONTRACTS","DATLOGICALSTATUSCODEDATE","DATE",7,"Y"
"CB","CBECONTRACTS","DATTCINSERTIONDATE","TIMESTAMP(6)",11,"N"
"CB","CBECONTRACTS","CODTCINSERTIONSOURCE","VARCHAR2",200,"N"
"CB","CBECONTRACTS","CODTCINSERTIONUSERFULLNAME","VARCHAR2",2000,"N"
"CB","CBECONTRACTS","DATTCLASTUPDATEDATE","TIMESTAMP(6)",11,"Y"
"CB","CBECONTRACTS","CODTCLASTUPDATESOURCE","VARCHAR2",200,"Y"
"CB","CBECREDITCARDPREVIOUSMAX","UIDCONTRACTID","RAW",16,"N"
"CB","CBECREDITCARDPREVIOUSMAX","CODTCLASTUPDATEUSERFULLNAME","VARCHAR2",2000,"Y"
"CB","CBECREDITCARDPREVIOUSMAX","NUMOVERDUEPAYMENTSNUMBER","NUMBER",22,"Y"
"CB","CBECREDITCARDPREVIOUSMAX","DATOVERDUEPAYMENTSNUMDATE","DATE",7,"Y"
"CB","CBECREDITCARDPREVIOUSMAX","CODDAYSPASTDUECODE","NUMBER",22,"Y"
"CB","CBECREDITCARDPREVIOUSMAX","DATDAYSPASTDUEDATE","DATE",7,"Y"
"CB","CBECREDITCARDPREVIOUSMAX","AMNOUTSTANDINGBALANCEAMOUNT","NUMBER",22,"Y"
"CB","CBECREDITCARDPREVIOUSMAX","DATOUTSTANDINGBALANCEDATE","DATE",7,"Y"
"CB","CBECREDITCARDPREVIOUSMAX","AMNCHARGEDAMOUNT","NUMBER",22,"Y"
"CB","CBECREDITCARDPREVIOUSMAX","DATCHARGEDAMOUNTDATE","DATE",7,"Y"
"CB","CBECREDITCARDPREVIOUSMAX","AMNOVERLIMITAMOUNT","NUMBER",22,"Y"
"CB","CBECREDITCARDPREVIOUSMAX","DATOVERLIMITDATE","DATE",7,"Y"
"CB","CBECREDITCARDPREVIOUSMAX","CODWORSTCONTRACTSTATUSCODE","VARCHAR2",4,"Y"
"CB","CBECREDITCARDPREVIOUSMAX","DATWORSTCONTRACTSTATUSDATE","DATE",7,"Y"
"CB","CBECREDITCARDPREVIOUSMAX","DATTCINSERTIONDATE","TIMESTAMP(6)",11,"N"
"CB","CBECREDITCARDPREVIOUSMAX","CODTCINSERTIONSOURCE","VARCHAR2",200,"N"
"CB","CBECREDITCARDPREVIOUSMAX","CODTCINSERTIONUSERFULLNAME","VARCHAR2",2000,"N"
"CB","CBECREDITCARDPREVIOUSMAX","DATTCLASTUPDATEDATE","TIMESTAMP(6)",11,"Y"
"CB","CBECREDITCARDPREVIOUSMAX","CODTCLASTUPDATESOURCE","VARCHAR2",200,"Y"
"CB","CBECREDITCARDPREVIOUSMAX","AMNOVERDUEPAYMENTSAMOUNT","NUMBER",22,"Y"
"CB","CBECREDITCARDS","CODCURRENCYCODE","VARCHAR2",12,"N"
"CB","CBECREDITCARDS","CODORIGINALCURRENCYCODE","VARCHAR2",12,"Y"
"CB","CBECREDITCARDS","AMNCREDITLIMITAMOUNT","NUMBER",22,"Y"
"CB","CBECREDITCARDS","AMNAPPLICATIONAMOUNT","NUMBER",22,"Y"
"CB","CBECREDITCARDS","AMNMONTHLYPAYMENTSAMOUNT","NUMBER",22,"Y"
"CB","CBECREDITCARDS","CODPAYMENTPERIODICITYCODE","VARCHAR2",4,"Y"
"CB","CBECREDITCARDS","CODPAYMENTMETHODCODE","VARCHAR2",12,"Y"
"CB","CBECREDITCARDS","AMNNEXTPAYMENTAMOUNT","NUMBER",22,"Y"
"CB","CBECREDITCARDS","DATNEXTPAYMENTDATE","DATE",7,"Y"
"CB","CBECREDITCARDS","DATLASTPAYMENTDATE","DATE",7,"Y"
"CB","CBECREDITCARDS","AMNOUTSTANDINGBALANCEAMOUNT","NUMBER",22,"Y"
"CB","CBECREDITCARDS","NUMOVERDUEPAYMENTSNUMBER","NUMBER",22,"Y"
"CB","CBECREDITCARDS","AMNOVERDUEPAYMENTSAMOUNT","NUMBER",22,"Y"
"CB","CBECREDITCARDS","CODDAYSPASTDUECODE","NUMBER",22,"Y"
"CB","CBECREDITCARDS","CODINSTALLMENTTYPECODE","VARCHAR2",4,"Y"
"CB","CBECREDITCARDS","AMNCHARGEDAMOUNT","NUMBER",22,"Y"
"CB","CBECREDITCARDS","DATLASTCHARGEDATE","DATE",7,"Y"
"CB","CBECREDITCARDS","AMNOVERLIMITAMOUNT","NUMBER",22,"Y"
"CB","CBECREDITCARDS","NUMMINPAYMENTPERCENTAGENUMBER","NUMBER",22,"Y"
"CB","CBECREDITCARDS","CODMINPAYMENTINDICATORCODE","VARCHAR2",4,"Y"
"CB","CBECREDITCARDS","FLGCARDUSED","NUMBER",22,"Y"
"CB","CBECREDITCARDS","NUMTIMESCARDUSEDNUMBER","NUMBER",22,"Y"
"CB","CBECREDITCARDS","NUMPRINCIPALOVERDUEPAYMENTS","NUMBER",22,"Y"
"CB","CBECREDITCARDS","AMNPRINCIPALOVERDUEPAYMENTS","NUMBER",22,"Y"
"CB","CBECREDITCARDS","DATTCLASTUPDATEDATE","TIMESTAMP(6)",11,"Y"
"CB","CBECREDITCARDS","CODTCLASTUPDATESOURCE","VARCHAR2",200,"Y"
"CB","CBECREDITCARDS","CODTCLASTUPDATEUSERFULLNAME","VARCHAR2",2000,"Y"
"CB","CBECREDITCARDS","NUMINTERESTOVERDUEPAYMENTS","NUMBER",22,"Y"
"CB","CBECREDITCARDS","AMNINTERESTOVERDUEPAYMENTS","NUMBER",22,"Y"
"CB","CBECREDITCARDS","CODASSETQUALITYCLASSCODE","VARCHAR2",4,"Y"
"CB","CBECREDITCARDS","DATREFERENCEDATE","DATE",7,"N"
"CB","CBECREDITCARDS","CODCONTRACTSTATUSCODE","VARCHAR2",16,"Y"
"CB","CBECREDITCARDS","FLGCURRENT","NUMBER",22,"N"
"CB","CBECREDITCARDS","DATTCINSERTIONDATE","TIMESTAMP(6)",11,"N"
"CB","CBECREDITCARDS","CODTCINSERTIONSOURCE","VARCHAR2",200,"N"
"CB","CBECREDITCARDS","CODTCINSERTIONUSERFULLNAME","VARCHAR2",2000,"N"
"CB","CBECREDITCARDS","AMNINTERESTRATEAMOUNT","NUMBER",22,"Y"
"CB","CBECREDITCARDS","UIDCREDITCARDID","RAW",16,"N"
"CB","CBECREDITCARDS","UIDCONTRACTID","RAW",16,"N"
"CB","CBECREDITCARDS","UIDGUARANTEESETID","RAW",16,"Y"
"CB","CBECREDITCARDS","CODCONTRACTPHASECODE","VARCHAR2",8,"Y"
"CB","CBECREDITCARDS","DATCONTRACTPHASEDATE","DATE",7,"Y"
"CB","CBECREDITHISTORYBANLOG","DATTCINSERTIONDATE","TIMESTAMP(6)",11,"N"
"CB","CBECREDITHISTORYBANLOG","MERGEDCANDIDATESTATUS","VARCHAR2",12,"Y"
"CB","CBECREDITHISTORYBANLOG","CODTCINSERTIONUSERFULLNAME","VARCHAR2",2000,"N"
"CB","CBECREDITHISTORYBANLOG","DATTCLASTUPDATEDATE","TIMESTAMP(6)",11,"Y"
"CB","CBECREDITHISTORYBANLOG","CODTCLASTUPDATESOURCE","VARCHAR2",200,"Y"
"CB","CBECREDITHISTORYBANLOG","CODTCLASTUPDATEUSERFULLNAME","VARCHAR2",2000,"Y"
"CB","CBECREDITHISTORYBANLOG","UIDCREDITHISTORYBANLOGID","RAW",16,"N"
"CB","CBECREDITHISTORYBANLOG","UIDSUBJECTID","RAW",16,"N"
"CB","CBECREDITHISTORYBANLOG","CODSUBJECTTYPECODE","VARCHAR2",4,"N"
"CB","CBECREDITHISTORYBANLOG","CODSUBJECTCODE","VARCHAR2",60,"Y"
"CB","CBECREDITHISTORYBANLOG","NAMFIRSTNAME","VARCHAR2",280,"Y"
"CB","CBECREDITHISTORYBANLOG","NAMLASTNAME","VARCHAR2",280,"Y"
"CB","CBECREDITHISTORYBANLOG","DATBIRTHDATE","DATE",7,"Y"
"CB","CBECREDITHISTORYBANLOG","NAMTRADENAME","VARCHAR2",480,"Y"
"CB","CBECREDITHISTORYBANLOG","CODIDTYPECODE","VARCHAR2",4,"Y"
"CB","CBECREDITHISTORYBANLOG","CODIDNUMBERCODE","VARCHAR2",80,"Y"
"CB","CBECREDITHISTORYBANLOG","CODSUSPENSIONACTION","VARCHAR2",4,"Y"
"CB","CBECREDITHISTORYBANLOG","CODLOGICALSTATUSCODE","VARCHAR2",4,"Y"
"CB","CBECREDITHISTORYBANLOG","CODSUSPENSIONSOURCE","VARCHAR2",40,"Y"
"CB","CBECREDITHISTORYBANLOG","CODCHANNELCODE","VARCHAR2",4,"Y"
"CB","CBECREDITHISTORYBANLOG","FLGCURRENT","NUMBER",22,"N"
"CB","CBECREDITHISTORYBANLOG","UIDMERGEDINTOSUBJECTID","RAW",16,"Y"
"CB","CBECREDITHISTORYBANLOG","CODMERGEDINTOSUBJECTCODE","VARCHAR2",152,"Y"
"CB","CBECREDITHISTORYBANLOG","CODTCINSERTIONSOURCE","VARCHAR2",200,"N"
"CB","CBEEMAILLISTS","UIDMAILLISTID","RAW",16,"N"
"CB","CBEEMAILLISTS","CODLISTCODE","VARCHAR2",200,"N"
"CB","CBEEMAILLISTS","NAMEMAILDOMAINNAME","VARCHAR2",1020,"Y"
"CB","CBEEMAILLISTS","NAMEMAILADDRESSNAME","VARCHAR2",1020,"Y"
"CB","CBEEMAILLISTS","DATSTARTVALIDITYDATE","DATE",7,"N"
"CB","CBEEMAILLISTS","CODTCLASTUPDATEUSERFULLNAME","VARCHAR2",2000,"Y"
"CB","CBEEMAILLISTS","DATTCINSERTIONDATE","TIMESTAMP(6)",11,"N"
"CB","CBEEMAILLISTS","CODTCINSERTIONSOURCE","VARCHAR2",200,"N"
"CB","CBEEMAILLISTS","CODTCINSERTIONUSERFULLNAME","VARCHAR2",2000,"N"
"CB","CBEEMAILLISTS","DATTCLASTUPDATEDATE","TIMESTAMP(6)",11,"Y"
"CB","CBEEMAILLISTS","CODTCLASTUPDATESOURCE","VARCHAR2",200,"Y"
"CB","CBEEMAILLISTS","DATENDVALIDITYDATE","DATE",7,"N"
"CB","CBEEMPLOYMENTS","DATTCINSERTIONDATE","TIMESTAMP(6)",11,"N"
"CB","CBEEMPLOYMENTS","CODTCINSERTIONSOURCE","VARCHAR2",200,"N"
"CB","CBEEMPLOYMENTS","CODTCINSERTIONUSERFULLNAME","VARCHAR2",2000,"N"
"CB","CBEEMPLOYMENTS","DATTCLASTUPDATEDATE","TIMESTAMP(6)",11,"Y"
"CB","CBEEMPLOYMENTS","CODTCLASTUPDATESOURCE","VARCHAR2",200,"Y"
"CB","CBEEMPLOYMENTS","CODTCLASTUPDATEUSERFULLNAME","VARCHAR2",2000,"Y"
"CB","CBEEMPLOYMENTS","UIDEMPLOYMENTID","RAW",16,"N"
"CB","CBEEMPLOYMENTS","UIDSUBJECTID","RAW",16,"N"
"CB","CBEEMPLOYMENTS","AMNGROSSINCOMEAMOUNT","NUMBER",22,"Y"
"CB","CBEEMPLOYMENTS","CODCURRENCYCODE","VARCHAR2",12,"Y"
"CB","CBEEMPLOYMENTS","DATHIREDDATEFROM","DATE",7,"Y"
"CB","CBEEMPLOYMENTS","DATHIREDDATETO","DATE",7,"Y"
"CB","CBEEMPLOYMENTS","DSCOCCUPATIONDESC","VARCHAR2",80,"Y"
"CB","CBEEMPLOYMENTS","CODOCCUPATIONSTATUSCODE","VARCHAR2",4,"Y"
"CB","CBEEMPLOYMENTS","NAMTRADENAME","VARCHAR2",480,"Y"
"CB","CBEEMPLOYMENTS","DATREFERENCEDATE","DATE",7,"Y"
"CB","CBEEMPLOYMENTS","FLGCURRENT","NUMBER",22,"N"
"CB","CBEENQUIRYCOMPANYLINKS","UIDSUBJECTID","RAW",16,"N"
"CB","CBEENQUIRYCOMPANYLINKS","UIDENQUIRYCOMPANYLINKID","RAW",16,"N"
"CB","CBEENQUIRYCOMPANYLINKS","CODTCLASTUPDATEUSERFULLNAME","VARCHAR2",2000,"Y"
"CB","CBEENQUIRYCOMPANYLINKS","CODTCLASTUPDATESOURCE","VARCHAR2",200,"Y"
"CB","CBEENQUIRYCOMPANYLINKS","DATTCLASTUPDATEDATE","TIMESTAMP(6)",11,"Y"
"CB","CBEENQUIRYCOMPANYLINKS","CODTCINSERTIONUSERFULLNAME","VARCHAR2",2000,"N"
"CB","CBEENQUIRYCOMPANYLINKS","CODTCINSERTIONSOURCE","VARCHAR2",200,"N"
"CB","CBEENQUIRYCOMPANYLINKS","DATTCINSERTIONDATE","TIMESTAMP(6)",11,"N"
"CB","CBEENQUIRYCOMPANYLINKS","CODSUBJECTROLECODE","VARCHAR2",4,"N"
"CB","CBEENQUIRYCOMPANYLINKS","UIDCONTRACTID","RAW",16,"N"
"CB","CBEEVENTIMPACTEDCONTRACTS","CODTCLASTUPDATESOURCE","VARCHAR2",200,"Y"
"CB","CBEEVENTIMPACTEDCONTRACTS","DATTCLASTUPDATEDATE","TIMESTAMP(6)",11,"Y"
"CB","CBEEVENTIMPACTEDCONTRACTS","CODTCINSERTIONUSERFULLNAME","VARCHAR2",2000,"N"
"CB","CBEEVENTIMPACTEDCONTRACTS","CODTCINSERTIONSOURCE","VARCHAR2",200,"N"
"CB","CBEEVENTIMPACTEDCONTRACTS","CODTCLASTUPDATEUSERFULLNAME","VARCHAR2",2000,"Y"
"CB","CBEEVENTIMPACTEDCONTRACTS","UIDCONTRACTID","RAW",16,"N"
"CB","CBEEVENTIMPACTEDCONTRACTS","UIDEVENTID","RAW",16,"N"
"CB","CBEEVENTIMPACTEDCONTRACTS","UIDEVENTIMPACTEDCONTRACTID","RAW",16,"N"
"CB","CBEEVENTIMPACTEDCONTRACTS","DATTCINSERTIONDATE","TIMESTAMP(6)",11,"N"
"CB","CBEEVENTIMPACTEDSUBJECTS","UIDEVENTID","RAW",16,"N"
"CB","CBEEVENTIMPACTEDSUBJECTS","UIDEVENTIMPACTEDSUBJECTID","RAW",16,"N"
"CB","CBEEVENTIMPACTEDSUBJECTS","UIDSUBJECTID","RAW",16,"N"
"CB","CBEEVENTIMPACTEDSUBJECTS","CODTCLASTUPDATEUSERFULLNAME","VARCHAR2",2000,"Y"
"CB","CBEEVENTIMPACTEDSUBJECTS","CODTCLASTUPDATESOURCE","VARCHAR2",200,"Y"
"CB","CBEEVENTIMPACTEDSUBJECTS","DATTCLASTUPDATEDATE","TIMESTAMP(6)",11,"Y"
"CB","CBEEVENTIMPACTEDSUBJECTS","CODTCINSERTIONUSERFULLNAME","VARCHAR2",2000,"N"
"CB","CBEEVENTIMPACTEDSUBJECTS","CODTCINSERTIONSOURCE","VARCHAR2",200,"N"
"CB","CBEEVENTIMPACTEDSUBJECTS","DATTCINSERTIONDATE","TIMESTAMP(6)",11,"N"
"CB","CBEEVENTS","UIDEVENTID","RAW",16,"N"
"CB","CBEEVENTS","CODTCLASTUPDATEUSERFULLNAME","VARCHAR2",2000,"Y"
"CB","CBEEVENTS","CODINITIATORPROVIDERCODE","VARCHAR2",32,"N"
"CB","CBEEVENTS","CODINITIATORBRANCHCODE","VARCHAR2",20,"Y"
"CB","CBEEVENTS","CODINITIATORUSERCODE","VARCHAR2",32,"Y"
"CB","CBEEVENTS","CODCHANNELCODE","VARCHAR2",4,"N"
"CB","CBEEVENTS","TXTEVENTXML","BLOB",4000,"Y"
"CB","CBEEVENTS","CODEVENTSTATUSCODE","VARCHAR2",4,"N"
"CB","CBEEVENTS","CODIMPACTEDENTITYCODE","VARCHAR2",4,"Y"
"CB","CBEEVENTS","CODTCLASTUPDATESOURCE","VARCHAR2",200,"Y"
"CB","CBEEVENTS","DATTCLASTUPDATEDATE","TIMESTAMP(6)",11,"Y"
"CB","CBEEVENTS","CODTCINSERTIONUSERFULLNAME","VARCHAR2",2000,"N"
"CB","CBEEVENTS","CODTCINSERTIONSOURCE","VARCHAR2",200,"N"
"CB","CBEEVENTS","DATTCINSERTIONDATE","TIMESTAMP(6)",11,"N"
"CB","CBEEVENTS","DATINSERTIONEVENTDATE","DATE",7,"N"
"CB","CBEEVENTS","UIDMESSAGEID","VARCHAR2",144,"Y"
"CB","CBEGUARANTEES","UIDGUARANTEEID","RAW",16,"N"
"CB","CBEGUARANTEES","UIDSUBJECTID","RAW",16,"Y"
"CB","CBEGUARANTEES","NAMGUARANTORNAME","VARCHAR2",880,"Y"
"CB","CBEGUARANTEES","CODPROVIDEROWNERCODE","VARCHAR2",32,"N"
"CB","CBEGUARANTEES","CODPROVIDERGUARANTEECODE","VARCHAR2",152,"Y"
"CB","CBEGUARANTEES","AMNGUARANTEEDAMOUNT","NUMBER",22,"Y"
"CB","CBEGUARANTEES","CODCURRENCYCODE","VARCHAR2",12,"Y"
"CB","CBEGUARANTEES","CODGUARANTEECATEGORYCODE","VARCHAR2",4,"N"
"CB","CBEGUARANTEES","CODGUARANTEECODE","VARCHAR2",12,"N"
"CB","CBEGUARANTEES","CODGUARANTEECUSTOMERTYPECODE","VARCHAR2",4,"Y"
"CB","CBEGUARANTEES","CODASSETCODE","VARCHAR2",80,"Y"
"CB","CBEGUARANTEES","DSCASSETDESC","VARCHAR2",2000,"Y"
"CB","CBEGUARANTEES","DATVALIDITYSTARTDATE","DATE",7,"Y"
"CB","CBEGUARANTEES","DATVALIDITYENDDATE","DATE",7,"Y"
"CB","CBEGUARANTEES","DATTCINSERTIONDATE","TIMESTAMP(6)",11,"N"
"CB","CBEGUARANTEES","CODTCINSERTIONSOURCE","VARCHAR2",200,"N"
"CB","CBEGUARANTEES","CODTCINSERTIONUSERFULLNAME","VARCHAR2",2000,"N"
"CB","CBEGUARANTEES","DATTCLASTUPDATEDATE","TIMESTAMP(6)",11,"Y"
"CB","CBEGUARANTEES","CODTCLASTUPDATESOURCE","VARCHAR2",200,"Y"
"CB","CBEGUARANTEES","CODTCLASTUPDATEUSERFULLNAME","VARCHAR2",2000,"Y"
"CB","CBEGUARANTEESETS","UIDGUARANTEESETID","RAW",16,"N"
"CB","CBEGUARANTEESETS","DATTCINSERTIONDATE","TIMESTAMP(6)",11,"N"
"CB","CBEGUARANTEESETS","CODTCINSERTIONSOURCE","VARCHAR2",200,"N"
"CB","CBEGUARANTEESETS","CODTCLASTUPDATEUSERFULLNAME","VARCHAR2",2000,"Y"
"CB","CBEGUARANTEESETS","DATTCLASTUPDATEDATE","TIMESTAMP(6)",11,"Y"
"CB","CBEGUARANTEESETS","CODTCLASTUPDATESOURCE","VARCHAR2",200,"Y"
"CB","CBEGUARANTEESETS","CODTCINSERTIONUSERFULLNAME","VARCHAR2",2000,"N"
"CB","CBEIDENTIFICATIONCODES","CODTCINSERTIONSOURCE","VARCHAR2",200,"N"
"CB","CBEIDENTIFICATIONCODES","DATTCINSERTIONDATE","TIMESTAMP(6)",11,"N"
"CB","CBEIDENTIFICATIONCODES","FLGCURRENT","NUMBER",22,"N"
"CB","CBEIDENTIFICATIONCODES","DATREFERENCEDATE","DATE",7,"Y"
"CB","CBEIDENTIFICATIONCODES","CODIDENTIFICATIONNUMBERCODE","VARCHAR2",80,"N"
"CB","CBEIDENTIFICATIONCODES","CODTCLASTUPDATESOURCE","VARCHAR2",200,"Y"
"CB","CBEIDENTIFICATIONCODES","UIDSUBJECTID","RAW",16,"N"
"CB","CBEIDENTIFICATIONCODES","UIDIDENTIFICATIONCODEID","RAW",16,"N"
"CB","CBEIDENTIFICATIONCODES","CODTCLASTUPDATEUSERFULLNAME","VARCHAR2",2000,"Y"
"CB","CBEIDENTIFICATIONCODES","CODTCINSERTIONUSERFULLNAME","VARCHAR2",2000,"N"
"CB","CBEIDENTIFICATIONCODES","DATTCLASTUPDATEDATE","TIMESTAMP(6)",11,"Y"
"CB","CBEIDENTIFICATIONCODES","CODIDENTIFICATIONTYPECODE","VARCHAR2",4,"N"
"CB","CBEIDENTIFICATIONDOCUMENTS","FLGCURRENT","NUMBER",22,"N"
"CB","CBEIDENTIFICATIONDOCUMENTS","DATREFERENCEDATE","DATE",7,"Y"
"CB","CBEIDENTIFICATIONDOCUMENTS","CODISSUECOUNTRYCODE","VARCHAR2",8,"Y"
"CB","CBEIDENTIFICATIONDOCUMENTS","DATEXPIRYDATE","DATE",7,"Y"
"CB","CBEIDENTIFICATIONDOCUMENTS","DATISSUEDATE","DATE",7,"Y"
"CB","CBEIDENTIFICATIONDOCUMENTS","CODIDNUMBERCODE","VARCHAR2",80,"N"
"CB","CBEIDENTIFICATIONDOCUMENTS","CODIDTYPECODE","VARCHAR2",4,"N"
"CB","CBEIDENTIFICATIONDOCUMENTS","UIDSUBJECTID","RAW",16,"N"
"CB","CBEIDENTIFICATIONDOCUMENTS","UIDIDENTIFICATIONDOCUMENTID","RAW",16,"N"
"CB","CBEIDENTIFICATIONDOCUMENTS","DATTCINSERTIONDATE","TIMESTAMP(6)",11,"N"
"CB","CBEIDENTIFICATIONDOCUMENTS","CODTCLASTUPDATEUSERFULLNAME","VARCHAR2",2000,"Y"
"CB","CBEIDENTIFICATIONDOCUMENTS","CODTCLASTUPDATESOURCE","VARCHAR2",200,"Y"
"CB","CBEIDENTIFICATIONDOCUMENTS","DATTCLASTUPDATEDATE","TIMESTAMP(6)",11,"Y"
"CB","CBEIDENTIFICATIONDOCUMENTS","CODTCINSERTIONUSERFULLNAME","VARCHAR2",2000,"N"
"CB","CBEIDENTIFICATIONDOCUMENTS","CODTCINSERTIONSOURCE","VARCHAR2",200,"N"
"CB","CBEINDIVIDUALS","CODTCLASTUPDATESOURCE","VARCHAR2",200,"Y"
"CB","CBEINDIVIDUALS","DATTCLASTUPDATEDATE","TIMESTAMP(6)",11,"Y"
"CB","CBEINDIVIDUALS","UIDSUBJECTID","RAW",16,"N"
"CB","CBEINDIVIDUALS","NAMFULLNAME","VARCHAR2",880,"Y"
"CB","CBEINDIVIDUALS","NAMFIRSTNAME","VARCHAR2",280,"Y"
"CB","CBEINDIVIDUALS","NAMLASTNAME","VARCHAR2",280,"Y"
"CB","CBEINDIVIDUALS","NAMPATRONYMICNAME","VARCHAR2",280,"Y"
"CB","CBEINDIVIDUALS","NAMORIGINALLASTNAME","VARCHAR2",280,"Y"
"CB","CBEINDIVIDUALS","CODMARITALSTATUSCODE","VARCHAR2",4,"Y"
"CB","CBEINDIVIDUALS","DATBIRTHDATE","DATE",7,"Y"
"CB","CBEINDIVIDUALS","NAMBIRTHPLACENAME","VARCHAR2",80,"Y"
"CB","CBEINDIVIDUALS","CODTCINSERTIONUSERFULLNAME","VARCHAR2",2000,"N"
"CB","CBEINDIVIDUALS","CODTCINSERTIONSOURCE","VARCHAR2",200,"N"
"CB","CBEINDIVIDUALS","DATTCINSERTIONDATE","TIMESTAMP(6)",11,"N"
"CB","CBEINDIVIDUALS","CODGENDERCODE","VARCHAR2",4,"Y"
"CB","CBEINDIVIDUALS","CODBIRTHCOUNTRYCODE","VARCHAR2",8,"Y"
"CB","CBEINDIVIDUALS","CODTCLASTUPDATEUSERFULLNAME","VARCHAR2",2000,"Y"
"CB","CBEINSTALLMENTS","CODNEWUSEDCODE","VARCHAR2",4,"Y"
"CB","CBEINSTALLMENTS","DSCGOODBRANDDESC","VARCHAR2",400,"Y"
"CB","CBEINSTALLMENTS","DATMANUFACTURINGDATE","DATE",7,"Y"
"CB","CBEINSTALLMENTS","CODREGISTRATIONCODE","VARCHAR2",80,"Y"
"CB","CBEINSTALLMENTS","DATFIRSTPAYMENTDATE","DATE",7,"Y"
"CB","CBEINSTALLMENTS","DATLASTPAYMENTDATE","DATE",7,"Y"
"CB","CBEINSTALLMENTS","DATREFERENCEDATE","DATE",7,"N"
"CB","CBEINSTALLMENTS","CODCONTRACTSTATUSCODE","VARCHAR2",16,"Y"
"CB","CBEINSTALLMENTS","FLGCURRENT","NUMBER",22,"N"
"CB","CBEINSTALLMENTS","DATTCINSERTIONDATE","TIMESTAMP(6)",11,"N"
"CB","CBEINSTALLMENTS","CODTCINSERTIONSOURCE","VARCHAR2",200,"N"
"CB","CBEINSTALLMENTS","CODTCINSERTIONUSERFULLNAME","VARCHAR2",2000,"N"
"CB","CBEINSTALLMENTS","DATTCLASTUPDATEDATE","TIMESTAMP(6)",11,"Y"
"CB","CBEINSTALLMENTS","CODTCLASTUPDATESOURCE","VARCHAR2",200,"Y"
"CB","CBEINSTALLMENTS","CODTCLASTUPDATEUSERFULLNAME","VARCHAR2",2000,"Y"
"CB","CBEINSTALLMENTS","CODPAYMENTPERIODICITYCODE","VARCHAR2",4,"Y"
"CB","CBEINSTALLMENTS","CODPAYMENTMETHODCODE","VARCHAR2",12,"Y"
"CB","CBEINSTALLMENTS","AMNNEXTPAYMENTAMOUNT","NUMBER",22,"Y"
"CB","CBEINSTALLMENTS","DATNEXTPAYMENTDATE","DATE",7,"Y"
"CB","CBEINSTALLMENTS","NUMOUTSTANDINGPAYMENTSNUMBER","NUMBER",22,"Y"
"CB","CBEINSTALLMENTS","AMNOUTSTANDINGBALANCEAMOUNT","NUMBER",22,"Y"
"CB","CBEINSTALLMENTS","NUMOVERDUEPAYMENTSNUMBER","NUMBER",22,"Y"
"CB","CBEINSTALLMENTS","AMNOVERDUEPAYMENTSAMOUNT","NUMBER",22,"Y"
"CB","CBEINSTALLMENTS","NUMPRINCIPALOVERDUEPAYMENTS","NUMBER",22,"Y"
"CB","CBEINSTALLMENTS","AMNINTERESTRATEAMOUNT","NUMBER",22,"Y"
"CB","CBEINSTALLMENTS","UIDINSTALLMENTID","RAW",16,"N"
"CB","CBEINSTALLMENTS","UIDCONTRACTID","RAW",16,"N"
"CB","CBEINSTALLMENTS","UIDGUARANTEESETID","RAW",16,"Y"
"CB","CBEINSTALLMENTS","CODCONTRACTPHASECODE","VARCHAR2",8,"Y"
"CB","CBEINSTALLMENTS","DATCONTRACTPHASEDATE","DATE",7,"Y"
"CB","CBEINSTALLMENTS","CODCURRENCYCODE","VARCHAR2",12,"N"
"CB","CBEINSTALLMENTS","CODORIGINALCURRENCYCODE","VARCHAR2",12,"Y"
"CB","CBEINSTALLMENTS","AMNFINANCEDAMOUNT","NUMBER",22,"Y"
"CB","CBEINSTALLMENTS","AMNAPPLICATIONAMOUNT","NUMBER",22,"Y"
"CB","CBEINSTALLMENTS","AMNMONTHLYPAYMENTSAMOUNT","NUMBER",22,"Y"
"CB","CBEINSTALLMENTS","NUMTOTALINSTALLMENTSNUMBER","NUMBER",22,"N"
"CB","CBEINSTALLMENTS","AMNPRINCIPALOVERDUEPAYMENTS","NUMBER",22,"Y"
"CB","CBEINSTALLMENTS","NUMINTERESTOVERDUEPAYMENTS","NUMBER",22,"Y"
"CB","CBEINSTALLMENTS","AMNINTERESTOVERDUEPAYMENTS","NUMBER",22,"Y"
"CB","CBEINSTALLMENTS","CODCREDITSECURITYCODE","VARCHAR2",4,"Y"
"CB","CBEINSTALLMENTS","CODASSETQUALITYCLASSCODE","VARCHAR2",4,"Y"
"CB","CBEINSTALLMENTS","CODTYPEOFTERMOFCONTRACTCODE","VARCHAR2",4,"Y"
"CB","CBEINSTALLMENTS","CODDAYSPASTDUECODE","NUMBER",22,"Y"
"CB","CBEINSTALLMENTS","CODGOODTYPECODE","VARCHAR2",8,"Y"
"CB","CBEINSTALLMENTS","AMNGOODVALUEAMOUNT","NUMBER",22,"Y"
"CB","CBEINSTALLMENTSPREVIOUSMAX","UIDCONTRACTID","RAW",16,"N"
"CB","CBEINSTALLMENTSPREVIOUSMAX","AMNOVERDUEPAYMENTSAMOUNT","NUMBER",22,"Y"
"CB","CBEINSTALLMENTSPREVIOUSMAX","CODTCLASTUPDATEUSERFULLNAME","VARCHAR2",2000,"Y"
"CB","CBEINSTALLMENTSPREVIOUSMAX","CODTCLASTUPDATESOURCE","VARCHAR2",200,"Y"
"CB","CBEINSTALLMENTSPREVIOUSMAX","DATTCLASTUPDATEDATE","TIMESTAMP(6)",11,"Y"
"CB","CBEINSTALLMENTSPREVIOUSMAX","CODTCINSERTIONUSERFULLNAME","VARCHAR2",2000,"N"
"CB","CBEINSTALLMENTSPREVIOUSMAX","CODTCINSERTIONSOURCE","VARCHAR2",200,"N"
"CB","CBEINSTALLMENTSPREVIOUSMAX","DATTCINSERTIONDATE","TIMESTAMP(6)",11,"N"
"CB","CBEINSTALLMENTSPREVIOUSMAX","DATWORSTCONTRACTSTATUSDATE","DATE",7,"Y"
"CB","CBEINSTALLMENTSPREVIOUSMAX","CODWORSTCONTRACTSTATUSCODE","VARCHAR2",4,"Y"
"CB","CBEINSTALLMENTSPREVIOUSMAX","NUMOVERDUEPAYMENTSNUMBER","NUMBER",22,"Y"
"CB","CBEINSTALLMENTSPREVIOUSMAX","DATOVERDUEPAYMENTSNUMDATE","DATE",7,"Y"
"CB","CBEINSTALLMENTSPREVIOUSMAX","CODDAYSPASTDUECODE","NUMBER",22,"Y"
"CB","CBEINSTALLMENTSPREVIOUSMAX","DATDAYSPASTDUEDATE","DATE",7,"Y"
"CB","CBEINVALIDDATACONFIGURATION","DATTCINSERTIONDATE","TIMESTAMP(6)",11,"N"
"CB","CBEINVALIDDATACONFIGURATION","INVALIDFIELDVALUE","CHAR",100,"N"
"CB","CBEINVALIDDATACONFIGURATION","FIELDNAME","CHAR",100,"N"
"CB","CBEINVALIDDATACONFIGURATION","UIDINVALIDDATACONFIGID","RAW",16,"N"
"CB","CBEINVALIDDATACONFIGURATION","CODTCLASTUPDATEUSERFULLNAME","VARCHAR2",200,"N"
"CB","CBEINVALIDDATACONFIGURATION","CODTCLASTUPDATESOURCE","VARCHAR2",200,"Y"
"CB","CBEINVALIDDATACONFIGURATION","DATTCLASTUPDATEDATE","TIMESTAMP(6)",11,"Y"
"CB","CBEINVALIDDATACONFIGURATION","CODTCINSERTIONSOURCE","VARCHAR2",200,"Y"
"CB","CBEINVALIDDATACONFIGURATION","CODTCINSERTIONUSERFULLNAME","VARCHAR2",200,"N"
"CB","CBELOCALIZEDCBSCOREMESSAGES","CODTCINSERTIONUSERFULLNAME","VARCHAR2",2000,"N"
"CB","CBELOCALIZEDCBSCOREMESSAGES","DATTCLASTUPDATEDATE","TIMESTAMP(6)",11,"Y"
"CB","CBELOCALIZEDCBSCOREMESSAGES","CODTCLASTUPDATESOURCE","VARCHAR2",200,"Y"
"CB","CBELOCALIZEDCBSCOREMESSAGES","CODTCLASTUPDATEUSERFULLNAME","VARCHAR2",2000,"Y"
"CB","CBELOCALIZEDCBSCOREMESSAGES","CODTCINSERTIONSOURCE","VARCHAR2",200,"N"
"CB","CBELOCALIZEDCBSCOREMESSAGES","UIDSCOREMESSAGEID","RAW",16,"N"
"CB","CBELOCALIZEDCBSCOREMESSAGES","CODCULTURECODE","VARCHAR2",28,"N"
"CB","CBELOCALIZEDCBSCOREMESSAGES","DSCDESCRIPTIONDESC","VARCHAR2",512,"N"
"CB","CBELOCALIZEDCBSCOREMESSAGES","DATTCINSERTIONDATE","TIMESTAMP(6)",11,"N"
"CB","CBELOCALIZEDCBSCOREMESSAGES","UIDLOCALIZEDCBSCOREMESSAGEID","RAW",16,"N"
"CB","CBEMERGEDSUBJECTS","CODTCLASTUPDATESOURCE","VARCHAR2",200,"Y"
"CB","CBEMERGEDSUBJECTS","DATTCLASTUPDATEDATE","TIMESTAMP(6)",11,"Y"
"CB","CBEMERGEDSUBJECTS","CODTCLASTUPDATEUSERFULLNAME","VARCHAR2",2000,"Y"
"CB","CBEMERGEDSUBJECTS","CODTCINSERTIONUSERFULLNAME","VARCHAR2",2000,"N"
"CB","CBEMERGEDSUBJECTS","CODTCINSERTIONSOURCE","VARCHAR2",200,"N"
"CB","CBEMERGEDSUBJECTS","DATTCINSERTIONDATE","TIMESTAMP(6)",11,"N"
"CB","CBEMERGEDSUBJECTS","UIDSECONDARYSUBJECTID","RAW",16,"N"
"CB","CBEMERGEDSUBJECTS","UIDPRIMARYSUBJECTID","RAW",16,"N"
"CB","CBEMERGEDSUBJECTS","UIDMERGEDSUBJECTID","RAW",16,"N"
"CB","CBEMYSTICATTRIBUTES","CODATTRIBUTE","VARCHAR2",200,"Y"
"CB","CBEMYSTICATTRIBUTES","UIDATTRIBUTE","RAW",2,"Y"
"CB","CBEMYSTICKEYS","STRKEY","RAW",12,"Y"
"CB","CBEMYSTICKEYS","UIDATTRIBUTE","RAW",2,"Y"
"CB","CBEMYSTICKEYS","UIDENTITYID","RAW",16,"N"
"CB","CBEMYSTICVALUES","NAMVALUE","VARCHAR2",4000,"Y"
"CB","CBEMYSTICVALUES","UIDATTRIBUTE","RAW",2,"Y"
"CB","CBEMYSTICVALUES","UIDENTITYID","RAW",16,"N"
"CB","CBENEGATIVEEVENTS","DATREFERENCEDATE","DATE",7,"N"
"CB","CBENEGATIVEEVENTS","DATNEGATIVEEVENTDATE","DATE",7,"Y"
"CB","CBENEGATIVEEVENTS","CODTCINSERTIONSOURCE","VARCHAR2",200,"N"
"CB","CBENEGATIVEEVENTS","DATTCINSERTIONDATE","TIMESTAMP(6)",11,"N"
"CB","CBENEGATIVEEVENTS","FLGCURRENT","NUMBER",22,"N"
"CB","CBENEGATIVEEVENTS","CODTCINSERTIONUSERFULLNAME","VARCHAR2",2000,"N"
"CB","CBENEGATIVEEVENTS","DATTCLASTUPDATEDATE","TIMESTAMP(6)",11,"Y"
"CB","CBENEGATIVEEVENTS","CODTCLASTUPDATESOURCE","VARCHAR2",200,"Y"
"CB","CBENEGATIVEEVENTS","CODTCLASTUPDATEUSERFULLNAME","VARCHAR2",2000,"Y"
"CB","CBENEGATIVEEVENTS","UIDNEGATIVEEVENTID","RAW",16,"N"
"CB","CBENEGATIVEEVENTS","DSCNEGATIVEEVENTDETAILDESC","VARCHAR2",1600,"Y"
"CB","CBENEGATIVEEVENTS","UIDADDITIONALINFOID","RAW",16,"N"
"CB","CBENONINSTALLMENTPREVIOUSMAX","CODTCINSERTIONUSERFULLNAME","VARCHAR2",2000,"N"
"CB","CBENONINSTALLMENTPREVIOUSMAX","CODTCINSERTIONSOURCE","VARCHAR2",200,"N"
"CB","CBENONINSTALLMENTPREVIOUSMAX","DATTCINSERTIONDATE","TIMESTAMP(6)",11,"N"
"CB","CBENONINSTALLMENTPREVIOUSMAX","DATWORSTCONTRACTSTATUSDATE","DATE",7,"Y"
"CB","CBENONINSTALLMENTPREVIOUSMAX","CODTCLASTUPDATEUSERFULLNAME","VARCHAR2",2000,"Y"
"CB","CBENONINSTALLMENTPREVIOUSMAX","UIDCONTRACTID","RAW",16,"N"
"CB","CBENONINSTALLMENTPREVIOUSMAX","CODTCLASTUPDATESOURCE","VARCHAR2",200,"Y"
"CB","CBENONINSTALLMENTPREVIOUSMAX","DATTCLASTUPDATEDATE","TIMESTAMP(6)",11,"Y"
"CB","CBENONINSTALLMENTPREVIOUSMAX","CODWORSTCONTRACTSTATUSCODE","VARCHAR2",4,"Y"
"CB","CBENONINSTALLMENTS","AMNCREDITLIMITAMOUNT","NUMBER",22,"Y"
"CB","CBENONINSTALLMENTS","CODORIGINALCURRENCYCODE","VARCHAR2",12,"Y"
"CB","CBENONINSTALLMENTS","CODCURRENCYCODE","VARCHAR2",12,"N"
"CB","CBENONINSTALLMENTS","DATCONTRACTPHASEDATE","DATE",7,"Y"
"CB","CBENONINSTALLMENTS","CODCONTRACTPHASECODE","VARCHAR2",8,"Y"
"CB","CBENONINSTALLMENTS","UIDGUARANTEESETID","RAW",16,"Y"
"CB","CBENONINSTALLMENTS","UIDCONTRACTID","RAW",16,"N"
"CB","CBENONINSTALLMENTS","UIDNONINSTALLMENTID","RAW",16,"N"
"CB","CBENONINSTALLMENTS","AMNINTERESTRATEAMOUNT","NUMBER",22,"Y"
"CB","CBENONINSTALLMENTS","AMNAPPLICATIONAMOUNT","NUMBER",22,"Y"
"CB","CBENONINSTALLMENTS","CODTCLASTUPDATEUSERFULLNAME","VARCHAR2",2000,"Y"
"CB","CBENONINSTALLMENTS","CODTCLASTUPDATESOURCE","VARCHAR2",200,"Y"
"CB","CBENONINSTALLMENTS","DATTCLASTUPDATEDATE","TIMESTAMP(6)",11,"Y"
"CB","CBENONINSTALLMENTS","CODTCINSERTIONUSERFULLNAME","VARCHAR2",2000,"N"
"CB","CBENONINSTALLMENTS","CODTCINSERTIONSOURCE","VARCHAR2",200,"N"
"CB","CBENONINSTALLMENTS","DATTCINSERTIONDATE","TIMESTAMP(6)",11,"N"
"CB","CBENONINSTALLMENTS","FLGCURRENT","NUMBER",22,"N"
"CB","CBENONINSTALLMENTS","CODTYPEOFTERMOFCONTRACTCODE","VARCHAR2",4,"Y"
"CB","CBENONINSTALLMENTS","CODASSETQUALITYCLASSCODE","VARCHAR2",4,"Y"
"CB","CBENONINSTALLMENTS","CODCREDITSECURITYCODE","VARCHAR2",4,"Y"
"CB","CBENONINSTALLMENTS","CODCONTRACTSTATUSCODE","VARCHAR2",16,"Y"
"CB","CBENONINSTALLMENTS","DATREFERENCEDATE","DATE",7,"N"
"CB","CBENONINSTALLMENTS","DATLASTPAYMENTDATE","DATE",7,"Y"
"CB","CBENONINSTALLMENTS","NUMOVERDRAFTRANGENUMBER","NUMBER",22,"Y"
"CB","CBENONINSTALLMENTS","AMNUTILIZATIONAMOUNT","NUMBER",22,"Y"
"CB","CBENOTES","UIDNOTEID","RAW",16,"N"
"CB","CBENOTES","CODTCLASTUPDATEUSERFULLNAME","VARCHAR2",2000,"Y"
"CB","CBENOTES","CODTCINSERTIONUSERFULLNAME","VARCHAR2",2000,"N"
"CB","CBENOTES","CODTCINSERTIONSOURCE","VARCHAR2",200,"N"
"CB","CBENOTES","DATTCINSERTIONDATE","TIMESTAMP(6)",11,"N"
"CB","CBENOTES","DATLOGICALSTATUSCODEDATE","DATE",7,"Y"
"CB","CBENOTES","CODLOGICALSTATUSCODE","VARCHAR2",4,"Y"
"CB","CBENOTES","CODTCLASTUPDATESOURCE","VARCHAR2",200,"Y"
"CB","CBENOTES","DATUSERCOMMENTDATE","DATE",7,"Y"
"CB","CBENOTES","DSCUSERCOMMENTDESC","VARCHAR2",4000,"Y"
"CB","CBENOTES","DSCNOTEDESC","VARCHAR2",4000,"Y"
"CB","CBENOTES","DATEXPIRYNOTEDATE","DATE",7,"Y"
"CB","CBENOTES","DATSTARTNOTEDATE","DATE",7,"Y"
"CB","CBENOTES","CODNOTETYPECODE","VARCHAR2",4,"N"
"CB","CBENOTES","UIDSUBJECTCONTRACTID","RAW",16,"N"
"CB","CBENOTES","DATTCLASTUPDATEDATE","TIMESTAMP(6)",11,"Y"
"CB","CBEPROVIDERADDRESSES","NAMCITYNAME","VARCHAR2",120,"Y"
"CB","CBEPROVIDERADDRESSES","NAMSTREETNAME","VARCHAR2",800,"Y"
"CB","CBEPROVIDERADDRESSES","CODTCLASTUPDATEUSERFULLNAME","VARCHAR2",2000,"Y"
"CB","CBEPROVIDERADDRESSES","CODTCLASTUPDATESOURCE","VARCHAR2",200,"Y"
"CB","CBEPROVIDERADDRESSES","DATTCLASTUPDATEDATE","TIMESTAMP(6)",11,"Y"
"CB","CBEPROVIDERADDRESSES","CODTCINSERTIONUSERFULLNAME","VARCHAR2",2000,"N"
"CB","CBEPROVIDERADDRESSES","CODTCINSERTIONSOURCE","VARCHAR2",200,"N"
"CB","CBEPROVIDERADDRESSES","DATTCINSERTIONDATE","TIMESTAMP(6)",11,"N"
"CB","CBEPROVIDERADDRESSES","DATOCCUPIEDSINCEDATE","DATE",7,"Y"
"CB","CBEPROVIDERADDRESSES","DATREFERENCEDATE","DATE",7,"Y"
"CB","CBEPROVIDERADDRESSES","CODCOUNTRYCODE","VARCHAR2",8,"Y"
"CB","CBEPROVIDERADDRESSES","CODPOSTALCODE","VARCHAR2",24,"Y"
"CB","CBEPROVIDERADDRESSES","NAMREGIONNAME","VARCHAR2",8,"Y"
"CB","CBEPROVIDERADDRESSES","NAMDISTRICTNAME","VARCHAR2",12,"Y"
"CB","CBEPROVIDERADDRESSES","UIDADDRESSID","RAW",16,"N"
"CB","CBEPROVIDERADDRESSES","CODPROVIDERCODE","VARCHAR2",32,"N"
"CB","CBEPROVIDERADDRESSES","CODADDRESSTYPECODE","VARCHAR2",8,"Y"
"CB","CBEPROVIDERADDRESSES","NAMFULLADDRESSNAME","VARCHAR2",1200,"Y"
"CB","CBEPROVIDERCOMPANIES","AMNNETTAXABLEINCOME","NUMBER",22,"Y"
"CB","CBEPROVIDERCOMPANIES","DATSUBJECTREFERENCEDATE","DATE",7,"Y"
"CB","CBEPROVIDERCOMPANIES","NAMSHORTCOMPANYNAME","VARCHAR2",480,"Y"
"CB","CBEPROVIDERCOMPANIES","DATESTABLISHMENTDATE","DATE",7,"Y"
"CB","CBEPROVIDERCOMPANIES","NAMREGISTRATIONPLACE","VARCHAR2",120,"Y"
"CB","CBEPROVIDERCOMPANIES","CODECONOMICACTIVITYCODE","VARCHAR2",32,"Y"
"CB","CBEPROVIDERCOMPANIES","CODNUMBEROFEMPLOYEESCODE","VARCHAR2",8,"Y"
"CB","CBEPROVIDERCOMPANIES","AMNGROSSINCOME","NUMBER",22,"Y"
"CB","CBEPROVIDERCOMPANIES","AMNMONTHLYEXPENSES","NUMBER",22,"Y"
"CB","CBEPROVIDERCOMPANIES","CODLEGALFORMCODE","VARCHAR2",12,"Y"
"CB","CBEPROVIDERCOMPANIES","NAMTRADENAME","VARCHAR2",480,"N"
"CB","CBEPROVIDERCOMPANIES","CODPROVIDERCODE","VARCHAR2",32,"N"
"CB","CBEPROVIDERCOMPANIES","DATTCINSERTIONDATE","TIMESTAMP(6)",11,"N"
"CB","CBEPROVIDERCOMPANIES","CODTCINSERTIONSOURCE","VARCHAR2",200,"N"
"CB","CBEPROVIDERCOMPANIES","CODTCINSERTIONUSERFULLNAME","VARCHAR2",2000,"N"
"CB","CBEPROVIDERCOMPANIES","DATTCLASTUPDATEDATE","TIMESTAMP(6)",11,"Y"
"CB","CBEPROVIDERCOMPANIES","CODTCLASTUPDATESOURCE","VARCHAR2",200,"Y"
"CB","CBEPROVIDERCOMPANIES","CODTCLASTUPDATEUSERFULLNAME","VARCHAR2",2000,"Y"
"CB","CBEPROVIDERCOMPANIES","UIDSUBJECTID","RAW",16,"N"
"CB","CBEPROVIDERCONTACTS","CODTCINSERTIONSOURCE","VARCHAR2",200,"N"
"CB","CBEPROVIDERCONTACTS","DATTCINSERTIONDATE","TIMESTAMP(6)",11,"N"
"CB","CBEPROVIDERCONTACTS","DATREFERENCEDATE","DATE",7,"Y"
"CB","CBEPROVIDERCONTACTS","UIDCONTACTID","RAW",16,"N"
"CB","CBEPROVIDERCONTACTS","CODCONTACTCODE","VARCHAR2",480,"Y"
"CB","CBEPROVIDERCONTACTS","CODPROVIDERCODE","VARCHAR2",32,"N"
"CB","CBEPROVIDERCONTACTS","CODTCLASTUPDATEUSERFULLNAME","VARCHAR2",2000,"Y"
"CB","CBEPROVIDERCONTACTS","CODTCLASTUPDATESOURCE","VARCHAR2",200,"Y"
"CB","CBEPROVIDERCONTACTS","DATTCLASTUPDATEDATE","TIMESTAMP(6)",11,"Y"
"CB","CBEPROVIDERCONTACTS","CODTCINSERTIONUSERFULLNAME","VARCHAR2",2000,"N"
"CB","CBEPROVIDERCONTACTS","CODCONTACTTYPECODE","VARCHAR2",4,"Y"
"CB","CBEPROVIDEREMPLOYMENTS","CODTCLASTUPDATESOURCE","VARCHAR2",200,"Y"
"CB","CBEPROVIDEREMPLOYMENTS","DATTCLASTUPDATEDATE","TIMESTAMP(6)",11,"Y"
"CB","CBEPROVIDEREMPLOYMENTS","CODTCINSERTIONUSERFULLNAME","VARCHAR2",2000,"N"
"CB","CBEPROVIDEREMPLOYMENTS","CODTCINSERTIONSOURCE","VARCHAR2",200,"N"
"CB","CBEPROVIDEREMPLOYMENTS","DATTCINSERTIONDATE","TIMESTAMP(6)",11,"N"
"CB","CBEPROVIDEREMPLOYMENTS","DATREFERENCEDATE","DATE",7,"Y"
"CB","CBEPROVIDEREMPLOYMENTS","NAMTRADENAME","VARCHAR2",480,"Y"
"CB","CBEPROVIDEREMPLOYMENTS","CODOCCUPATIONSTATUSCODE","VARCHAR2",4,"Y"
"CB","CBEPROVIDEREMPLOYMENTS","DSCOCCUPATIONDESC","VARCHAR2",80,"Y"
"CB","CBEPROVIDEREMPLOYMENTS","DATHIREDDATETO","DATE",7,"Y"
"CB","CBEPROVIDEREMPLOYMENTS","DATHIREDDATEFROM","DATE",7,"Y"
"CB","CBEPROVIDEREMPLOYMENTS","CODCURRENCYCODE","VARCHAR2",12,"Y"
"CB","CBEPROVIDEREMPLOYMENTS","AMNGROSSINCOMEAMOUNT","NUMBER",22,"Y"
"CB","CBEPROVIDEREMPLOYMENTS","CODPROVIDERCODE","VARCHAR2",32,"N"
"CB","CBEPROVIDEREMPLOYMENTS","CODTCLASTUPDATEUSERFULLNAME","VARCHAR2",2000,"Y"
"CB","CBEPROVIDEREMPLOYMENTS","UIDEMPLOYMENTID","RAW",16,"N"
"CB","CBEPROVIDERIDCODES","CODTCLASTUPDATESOURCE","VARCHAR2",200,"Y"
"CB","CBEPROVIDERIDCODES","CODTCLASTUPDATEUSERFULLNAME","VARCHAR2",2000,"Y"
"CB","CBEPROVIDERIDCODES","UIDIDENTIFICATIONCODEID","RAW",16,"N"
"CB","CBEPROVIDERIDCODES","CODPROVIDERCODE","VARCHAR2",32,"N"
"CB","CBEPROVIDERIDCODES","CODIDENTIFICATIONTYPECODE","VARCHAR2",4,"Y"
"CB","CBEPROVIDERIDCODES","CODIDENTIFICATIONNUMBERCODE","VARCHAR2",80,"Y"
"CB","CBEPROVIDERIDCODES","DATREFERENCEDATE","DATE",7,"Y"
"CB","CBEPROVIDERIDCODES","DATTCINSERTIONDATE","TIMESTAMP(6)",11,"N"
"CB","CBEPROVIDERIDCODES","CODTCINSERTIONSOURCE","VARCHAR2",200,"N"
"CB","CBEPROVIDERIDCODES","CODTCINSERTIONUSERFULLNAME","VARCHAR2",2000,"N"
"CB","CBEPROVIDERIDCODES","DATTCLASTUPDATEDATE","TIMESTAMP(6)",11,"Y"
"CB","CBEPROVIDERIDDOCUMENTS","DATTCINSERTIONDATE","TIMESTAMP(6)",11,"N"
"CB","CBEPROVIDERIDDOCUMENTS","DATREFERENCEDATE","DATE",7,"Y"
"CB","CBEPROVIDERIDDOCUMENTS","CODISSUECOUNTRYCODE","VARCHAR2",8,"Y"
"CB","CBEPROVIDERIDDOCUMENTS","DATEXPIRYDATE","DATE",7,"Y"
"CB","CBEPROVIDERIDDOCUMENTS","DATISSUEDATE","DATE",7,"Y"
"CB","CBEPROVIDERIDDOCUMENTS","CODIDNUMBERCODE","VARCHAR2",80,"Y"
"CB","CBEPROVIDERIDDOCUMENTS","CODTCLASTUPDATEUSERFULLNAME","VARCHAR2",2000,"Y"
"CB","CBEPROVIDERIDDOCUMENTS","CODPROVIDERCODE","VARCHAR2",32,"N"
"CB","CBEPROVIDERIDDOCUMENTS","UIDIDENTIFICATIONDOCUMENTID","RAW",16,"N"
"CB","CBEPROVIDERIDDOCUMENTS","CODTCINSERTIONSOURCE","VARCHAR2",200,"N"
"CB","CBEPROVIDERIDDOCUMENTS","CODTCINSERTIONUSERFULLNAME","VARCHAR2",2000,"N"
"CB","CBEPROVIDERIDDOCUMENTS","DATTCLASTUPDATEDATE","TIMESTAMP(6)",11,"Y"
"CB","CBEPROVIDERIDDOCUMENTS","CODTCLASTUPDATESOURCE","VARCHAR2",200,"Y"
"CB","CBEPROVIDERIDDOCUMENTS","CODIDTYPECODE","VARCHAR2",4,"Y"
"CB","CBEPROVIDERINDIVIDUALS","DATBIRTHDATE","DATE",7,"Y"
"CB","CBEPROVIDERINDIVIDUALS","CODMARITALSTATUSCODE","VARCHAR2",4,"Y"
"CB","CBEPROVIDERINDIVIDUALS","NAMORIGINALLASTNAME","VARCHAR2",280,"Y"
"CB","CBEPROVIDERINDIVIDUALS","NAMPATRONYMICNAME","VARCHAR2",280,"Y"
"CB","CBEPROVIDERINDIVIDUALS","NAMLASTNAME","VARCHAR2",280,"Y"
"CB","CBEPROVIDERINDIVIDUALS","NAMFIRSTNAME","VARCHAR2",280,"Y"
"CB","CBEPROVIDERINDIVIDUALS","NAMFULLNAME","VARCHAR2",880,"Y"
"CB","CBEPROVIDERINDIVIDUALS","CODPROVIDERCODE","VARCHAR2",32,"N"
"CB","CBEPROVIDERINDIVIDUALS","UIDSUBJECTID","RAW",16,"N"
"CB","CBEPROVIDERINDIVIDUALS","NAMBIRTHPLACENAME","VARCHAR2",80,"Y"
"CB","CBEPROVIDERINDIVIDUALS","CODTCLASTUPDATEUSERFULLNAME","VARCHAR2",2000,"Y"
"CB","CBEPROVIDERINDIVIDUALS","CODTCLASTUPDATESOURCE","VARCHAR2",200,"Y"
"CB","CBEPROVIDERINDIVIDUALS","DATTCLASTUPDATEDATE","TIMESTAMP(6)",11,"Y"
"CB","CBEPROVIDERINDIVIDUALS","CODTCINSERTIONUSERFULLNAME","VARCHAR2",2000,"N"
"CB","CBEPROVIDERINDIVIDUALS","CODTCINSERTIONSOURCE","VARCHAR2",200,"N"
"CB","CBEPROVIDERINDIVIDUALS","DATTCINSERTIONDATE","TIMESTAMP(6)",11,"N"
"CB","CBEPROVIDERINDIVIDUALS","DATSUBJECTREFERENCEDATE","DATE",7,"Y"
"CB","CBEPROVIDERINDIVIDUALS","CODGENDERCODE","VARCHAR2",4,"Y"
"CB","CBEPROVIDERINDIVIDUALS","CODBIRTHCOUNTRYCODE","VARCHAR2",8,"Y"
"CB","CBEPROVIDERSUBJECTS","UIDPROVIDERSUBJECTID","RAW",16,"N"
"CB","CBEPROVIDERSUBJECTS","UIDSUBJECTID","RAW",16,"N"
"CB","CBEPROVIDERSUBJECTS","CODPROVIDERCODE","VARCHAR2",32,"N"
"CB","CBEPROVIDERSUBJECTS","CODTCLASTUPDATESOURCE","VARCHAR2",200,"Y"
"CB","CBEPROVIDERSUBJECTS","CODTCINSERTIONUSERFULLNAME","VARCHAR2",2000,"N"
"CB","CBEPROVIDERSUBJECTS","CODTCINSERTIONSOURCE","VARCHAR2",200,"N"
"CB","CBEPROVIDERSUBJECTS","DATTCLASTUPDATEDATE","TIMESTAMP(6)",11,"Y"
"CB","CBEPROVIDERSUBJECTS","DATLOGICALSTATUSCODEDATE","DATE",7,"Y"
"CB","CBEPROVIDERSUBJECTS","CODLOGICALSTATUSCODE","VARCHAR2",4,"Y"
"CB","CBEPROVIDERSUBJECTS","FLGBATCHSOURCE","NUMBER",22,"N"
"CB","CBEPROVIDERSUBJECTS","FLGONLINESOURCE","NUMBER",22,"N"
"CB","CBEPROVIDERSUBJECTS","CODPROVIDERSUBJECTCODE","VARCHAR2",152,"Y"
"CB","CBEPROVIDERSUBJECTS","CODTCLASTUPDATEUSERFULLNAME","VARCHAR2",2000,"Y"
"CB","CBEPROVIDERSUBJECTS","DATTCINSERTIONDATE","TIMESTAMP(6)",11,"N"
"CB","CBERECIPROCITIES","UIDRECIPROCITYID","RAW",16,"N"
"CB","CBERECIPROCITIES","CODTCLASTUPDATEUSERFULLNAME","VARCHAR2",2000,"Y"
"CB","CBERECIPROCITIES","CODPROVIDERCODE","VARCHAR2",32,"Y"
"CB","CBERECIPROCITIES","CODBRANCHCODE","VARCHAR2",20,"Y"
"CB","CBERECIPROCITIES","CODUSERCODE","VARCHAR2",32,"Y"
"CB","CBERECIPROCITIES","CODCONTRACTCATEGORYTYPECODE","VARCHAR2",4,"N"
"CB","CBERECIPROCITIES","CODCONTRACTTYPECODE","VARCHAR2",8,"Y"
"CB","CBERECIPROCITIES","NUMNEGATIVELEVELNUMBER","NUMBER",22,"Y"
"CB","CBERECIPROCITIES","CODPROVIDEROWNERCODE","VARCHAR2",32,"Y"
"CB","CBERECIPROCITIES","CODBRANCHOWNERCODE","VARCHAR2",20,"Y"
"CB","CBERECIPROCITIES","CODUSEROWNERCODE","VARCHAR2",40,"Y"
"CB","CBERECIPROCITIES","DATSTARTVALIDITYDATE","DATE",7,"N"
"CB","CBERECIPROCITIES","DATENDVALIDITYDATE","DATE",7,"N"
"CB","CBERECIPROCITIES","DATTCINSERTIONDATE","TIMESTAMP(6)",11,"N"
"CB","CBERECIPROCITIES","CODTCINSERTIONSOURCE","VARCHAR2",200,"N"
"CB","CBERECIPROCITIES","CODTCINSERTIONUSERFULLNAME","VARCHAR2",2000,"N"
"CB","CBERECIPROCITIES","DATTCLASTUPDATEDATE","TIMESTAMP(6)",11,"Y"
"CB","CBERECIPROCITIES","CODTCLASTUPDATESOURCE","VARCHAR2",200,"Y"
"CB","CBERECIPROCITIES","CODRECIPROCITYTYPECODE","VARCHAR2",8,"N"
"CB","CBES1LOG","CODTCLASTUPDATESOURCE","VARCHAR2",200,"Y"
"CB","CBES1LOG","DATTCLASTUPDATEDATE","TIMESTAMP(6)",11,"Y"
"CB","CBES1LOG","CODTCINSERTIONUSERFULLNAME","VARCHAR2",2000,"N"
"CB","CBES1LOG","CODTCINSERTIONSOURCE","VARCHAR2",200,"N"
"CB","CBES1LOG","DATTCINSERTIONDATE","TIMESTAMP(6)",11,"N"
"CB","CBES1LOG","CODTCLASTUPDATEUSERFULLNAME","VARCHAR2",2000,"Y"
"CB","CBES1LOG","TXTS1XMLINPUT","CLOB",4000,"N"
"CB","CBES1LOG","CODLAYOUTCODE","VARCHAR2",80,"Y"
"CB","CBES1LOG","UIDS1REQUESTID","RAW",16,"Y"
"CB","CBES1LOG","UIDS1LOGID","RAW",16,"N"
"CB","CBES1LOG","TXTS1XMLOUTPUT","CLOB",4000,"Y"
"CB","CBES1REQUESTS","TXTPROCESSXMLINPUT","CLOB",4000,"Y"
"CB","CBES1REQUESTS","CODDECISIONMAKINGPROCESSCODE","VARCHAR2",200,"N"
"CB","CBES1REQUESTS","CODSUBJECTTYPECODE","VARCHAR2",4,"N"
"CB","CBES1REQUESTS","UIDSUBJECTID","RAW",16,"N"
"CB","CBES1REQUESTS","CODPROCESSCODE","VARCHAR2",200,"Y"
"CB","CBES1REQUESTS","CODUSERCODE","VARCHAR2",32,"Y"
"CB","CBES1REQUESTS","CODBRANCHCODE","VARCHAR2",20,"Y"
"CB","CBES1REQUESTS","CODPROVIDERCODE","VARCHAR2",32,"N"
"CB","CBES1REQUESTS","CODSERVICECODE","VARCHAR2",200,"N"
"CB","CBES1REQUESTS","UIDMESSAGEID","VARCHAR2",144,"N"
"CB","CBES1REQUESTS","UIDS1REQUESTID","RAW",16,"N"
"CB","CBES1REQUESTS","DATTCINSERTIONDATE","TIMESTAMP(6)",11,"N"
"CB","CBES1REQUESTS","CODTCLASTUPDATEUSERFULLNAME","VARCHAR2",2000,"Y"
"CB","CBES1REQUESTS","CODTCLASTUPDATESOURCE","VARCHAR2",200,"Y"
"CB","CBES1REQUESTS","DATTCLASTUPDATEDATE","TIMESTAMP(6)",11,"Y"
"CB","CBES1REQUESTS","CODTCINSERTIONUSERFULLNAME","VARCHAR2",2000,"N"
"CB","CBES1REQUESTS","CODTCINSERTIONSOURCE","VARCHAR2",200,"N"
"CB","CBESERVICEPREVIOUSMAX","UIDCONTRACTID","RAW",16,"N"
"CB","CBESERVICEPREVIOUSMAX","CODTCLASTUPDATEUSERFULLNAME","VARCHAR2",2000,"Y"
"CB","CBESERVICEPREVIOUSMAX","NUMOVERDUEPAYMENTSNUMBER","NUMBER",22,"Y"
"CB","CBESERVICEPREVIOUSMAX","DATOVERDUEPAYMENTSNUMDATE","DATE",7,"Y"
"CB","CBESERVICEPREVIOUSMAX","CODDAYSPASTDUECODE","NUMBER",22,"Y"
"CB","CBESERVICEPREVIOUSMAX","DATDAYSPASTDUEDATE","DATE",7,"Y"
"CB","CBESERVICEPREVIOUSMAX","AMNOUTSTANDINGBALANCEAMOUNT","NUMBER",22,"Y"
"CB","CBESERVICEPREVIOUSMAX","DATOUTSTANDINGBALANCEDATE","DATE",7,"Y"
"CB","CBESERVICEPREVIOUSMAX","AMNBILLEDAMOUNT","NUMBER",22,"Y"
"CB","CBESERVICEPREVIOUSMAX","DATAMNBILLEDAMOUNTDATE","DATE",7,"Y"
"CB","CBESERVICEPREVIOUSMAX","CODWORSTCONTRACTSTATUSCODE","VARCHAR2",4,"Y"
"CB","CBESERVICEPREVIOUSMAX","DATWORSTCONTRACTSTATUSDATE","DATE",7,"Y"
"CB","CBESERVICEPREVIOUSMAX","CODTCLASTUPDATESOURCE","VARCHAR2",200,"Y"
"CB","CBESERVICEPREVIOUSMAX","DATTCLASTUPDATEDATE","TIMESTAMP(6)",11,"Y"
"CB","CBESERVICEPREVIOUSMAX","CODTCINSERTIONUSERFULLNAME","VARCHAR2",2000,"N"
"CB","CBESERVICEPREVIOUSMAX","CODTCINSERTIONSOURCE","VARCHAR2",200,"N"
"CB","CBESERVICEPREVIOUSMAX","DATTCINSERTIONDATE","TIMESTAMP(6)",11,"N"
"CB","CBESERVICEPREVIOUSMAX","AMNOVERDUEPAYMENTSAMOUNT","NUMBER",22,"Y"
"CB","CBESERVICES","CODPAYMENTMETHODCODE","VARCHAR2",12,"Y"
"CB","CBESERVICES","AMNNEXTPAYMENTAMOUNT","NUMBER",22,"Y"
"CB","CBESERVICES","DATNEXTPAYMENTDATE","DATE",7,"Y"
"CB","CBESERVICES","DATLASTPAYMENTDATE","DATE",7,"Y"
"CB","CBESERVICES","AMNOUTSTANDINGBALANCEAMOUNT","NUMBER",22,"Y"
"CB","CBESERVICES","AMNBILLEDAMOUNT","NUMBER",22,"Y"
"CB","CBESERVICES","CODDAYSPASTDUECODE","NUMBER",22,"Y"
"CB","CBESERVICES","NUMOVERDUEPAYMENTSNUMBER","NUMBER",22,"Y"
"CB","CBESERVICES","AMNOVERDUEPAYMENTSAMOUNT","NUMBER",22,"Y"
"CB","CBESERVICES","NUMPRINCIPALOVERDUEPAYMENTS","NUMBER",22,"Y"
"CB","CBESERVICES","AMNPRINCIPALOVERDUEPAYMENTS","NUMBER",22,"Y"
"CB","CBESERVICES","NUMINTERESTOVERDUEPAYMENTS","NUMBER",22,"Y"
"CB","CBESERVICES","AMNINTERESTOVERDUEPAYMENTS","NUMBER",22,"Y"
"CB","CBESERVICES","CODASSETQUALITYCLASSCODE","VARCHAR2",4,"Y"
"CB","CBESERVICES","CODINSTALLMENTTYPECODE","VARCHAR2",4,"Y"
"CB","CBESERVICES","NUMSERVICESLINESNUMBER","NUMBER",22,"Y"
"CB","CBESERVICES","CODTHIRDPARTYOWNERSHIPCODE","VARCHAR2",4,"Y"
"CB","CBESERVICES","DATREFERENCEDATE","DATE",7,"N"
"CB","CBESERVICES","CODCONTRACTSTATUSCODE","VARCHAR2",8,"Y"
"CB","CBESERVICES","FLGCURRENT","NUMBER",22,"N"
"CB","CBESERVICES","DATTCINSERTIONDATE","TIMESTAMP(6)",11,"N"
"CB","CBESERVICES","CODTCINSERTIONSOURCE","VARCHAR2",200,"N"
"CB","CBESERVICES","CODTCINSERTIONUSERFULLNAME","VARCHAR2",2000,"N"
"CB","CBESERVICES","DATTCLASTUPDATEDATE","TIMESTAMP(6)",11,"Y"
"CB","CBESERVICES","CODTCLASTUPDATESOURCE","VARCHAR2",200,"Y"
"CB","CBESERVICES","CODTCLASTUPDATEUSERFULLNAME","VARCHAR2",2000,"Y"
"CB","CBESERVICES","UIDSERVICEID","RAW",16,"N"
"CB","CBESERVICES","UIDCONTRACTID","RAW",16,"N"
"CB","CBESERVICES","UIDGUARANTEESETID","RAW",16,"Y"
"CB","CBESERVICES","CODCONTRACTPHASECODE","VARCHAR2",8,"Y"
"CB","CBESERVICES","DATCONTRACTPHASEDATE","DATE",7,"Y"
"CB","CBESERVICES","CODCURRENCYCODE","VARCHAR2",12,"N"
"CB","CBESERVICES","CODORIGINALCURRENCYCODE","VARCHAR2",12,"Y"
"CB","CBESERVICES","CODPAYMENTPERIODICITYCODE","VARCHAR2",4,"Y"
"CB","CBESOLETRADERS","UIDSUBJECTID","RAW",16,"N"
"CB","CBESOLETRADERS","UIDINDIVIDUALID","RAW",16,"N"
"CB","CBESOLETRADERS","NAMTRADENAME","VARCHAR2",480,"N"
"CB","CBESOLETRADERS","DATTCINSERTIONDATE","TIMESTAMP(6)",11,"N"
"CB","CBESOLETRADERS","CODTCLASTUPDATEUSERFULLNAME","VARCHAR2",2000,"Y"
"CB","CBESOLETRADERS","CODTCINSERTIONUSERFULLNAME","VARCHAR2",2000,"N"
"CB","CBESOLETRADERS","DATTCLASTUPDATEDATE","TIMESTAMP(6)",11,"Y"
"CB","CBESOLETRADERS","CODTCLASTUPDATESOURCE","VARCHAR2",200,"Y"
"CB","CBESOLETRADERS","CODTCINSERTIONSOURCE","VARCHAR2",200,"N"
"CB","CBESTATISTICS","FLGCRBASIC","NUMBER",22,"Y"
"CB","CBESTATISTICS","FLGNAEAO","NUMBER",22,"Y"
"CB","CBESTATISTICS","CODINPUTSUSACTION","CHAR",3,"Y"
"CB","CBESTATISTICS","CODSUSPENSIONSOURCE","VARCHAR2",8,"Y"
"CB","CBESTATISTICS","CODCONTRACTTYPECODE","VARCHAR2",8,"Y"
"CB","CBESTATISTICS","CODCONTRACTPHASECODE","VARCHAR2",8,"Y"
"CB","CBESTATISTICS","CODSUBJECTLOGICALSTATUSCODE","VARCHAR2",4,"Y"
"CB","CBESTATISTICS","CODCONTRACTLOGICALSTATUSCODE","VARCHAR2",4,"Y"
"CB","CBESTATISTICS","AMNAPPLICATIONAMOUNT","NUMBER",22,"Y"
"CB","CBESTATISTICS","AMNFINANCEDAMOUNT","NUMBER",22,"Y"
"CB","CBESTATISTICS","AMNCREDITLIMITAMOUNT","NUMBER",22,"Y"
"CB","CBESTATISTICS","AMNMONTHLYPAYMENTSAMOUNT","NUMBER",22,"Y"
"CB","CBESTATISTICS","CODPAYMENTPERIODICITYCODE","VARCHAR2",4,"Y"
"CB","CBESTATISTICS","NUMTOTALINSTALLMENTSNUMBER","NUMBER",22,"Y"
"CB","CBESTATISTICS","DATCONTRACTREQUESTDATE","DATE",7,"Y"
"CB","CBESTATISTICS","FLGMATCHEDSUBJECT","NUMBER",22,"Y"
"CB","CBESTATISTICS","FLGPROVIDERFIRSTENQUIRY","NUMBER",22,"Y"
"CB","CBESTATISTICS","CODSUBJECTROLECODE","VARCHAR2",4,"Y"
"CB","CBESTATISTICS","NAMTRADENAME","VARCHAR2",480,"Y"
"CB","CBESTATISTICS","CODLEGALFORMCODE","VARCHAR2",12,"Y"
"CB","CBESTATISTICS","NAMFULLNAME","VARCHAR2",880,"Y"
"CB","CBESTATISTICS","NAMFIRSTNAME","VARCHAR2",280,"Y"
"CB","CBESTATISTICS","NAMPATRONYMICNAME","VARCHAR2",280,"Y"
"CB","CBESTATISTICS","NAMLASTNAME","VARCHAR2",280,"Y"
"CB","CBESTATISTICS","CODGENDERCODE","VARCHAR2",4,"Y"
"CB","CBESTATISTICS","NAMFULLADDRESSNAME","VARCHAR2",1200,"Y"
"CB","CBESTATISTICS","NAMSTREETNAME","VARCHAR2",800,"Y"
"CB","CBESTATISTICS","NAMCITYNAME","VARCHAR2",120,"Y"
"CB","CBESTATISTICS","NAMDISTRICTNAME","VARCHAR2",12,"Y"
"CB","CBESTATISTICS","NAMREGIONNAME","VARCHAR2",8,"Y"
"CB","CBESTATISTICS","NUMSUBJECTAGENUMBER","NUMBER",22,"Y"
"CB","CBESTATISTICS","NUMTOTALCONTRACTSNUMBER","NUMBER",22,"Y"
"CB","CBESTATISTICS","NUMREPORTINGPROVIDERSNUMBER","NUMBER",22,"Y"
"CB","CBESTATISTICS","AMNTOTALPOTENTEXPOSUREAMOUNT","NUMBER",22,"Y"
"CB","CBESTATISTICS","AMNTOTALOUTSTANDINGAMOUNT","NUMBER",22,"Y"
"CB","CBESTATISTICS","AMNTOTALOVERDUEAMOUNT","NUMBER",22,"Y"
"CB","CBESTATISTICS","AMNTOTALREQUESTEDAMOUNT","NUMBER",22,"Y"
"CB","CBESTATISTICS","AMNTOTALPOTENTGUARANTORAMOUNT","NUMBER",22,"Y"
"CB","CBESTATISTICS","AMNTOTALOUTSTANDGUARANTORAMN","NUMBER",22,"Y"
"CB","CBESTATISTICS","AMNTOTALOVERDUEGUARANTORAMN","NUMBER",22,"Y"
"CB","CBESTATISTICS","AMNTOTALREQUESTEDGUARANTORAMN","NUMBER",22,"Y"
"CB","CBESTATISTICS","FLGHASINSTALLMENTS","NUMBER",22,"Y"
"CB","CBESTATISTICS","FLGHASNONINSTALLMENTS","NUMBER",22,"Y"
"CB","CBESTATISTICS","FLGHASCREDITCARDS","NUMBER",22,"Y"
"CB","CBESTATISTICS","FLGHASSERVICES","NUMBER",22,"Y"
"CB","CBESTATISTICS","FLGHASSUBJECTINFO","NUMBER",22,"Y"
"CB","CBESTATISTICS","CODEMYSTICCRITERIACODE","VARCHAR2",200,"Y"
"CB","CBESTATISTICS","NUMCANDIDATESNUMBER","NUMBER",22,"Y"
"CB","CBESTATISTICS","CODSCORERAWCODE","VARCHAR2",200,"Y"
"CB","CBESTATISTICS","CODSCORERANGECODE","VARCHAR2",200,"Y"
"CB","CBESTATISTICS","CODEXCLUSIONRULECODE","VARCHAR2",200,"Y"
"CB","CBESTATISTICS","CODPRESENTATIONFORMATTYPECODE","VARCHAR2",200,"Y"
"CB","CBESTATISTICS","FLGPRESENTATIONDOCUMENT","NUMBER",22,"Y"
"CB","CBESTATISTICS","DATTCINSERTIONDATE","TIMESTAMP(6)",11,"N"
"CB","CBESTATISTICS","CODTCINSERTIONSOURCE","VARCHAR2",200,"N"
"CB","CBESTATISTICS","CODTCINSERTIONUSERFULLNAME","VARCHAR2",2000,"N"
"CB","CBESTATISTICS","DATTCLASTUPDATEDATE","TIMESTAMP(6)",11,"Y"
"CB","CBESTATISTICS","CODTCLASTUPDATESOURCE","VARCHAR2",200,"Y"
"CB","CBESTATISTICS","CODTCLASTUPDATEUSERFULLNAME","VARCHAR2",2000,"Y"
"CB","CBESTATISTICS","UIDSTATISTICID","RAW",16,"N"
"CB","CBESTATISTICS","UIDMESSAGEID","VARCHAR2",144,"N"
"CB","CBESTATISTICS","UIDLOGID","VARCHAR2",144,"Y"
"CB","CBESTATISTICS","CODSOURCECODE","VARCHAR2",200,"N"
"CB","CBESTATISTICS","CODSERVICECODE","VARCHAR2",200,"N"
"CB","CBESTATISTICS","CODCHANNELCODE","VARCHAR2",4,"N"
"CB","CBESTATISTICS","DATENQUIRYDATE","DATE",7,"N"
"CB","CBESTATISTICS","CODPROVIDERCODE","VARCHAR2",32,"N"
"CB","CBESTATISTICS","CODBRANCHCODE","VARCHAR2",20,"Y"
"CB","CBESTATISTICS","CODUSERCODE","VARCHAR2",32,"Y"
"CB","CBESTATISTICS","CODUSERASCODE","VARCHAR2",32,"Y"
"CB","CBESTATISTICS","FLGINTERNALUSER","NUMBER",22,"N"
"CB","CBESTATISTICS","CODPROVIDEROWNERCODE","VARCHAR2",32,"Y"
"CB","CBESTATISTICS","CODBRANCHOWNERCODE","VARCHAR2",20,"Y"
"CB","CBESTATISTICS","CODUSEROWNERCODE","VARCHAR2",32,"Y"
"CB","CBESTATISTICS","CODERRORCODE","VARCHAR2",4000,"Y"
"CB","CBESTATISTICS","CODINPUTSUBJECTCODE","VARCHAR2",60,"Y"
"CB","CBESTATISTICS","CODOUTPUTSUBJECTCODE","VARCHAR2",60,"Y"
"CB","CBESTATISTICS","CODINPUTPROVIDERSUBJECTCODE","VARCHAR2",152,"Y"
"CB","CBESTATISTICS","CODSUBJECTTYPECODE","CHAR",1,"Y"
"CB","CBESTATISTICS","CODINPUTPROVIDERCONTRACTCODE","VARCHAR2",152,"Y"
"CB","CBESTATISTICS","CODINPUTAPPLICACONTRACTCODE","VARCHAR2",152,"Y"
"CB","CBESTATISTICS","CODOUTPUTCONTRACTCODE","VARCHAR2",60,"Y"
"CB","CBESTATISTICS","CODCONTRACTCATEGORYCODE","VARCHAR2",4,"Y"
"CB","CBESUBJECTS","UIDSUBJECTID","RAW",16,"N"
"CB","CBESUBJECTS","CODSUBJECTCODE","VARCHAR2",60,"N"
"CB","CBESUBJECTS","CODTCLASTUPDATEUSERFULLNAME","VARCHAR2",2000,"Y"
"CB","CBESUBJECTS","CODTCLASTUPDATESOURCE","VARCHAR2",200,"Y"
"CB","CBESUBJECTS","DATTCLASTUPDATEDATE","TIMESTAMP(6)",11,"Y"
"CB","CBESUBJECTS","CODTCINSERTIONUSERFULLNAME","VARCHAR2",2000,"N"
"CB","CBESUBJECTS","CODTCINSERTIONSOURCE","VARCHAR2",200,"N"
"CB","CBESUBJECTS","DATTCINSERTIONDATE","TIMESTAMP(6)",11,"N"
"CB","CBESUBJECTS","DATLOGICALSTATUSCODEDATE","DATE",7,"Y"
"CB","CBESUBJECTS","CODLOGICALSTATUSCODE","VARCHAR2",4,"Y"
"CB","CBESUBJECTS","CODSUBJECTTYPECODE","VARCHAR2",4,"N"
"CB","CBESUBJECTS","DATSUBJECTREFERENCEDATE","DATE",7,"Y"
"CB","CBESUBJECTSTOMERGE","CODTCINSERTIONUSERFULLNAME","VARCHAR2",2000,"N"
"CB","CBESUBJECTSTOMERGE","CODTCINSERTIONSOURCE","VARCHAR2",200,"N"
"CB","CBESUBJECTSTOMERGE","DATTCINSERTIONDATE","TIMESTAMP(6)",11,"N"
"CB","CBESUBJECTSTOMERGE","UIDMATCHEDSUBJECTID","RAW",16,"N"
"CB","CBESUBJECTSTOMERGE","CODTCLASTUPDATEUSERFULLNAME","VARCHAR2",2000,"Y"
"CB","CBESUBJECTSTOMERGE","UIDSUBJECTTOMERGEID","RAW",16,"N"
"CB","CBESUBJECTSTOMERGE","CODTCLASTUPDATESOURCE","VARCHAR2",200,"Y"
"CB","CBESUBJECTSTOMERGE","DATTCLASTUPDATEDATE","TIMESTAMP(6)",11,"Y"
"CB","CBESUBJECTSTOMERGE","UIDTOBEMERGESUBJECTID","RAW",16,"N"
"CB","CBESUBMISSIONANOMALCONTRACTS","NUMMINPAYMENTPERCENTNUMBER","VARCHAR2",4000,"Y"
"CB","CBESUBMISSIONANOMALCONTRACTS","NUMOUTSTANDPAYMENTSNUMBER","VARCHAR2",4000,"Y"
"CB","CBESUBMISSIONANOMALCONTRACTS","NUMOVERDUEPAYMENTSNUMBER","VARCHAR2",4000,"Y"
"CB","CBESUBMISSIONANOMALCONTRACTS","NUMPRINCIPALOVERDUEPAYMENTS","VARCHAR2",4000,"Y"
"CB","CBESUBMISSIONANOMALCONTRACTS","CODPAYMENTMETHODCODE","VARCHAR2",4000,"Y"
"CB","CBESUBMISSIONANOMALCONTRACTS","CODPAYMENTPERIODICITYCODE","VARCHAR2",4000,"Y"
"CB","CBESUBMISSIONANOMALCONTRACTS","CODPROVIDERCODE","VARCHAR2",2048,"Y"
"CB","CBESUBMISSIONANOMALCONTRACTS","CODPROVIDERCONTRACTCODE","VARCHAR2",4000,"Y"
"CB","CBESUBMISSIONANOMALCONTRACTS","CODPROVIDERGUARANTEECODE1","VARCHAR2",4000,"Y"
"CB","CBESUBMISSIONANOMALCONTRACTS","CODPROVIDERGUARANTEECODE2","VARCHAR2",4000,"Y"
"CB","CBESUBMISSIONANOMALCONTRACTS","CODPROVIDERGUARANTEECODE3","VARCHAR2",4000,"Y"
"CB","CBESUBMISSIONANOMALCONTRACTS","CODPROVIDERGUARANTEECODE4","VARCHAR2",4000,"Y"
"CB","CBESUBMISSIONANOMALCONTRACTS","CODPROVIDERGUARANTEECODE5","VARCHAR2",4000,"Y"
"CB","CBESUBMISSIONANOMALCONTRACTS","CODPROVIDERGUARANTEECODE6","VARCHAR2",4000,"Y"
"CB","CBESUBMISSIONANOMALCONTRACTS","CODRECORDCODE","VARCHAR2",4000,"Y"
"CB","CBESUBMISSIONANOMALCONTRACTS","CODREORGANIZEDCREDITCODE","VARCHAR2",4000,"Y"
"CB","CBESUBMISSIONANOMALCONTRACTS","CODSUBJECTCHILDCODE","VARCHAR2",4000,"Y"
"CB","CBESUBMISSIONANOMALCONTRACTS","CODSUBJECTPARENTCODE","VARCHAR2",4000,"Y"
"CB","CBESUBMISSIONANOMALCONTRACTS","CODSUBJECTPROVIDERCODE","VARCHAR2",4000,"Y"
"CB","CBESUBMISSIONANOMALCONTRACTS","CODSUBJECTPROVIDERCODE1","VARCHAR2",4000,"Y"
"CB","CBESUBMISSIONANOMALCONTRACTS","CODSUBJECTPROVIDERCODE2","VARCHAR2",4000,"Y"
"CB","CBESUBMISSIONANOMALCONTRACTS","CODSUBJECTPROVIDERCODE3","VARCHAR2",4000,"Y"
"CB","CBESUBMISSIONANOMALCONTRACTS","CODSUBJECTPROVIDERCODE4","VARCHAR2",4000,"Y"
"CB","CBESUBMISSIONANOMALCONTRACTS","CODSUBJECTPROVIDERCODE5","VARCHAR2",4000,"Y"
"CB","CBESUBMISSIONANOMALCONTRACTS","CODSUBJECTPROVIDERCODE6","VARCHAR2",4000,"Y"
"CB","CBESUBMISSIONANOMALCONTRACTS","CODSUBJECTROLECODE","VARCHAR2",4000,"Y"
"CB","CBESUBMISSIONANOMALCONTRACTS","CODSUBMISSIONTYPECODE","VARCHAR2",4000,"Y"
"CB","CBESUBMISSIONANOMALCONTRACTS","CODTHIRDPARTYOWNERSHIPCODE","VARCHAR2",4000,"Y"
"CB","CBESUBMISSIONANOMALCONTRACTS","CODTOBEPERFORMEDACTIONCODE","VARCHAR2",40,"Y"
"CB","CBESUBMISSIONANOMALCONTRACTS","CODTYPEOFTERMOFCONTRACTCODE","VARCHAR2",4000,"Y"
"CB","CBESUBMISSIONANOMALCONTRACTS","DATCONTRACTENDACTUALDATE","VARCHAR2",4000,"Y"
"CB","CBESUBMISSIONANOMALCONTRACTS","DATCONTRACTENDPLANNEDDATE","VARCHAR2",4000,"Y"
"CB","CBESUBMISSIONANOMALCONTRACTS","DATCONTRACTREFERENCEDATE","VARCHAR2",2048,"Y"
"CB","CBESUBMISSIONANOMALCONTRACTS","DATCONTRACTREQUESTDATE","VARCHAR2",4000,"Y"
"CB","CBESUBMISSIONANOMALCONTRACTS","DSCASSETDESC6","VARCHAR2",4000,"Y"
"CB","CBESUBMISSIONANOMALCONTRACTS","DSCGOODBRANDDESC","VARCHAR2",4000,"Y"
"CB","CBESUBMISSIONANOMALCONTRACTS","DSCNOTEDESC","VARCHAR2",4000,"Y"
"CB","CBESUBMISSIONANOMALCONTRACTS","DSCVERSIONDESC","VARCHAR2",4000,"Y"
"CB","CBESUBMISSIONANOMALCONTRACTS","FLGCARDUSED","VARCHAR2",4000,"Y"
"CB","CBESUBMISSIONANOMALCONTRACTS","NAMGUARANTORNAME1","VARCHAR2",4000,"Y"
"CB","CBESUBMISSIONANOMALCONTRACTS","NAMGUARANTORNAME2","VARCHAR2",4000,"Y"
"CB","CBESUBMISSIONANOMALCONTRACTS","NAMGUARANTORNAME3","VARCHAR2",4000,"Y"
"CB","CBESUBMISSIONANOMALCONTRACTS","NAMGUARANTORNAME4","VARCHAR2",4000,"Y"
"CB","CBESUBMISSIONANOMALCONTRACTS","NAMGUARANTORNAME5","VARCHAR2",4000,"Y"
"CB","CBESUBMISSIONANOMALCONTRACTS","NAMGUARANTORNAME6","VARCHAR2",4000,"Y"
"CB","CBESUBMISSIONANOMALCONTRACTS","NUMINTERESTOVERDUEPAYMENTS","VARCHAR2",4000,"Y"
"CB","CBESUBMISSIONANOMALCONTRACTS","NUMMINPAYMENTINDICATNUMBER","VARCHAR2",4000,"Y"
"CB","CBESUBMISSIONANOMALCONTRACTS","TIMESTAMPSTART","TIMESTAMP(6)",11,"N"
"CB","CBESUBMISSIONANOMALCONTRACTS","TIMESTAMPEND","TIMESTAMP(6)",11,"Y"
"CB","CBESUBMISSIONANOMALCONTRACTS","AMNBILLEDAMOUNT","VARCHAR2",4000,"Y"
"CB","CBESUBMISSIONANOMALCONTRACTS","AMNCHARGEDAMOUNT","VARCHAR2",4000,"Y"
"CB","CBESUBMISSIONANOMALCONTRACTS","AMNCREDITLIMITAMOUNT","VARCHAR2",4000,"Y"
"CB","CBESUBMISSIONANOMALCONTRACTS","AMNFINANCEDAMOUNT","VARCHAR2",4000,"Y"
"CB","CBESUBMISSIONANOMALCONTRACTS","AMNGOODVALUEAMOUNT","VARCHAR2",4000,"Y"
"CB","CBESUBMISSIONANOMALCONTRACTS","AMNGUARANTEEDAMOUNT1","VARCHAR2",4000,"Y"
"CB","CBESUBMISSIONANOMALCONTRACTS","AMNGUARANTEEDAMOUNT2","VARCHAR2",4000,"Y"
"CB","CBESUBMISSIONANOMALCONTRACTS","AMNGUARANTEEDAMOUNT3","VARCHAR2",4000,"Y"
"CB","CBESUBMISSIONANOMALCONTRACTS","AMNGUARANTEEDAMOUNT4","VARCHAR2",4000,"Y"
"CB","CBESUBMISSIONANOMALCONTRACTS","AMNGUARANTEEDAMOUNT5","VARCHAR2",4000,"Y"
"CB","CBESUBMISSIONANOMALCONTRACTS","AMNGUARANTEEDAMOUNT6","VARCHAR2",4000,"Y"
"CB","CBESUBMISSIONANOMALCONTRACTS","AMNINTERESTOVERDUEPAYMENTS","VARCHAR2",4000,"Y"
"CB","CBESUBMISSIONANOMALCONTRACTS","AMNMONTHLYPAYMENTSAMOUNT","VARCHAR2",4000,"Y"
"CB","CBESUBMISSIONANOMALCONTRACTS","AMNNEXTPAYMENTAMOUNT","VARCHAR2",4000,"Y"
"CB","CBESUBMISSIONANOMALCONTRACTS","AMNOUTSTANDBALANCEAMOUNT","VARCHAR2",4000,"Y"
"CB","CBESUBMISSIONANOMALCONTRACTS","AMNOVERDUEPAYMENTSAMOUNT","VARCHAR2",4000,"Y"
"CB","CBESUBMISSIONANOMALCONTRACTS","AMNPRINCIPALOVERDUEPAYMENTS","VARCHAR2",4000,"Y"
"CB","CBESUBMISSIONANOMALCONTRACTS","AMNUTILIZATIONAMOUNT","VARCHAR2",4000,"Y"
"CB","CBESUBMISSIONANOMALCONTRACTS","CODACTIONCODE","VARCHAR2",4000,"Y"
"CB","CBESUBMISSIONANOMALCONTRACTS","CODASSETCODE1","VARCHAR2",4000,"Y"
"CB","CBESUBMISSIONANOMALCONTRACTS","CODASSETCODE2","VARCHAR2",4000,"Y"
"CB","CBESUBMISSIONANOMALCONTRACTS","CODASSETCODE3","VARCHAR2",4000,"Y"
"CB","CBESUBMISSIONANOMALCONTRACTS","CODASSETCODE4","VARCHAR2",4000,"Y"
"CB","CBESUBMISSIONANOMALCONTRACTS","CODASSETCODE5","VARCHAR2",4000,"Y"
"CB","CBESUBMISSIONANOMALCONTRACTS","CODASSETCODE6","VARCHAR2",4000,"Y"
"CB","CBESUBMISSIONANOMALCONTRACTS","CODASSETQUALITYCLASS","VARCHAR2",4000,"Y"
"CB","CBESUBMISSIONANOMALCONTRACTS","CODBRANCHCODE","VARCHAR2",4000,"Y"
"CB","CBESUBMISSIONANOMALCONTRACTS","CODCONTRACTPHASECODE","VARCHAR2",4000,"Y"
"CB","CBESUBMISSIONANOMALCONTRACTS","NUMREGISTRATIONNUMBER","VARCHAR2",4000,"Y"
"CB","CBESUBMISSIONANOMALCONTRACTS","NUMSERVICESLINESNUMBER","VARCHAR2",4000,"Y"
"CB","CBESUBMISSIONANOMALCONTRACTS","NUMTIMESCARDUSEDNUMBER","VARCHAR2",4000,"Y"
"CB","CBESUBMISSIONANOMALCONTRACTS","NUMTOTALINSTALLMENTSNUMBER","VARCHAR2",4000,"Y"
"CB","CBESUBMISSIONANOMALCONTRACTS","DATTCINSERTIONDATE","TIMESTAMP(6)",11,"N"
"CB","CBESUBMISSIONANOMALCONTRACTS","CODTCINSERTIONSOURCE","VARCHAR2",200,"N"
"CB","CBESUBMISSIONANOMALCONTRACTS","CODTCINSERTIONUSERFULLNAME","VARCHAR2",2000,"N"
"CB","CBESUBMISSIONANOMALCONTRACTS","DATTCLASTUPDATEDATE","TIMESTAMP(6)",11,"Y"
"CB","CBESUBMISSIONANOMALCONTRACTS","CODTCLASTUPDATESOURCE","VARCHAR2",200,"Y"
"CB","CBESUBMISSIONANOMALCONTRACTS","CODTCLASTUPDATEUSERFULLNAME","VARCHAR2",2000,"Y"
"CB","CBESUBMISSIONANOMALCONTRACTS","CODCURRENCYCODE2","VARCHAR2",4000,"Y"
"CB","CBESUBMISSIONANOMALCONTRACTS","CODCURRENCYCODE3","VARCHAR2",4000,"Y"
"CB","CBESUBMISSIONANOMALCONTRACTS","CODCURRENCYCODE4","VARCHAR2",4000,"Y"
"CB","CBESUBMISSIONANOMALCONTRACTS","CODCURRENCYCODE5","VARCHAR2",4000,"Y"
"CB","CBESUBMISSIONANOMALCONTRACTS","CODCURRENCYCODE6","VARCHAR2",4000,"Y"
"CB","CBESUBMISSIONANOMALCONTRACTS","CODDAYSPASTDUECODE","VARCHAR2",4000,"Y"
"CB","CBESUBMISSIONANOMALCONTRACTS","CODGOODTYPECODE","VARCHAR2",4000,"Y"
"CB","CBESUBMISSIONANOMALCONTRACTS","CODGUARANTEECODE1","VARCHAR2",4000,"Y"
"CB","CBESUBMISSIONANOMALCONTRACTS","CODGUARANTEECODE2","VARCHAR2",4000,"Y"
"CB","CBESUBMISSIONANOMALCONTRACTS","CODGUARANTEECODE3","VARCHAR2",4000,"Y"
"CB","CBESUBMISSIONANOMALCONTRACTS","CODGUARANTEECODE4","VARCHAR2",4000,"Y"
"CB","CBESUBMISSIONANOMALCONTRACTS","CODGUARANTEECODE5","VARCHAR2",4000,"Y"
"CB","CBESUBMISSIONANOMALCONTRACTS","CODGUARANTEECODE6","VARCHAR2",4000,"Y"
"CB","CBESUBMISSIONANOMALCONTRACTS","CODGUARANCUSTOMERTYPECODE1","VARCHAR2",4000,"Y"
"CB","CBESUBMISSIONANOMALCONTRACTS","CODGUARANCUSTOMERTYPECODE2","VARCHAR2",4000,"Y"
"CB","CBESUBMISSIONANOMALCONTRACTS","CODGUARANCUSTOMERTYPECODE3","VARCHAR2",4000,"Y"
"CB","CBESUBMISSIONANOMALCONTRACTS","CODGUARANCUSTOMERTYPECODE4","VARCHAR2",4000,"Y"
"CB","CBESUBMISSIONANOMALCONTRACTS","CODGUARANCUSTOMERTYPECODE5","VARCHAR2",4000,"Y"
"CB","CBESUBMISSIONANOMALCONTRACTS","CODGUARANCUSTOMERTYPECODE6","VARCHAR2",4000,"Y"
"CB","CBESUBMISSIONANOMALCONTRACTS","CODINSTALLMENTTYPECODE","VARCHAR2",4000,"Y"
"CB","CBESUBMISSIONANOMALCONTRACTS","CODLOADINGSTATUS","VARCHAR2",4000,"Y"
"CB","CBESUBMISSIONANOMALCONTRACTS","CODNEWUSEDCODE","VARCHAR2",4000,"Y"
"CB","CBESUBMISSIONANOMALCONTRACTS","CODNOTETYPECODE","VARCHAR2",4000,"Y"
"CB","CBESUBMISSIONANOMALCONTRACTS","CODORIGINALCURRENCYCODE","VARCHAR2",4000,"Y"
"CB","CBESUBMISSIONANOMALCONTRACTS","DATCONTRACTSTARTDATE","VARCHAR2",4000,"Y"
"CB","CBESUBMISSIONANOMALCONTRACTS","DATFILEREFERENCEDATE","VARCHAR2",4000,"Y"
"CB","CBESUBMISSIONANOMALCONTRACTS","DATFIRSTPAYMENTDATE","VARCHAR2",4000,"Y"
"CB","CBESUBMISSIONANOMALCONTRACTS","DATINSERTIONNOTEDATE","VARCHAR2",4000,"Y"
"CB","CBESUBMISSIONANOMALCONTRACTS","DATLASTCHARGEDATE","VARCHAR2",4000,"Y"
"CB","CBESUBMISSIONANOMALCONTRACTS","DATLASTPAYMENTDATE","VARCHAR2",4000,"Y"
"CB","CBESUBMISSIONANOMALCONTRACTS","DATLUORDERDATE","DATE",7,"Y"
"CB","CBESUBMISSIONANOMALCONTRACTS","DATMANUFACTURINGDATE","VARCHAR2",4000,"Y"
"CB","CBESUBMISSIONANOMALCONTRACTS","DATNEXTPAYMENTDATE","VARCHAR2",4000,"Y"
"CB","CBESUBMISSIONANOMALCONTRACTS","DATVALIDITYENDDATE1","VARCHAR2",4000,"Y"
"CB","CBESUBMISSIONANOMALCONTRACTS","DATVALIDITYENDDATE2","VARCHAR2",4000,"Y"
"CB","CBESUBMISSIONANOMALCONTRACTS","DATVALIDITYENDDATE3","VARCHAR2",4000,"Y"
"CB","CBESUBMISSIONANOMALCONTRACTS","DATVALIDITYENDDATE4","VARCHAR2",4000,"Y"
"CB","CBESUBMISSIONANOMALCONTRACTS","DATVALIDITYENDDATE5","VARCHAR2",4000,"Y"
"CB","CBESUBMISSIONANOMALCONTRACTS","DATVALIDITYENDDATE6","VARCHAR2",4000,"Y"
"CB","CBESUBMISSIONANOMALCONTRACTS","DATVALIDITYSTARTDATE1","VARCHAR2",4000,"Y"
"CB","CBESUBMISSIONANOMALCONTRACTS","DATVALIDITYSTARTDATE2","VARCHAR2",4000,"Y"
"CB","CBESUBMISSIONANOMALCONTRACTS","DATVALIDITYSTARTDATE3","VARCHAR2",4000,"Y"
"CB","CBESUBMISSIONANOMALCONTRACTS","DATVALIDITYSTARTDATE4","VARCHAR2",4000,"Y"
"CB","CBESUBMISSIONANOMALCONTRACTS","DATVALIDITYSTARTDATE5","VARCHAR2",4000,"Y"
"CB","CBESUBMISSIONANOMALCONTRACTS","DATVALIDITYSTARTDATE6","VARCHAR2",4000,"Y"
"CB","CBESUBMISSIONANOMALCONTRACTS","DSCASSETDESC1","VARCHAR2",4000,"Y"
"CB","CBESUBMISSIONANOMALCONTRACTS","DSCASSETDESC2","VARCHAR2",4000,"Y"
"CB","CBESUBMISSIONANOMALCONTRACTS","DSCASSETDESC3","VARCHAR2",4000,"Y"
"CB","CBESUBMISSIONANOMALCONTRACTS","DSCASSETDESC4","VARCHAR2",4000,"Y"
"CB","CBESUBMISSIONANOMALCONTRACTS","DSCASSETDESC5","VARCHAR2",4000,"Y"
"CB","CBESUBMISSIONANOMALCONTRACTS","RECORDUID","RAW",16,"N"
"CB","CBESUBMISSIONANOMALCONTRACTS","ROOTRECORDUID","RAW",16,"Y"
"CB","CBESUBMISSIONANOMALCONTRACTS","FLOWUID","RAW",16,"N"
"CB","CBESUBMISSIONANOMALCONTRACTS","PHASEUID","RAW",16,"N"
"CB","CBESUBMISSIONANOMALCONTRACTS","LOGICALUNITID","NUMBER",22,"N"
"CB","CBESUBMISSIONANOMALCONTRACTS","LOGICALUNITORDER","NUMBER",22,"N"
"CB","CBESUBMISSIONANOMALCONTRACTS","LOGICALUNITINDEX","NUMBER",22,"N"
"CB","CBESUBMISSIONANOMALCONTRACTS","RECORDSTATUS","VARCHAR2",4000,"N"
"CB","CBESUBMISSIONANOMALCONTRACTS","CODCONTRACTTYPECODE","VARCHAR2",4000,"Y"
"CB","CBESUBMISSIONANOMALCONTRACTS","CODCONTRACTSTATUSCODE","VARCHAR2",4000,"Y"
"CB","CBESUBMISSIONANOMALCONTRACTS","CODCONTROLSTATUS","VARCHAR2",4000,"Y"
"CB","CBESUBMISSIONANOMALCONTRACTS","CODCREDITSECURITYCODE","VARCHAR2",4000,"Y"
"CB","CBESUBMISSIONANOMALCONTRACTS","CODCURRENCYCODE","VARCHAR2",4000,"Y"
"CB","CBESUBMISSIONANOMALCONTRACTS","CODCURRENCYCODE1","VARCHAR2",4000,"Y"
"CB","CBESUBMISSIONANOMALSUBJECTS","PHASEUID","RAW",16,"N"
"CB","CBESUBMISSIONANOMALSUBJECTS","LOGICALUNITID","NUMBER",22,"N"
"CB","CBESUBMISSIONANOMALSUBJECTS","LOGICALUNITORDER","NUMBER",22,"N"
"CB","CBESUBMISSIONANOMALSUBJECTS","CODCOUNTRYCODE2","VARCHAR2",4000,"Y"
"CB","CBESUBMISSIONANOMALSUBJECTS","CODCOUNTRYSTCODE1","VARCHAR2",4000,"Y"
"CB","CBESUBMISSIONANOMALSUBJECTS","CODCOUNTRYSTCODE2","VARCHAR2",4000,"Y"
"CB","CBESUBMISSIONANOMALSUBJECTS","CODCURRENCYCODE","VARCHAR2",4000,"Y"
"CB","CBESUBMISSIONANOMALSUBJECTS","CODECONOMICACTIVITYCODE","VARCHAR2",4000,"Y"
"CB","CBESUBMISSIONANOMALSUBJECTS","CODGENDERCODE","VARCHAR2",4000,"Y"
"CB","CBESUBMISSIONANOMALSUBJECTS","CODIDENTIFNUMBERCODE1","VARCHAR2",4000,"Y"
"CB","CBESUBMISSIONANOMALSUBJECTS","CODIDENTIFNUMBERCODE2","VARCHAR2",4000,"Y"
"CB","CBESUBMISSIONANOMALSUBJECTS","CODIDENTIFNUMSTCODE1","VARCHAR2",4000,"Y"
"CB","CBESUBMISSIONANOMALSUBJECTS","CODIDENTIFNUMSTCODE2","VARCHAR2",4000,"Y"
"CB","CBESUBMISSIONANOMALSUBJECTS","CODIDENTIFTCODETYPE1","VARCHAR2",4000,"Y"
"CB","CBESUBMISSIONANOMALSUBJECTS","CODIDENTIFTCODETYPE2","VARCHAR2",4000,"Y"
"CB","CBESUBMISSIONANOMALSUBJECTS","CODIDENTIFTSTCODETYPE1","VARCHAR2",4000,"Y"
"CB","CBESUBMISSIONANOMALSUBJECTS","CODIDENTIFTSTCODETYPE2","VARCHAR2",4000,"Y"
"CB","CBESUBMISSIONANOMALSUBJECTS","CODIDNUMBERCODE1","VARCHAR2",4000,"Y"
"CB","CBESUBMISSIONANOMALSUBJECTS","CODIDNUMBERCODE2","VARCHAR2",4000,"Y"
"CB","CBESUBMISSIONANOMALSUBJECTS","CODIDTYPECODE1","VARCHAR2",4000,"Y"
"CB","CBESUBMISSIONANOMALSUBJECTS","CODIDTYPECODE2","VARCHAR2",4000,"Y"
"CB","CBESUBMISSIONANOMALSUBJECTS","CODISSUECOUNTRYCODE1","VARCHAR2",4000,"Y"
"CB","CBESUBMISSIONANOMALSUBJECTS","CODISSUECOUNTRYCODE2","VARCHAR2",4000,"Y"
"CB","CBESUBMISSIONANOMALSUBJECTS","CODLEGALFORMCODE","VARCHAR2",4000,"Y"
"CB","CBESUBMISSIONANOMALSUBJECTS","CODLOADINGSTATUS","VARCHAR2",4000,"Y"
"CB","CBESUBMISSIONANOMALSUBJECTS","CODMARITALSTATUSCODE","VARCHAR2",4000,"Y"
"CB","CBESUBMISSIONANOMALSUBJECTS","CODNUMBEROFEMPLOYEESCODE","VARCHAR2",4000,"Y"
"CB","CBESUBMISSIONANOMALSUBJECTS","NAMDISTRICTNAME1","VARCHAR2",4000,"Y"
"CB","CBESUBMISSIONANOMALSUBJECTS","NAMDISTRICTNAME2","VARCHAR2",4000,"Y"
"CB","CBESUBMISSIONANOMALSUBJECTS","NAMDISTRICTSTNAME1","VARCHAR2",4000,"Y"
"CB","CBESUBMISSIONANOMALSUBJECTS","NAMDISTRICTSTNAME2","VARCHAR2",4000,"Y"
"CB","CBESUBMISSIONANOMALSUBJECTS","NAMFIRSTNAME","VARCHAR2",4000,"Y"
"CB","CBESUBMISSIONANOMALSUBJECTS","NAMFULLADDRESSNAME1","VARCHAR2",4000,"Y"
"CB","CBESUBMISSIONANOMALSUBJECTS","NAMFULLADDRESSNAME2","VARCHAR2",4000,"Y"
"CB","CBESUBMISSIONANOMALSUBJECTS","NAMFULLADDRESSSTNAME1","VARCHAR2",4000,"Y"
"CB","CBESUBMISSIONANOMALSUBJECTS","NAMFULLADDRESSSTNAME2","VARCHAR2",4000,"Y"
"CB","CBESUBMISSIONANOMALSUBJECTS","NAMFULLNAME","VARCHAR2",4000,"Y"
"CB","CBESUBMISSIONANOMALSUBJECTS","NAMLASTNAME","VARCHAR2",4000,"Y"
"CB","CBESUBMISSIONANOMALSUBJECTS","NAMORIGINALLASTNAME","VARCHAR2",4000,"Y"
"CB","CBESUBMISSIONANOMALSUBJECTS","NAMPATRONYMICNAME","VARCHAR2",4000,"Y"
"CB","CBESUBMISSIONANOMALSUBJECTS","NAMREGIONNAME1","VARCHAR2",4000,"Y"
"CB","CBESUBMISSIONANOMALSUBJECTS","NAMREGIONNAME2","VARCHAR2",4000,"Y"
"CB","CBESUBMISSIONANOMALSUBJECTS","NAMREGIONSTNAME1","VARCHAR2",4000,"Y"
"CB","CBESUBMISSIONANOMALSUBJECTS","NAMREGIONSTNAME2","VARCHAR2",4000,"Y"
"CB","CBESUBMISSIONANOMALSUBJECTS","NAMREGISTRATIONPLACE","VARCHAR2",4000,"Y"
"CB","CBESUBMISSIONANOMALSUBJECTS","NAMSHORTCOMPANYNAME","VARCHAR2",4000,"Y"
"CB","CBESUBMISSIONANOMALSUBJECTS","NAMSTREETNAME1","VARCHAR2",4000,"Y"
"CB","CBESUBMISSIONANOMALSUBJECTS","NAMSTREETNAME2","VARCHAR2",4000,"Y"
"CB","CBESUBMISSIONANOMALSUBJECTS","NAMSTREETSTNAME1","VARCHAR2",4000,"Y"
"CB","CBESUBMISSIONANOMALSUBJECTS","NAMSTREETSTNAME2","VARCHAR2",4000,"Y"
"CB","CBESUBMISSIONANOMALSUBJECTS","NAMTRADENAME","VARCHAR2",4000,"Y"
"CB","CBESUBMISSIONANOMALSUBJECTS","NAMTRADENAMEST","VARCHAR2",4000,"Y"
"CB","CBESUBMISSIONANOMALSUBJECTS","DATTCINSERTIONDATE","TIMESTAMP(6)",11,"N"
"CB","CBESUBMISSIONANOMALSUBJECTS","CODTCINSERTIONSOURCE","VARCHAR2",200,"N"
"CB","CBESUBMISSIONANOMALSUBJECTS","CODTCINSERTIONUSERFULLNAME","VARCHAR2",2000,"N"
"CB","CBESUBMISSIONANOMALSUBJECTS","RECORDUID","RAW",16,"N"
"CB","CBESUBMISSIONANOMALSUBJECTS","ROOTRECORDUID","RAW",16,"Y"
"CB","CBESUBMISSIONANOMALSUBJECTS","FLOWUID","RAW",16,"N"
"CB","CBESUBMISSIONANOMALSUBJECTS","CODOCCUPATIONSTATUSCODE","VARCHAR2",4000,"Y"
"CB","CBESUBMISSIONANOMALSUBJECTS","CODPOSTALCODE1","VARCHAR2",4000,"Y"
"CB","CBESUBMISSIONANOMALSUBJECTS","CODPOSTALCODE2","VARCHAR2",4000,"Y"
"CB","CBESUBMISSIONANOMALSUBJECTS","CODPOSTALSTCODE1","VARCHAR2",4000,"Y"
"CB","CBESUBMISSIONANOMALSUBJECTS","CODPOSTALSTCODE2","VARCHAR2",4000,"Y"
"CB","CBESUBMISSIONANOMALSUBJECTS","CODPROVIDERCODE","VARCHAR2",2048,"Y"
"CB","CBESUBMISSIONANOMALSUBJECTS","CODRECORDCODE","VARCHAR2",4000,"Y"
"CB","CBESUBMISSIONANOMALSUBJECTS","CODSUBJECTPROVIDERCODE","VARCHAR2",2048,"Y"
"CB","CBESUBMISSIONANOMALSUBJECTS","CODSUBMISSIONTYPECODE","VARCHAR2",4000,"Y"
"CB","CBESUBMISSIONANOMALSUBJECTS","DATBIRTHDATE","VARCHAR2",4000,"Y"
"CB","CBESUBMISSIONANOMALSUBJECTS","DATESTABLISHMENTDATE","VARCHAR2",4000,"Y"
"CB","CBESUBMISSIONANOMALSUBJECTS","DATEXPIRYDATE1","VARCHAR2",4000,"Y"
"CB","CBESUBMISSIONANOMALSUBJECTS","DATEXPIRYDATE2","VARCHAR2",4000,"Y"
"CB","CBESUBMISSIONANOMALSUBJECTS","DATFILEREFERENCEDATE","VARCHAR2",4000,"Y"
"CB","CBESUBMISSIONANOMALSUBJECTS","DATHIREDDATEFROM","VARCHAR2",4000,"Y"
"CB","CBESUBMISSIONANOMALSUBJECTS","DATHIREDDATETO","VARCHAR2",4000,"Y"
"CB","CBESUBMISSIONANOMALSUBJECTS","DATISSUEDATE1","VARCHAR2",4000,"Y"
"CB","CBESUBMISSIONANOMALSUBJECTS","DATISSUEDATE2","VARCHAR2",4000,"Y"
"CB","CBESUBMISSIONANOMALSUBJECTS","DATOCCUPIEDSINCEDATE1","VARCHAR2",4000,"Y"
"CB","CBESUBMISSIONANOMALSUBJECTS","DATOCCUPIEDSINCEDATE2","VARCHAR2",4000,"Y"
"CB","CBESUBMISSIONANOMALSUBJECTS","DATOCCUPIEDSINCESTDATE1","VARCHAR2",4000,"Y"
"CB","CBESUBMISSIONANOMALSUBJECTS","DATOCCUPIEDSINCESTDATE2","VARCHAR2",4000,"Y"
"CB","CBESUBMISSIONANOMALSUBJECTS","DATSUBJECTREFERENCEDATE","VARCHAR2",4000,"Y"
"CB","CBESUBMISSIONANOMALSUBJECTS","DSCOCCUPATIONDESC","VARCHAR2",4000,"Y"
"CB","CBESUBMISSIONANOMALSUBJECTS","DSCVERSIONDESC","VARCHAR2",4000,"Y"
"CB","CBESUBMISSIONANOMALSUBJECTS","NAMBIRTHPLACENAME","VARCHAR2",4000,"Y"
"CB","CBESUBMISSIONANOMALSUBJECTS","NAMCITYNAME1","VARCHAR2",4000,"Y"
"CB","CBESUBMISSIONANOMALSUBJECTS","NAMCITYNAME2","VARCHAR2",4000,"Y"
"CB","CBESUBMISSIONANOMALSUBJECTS","NAMCITYSTNAME1","VARCHAR2",4000,"Y"
"CB","CBESUBMISSIONANOMALSUBJECTS","NAMCITYSTNAME2","VARCHAR2",4000,"Y"
"CB","CBESUBMISSIONANOMALSUBJECTS","LOGICALUNITINDEX","NUMBER",22,"N"
"CB","CBESUBMISSIONANOMALSUBJECTS","RECORDSTATUS","VARCHAR2",4000,"N"
"CB","CBESUBMISSIONANOMALSUBJECTS","TIMESTAMPSTART","TIMESTAMP(6)",11,"N"
"CB","CBESUBMISSIONANOMALSUBJECTS","TIMESTAMPEND","TIMESTAMP(6)",11,"Y"
"CB","CBESUBMISSIONANOMALSUBJECTS","AMNGROSSINCOMEAMOUNT","VARCHAR2",4000,"Y"
"CB","CBESUBMISSIONANOMALSUBJECTS","AMNMONTHLYEXPENSES","VARCHAR2",4000,"Y"
"CB","CBESUBMISSIONANOMALSUBJECTS","AMNNETTAXABLEINCOME","VARCHAR2",4000,"Y"
"CB","CBESUBMISSIONANOMALSUBJECTS","CODACTIONCODE","VARCHAR2",4000,"Y"
"CB","CBESUBMISSIONANOMALSUBJECTS","CODADDRESSTYPECODE1","VARCHAR2",4000,"Y"
"CB","CBESUBMISSIONANOMALSUBJECTS","CODADDRESSTYPECODE2","VARCHAR2",4000,"Y"
"CB","CBESUBMISSIONANOMALSUBJECTS","CODADDRESSTYPESTCODE1","VARCHAR2",4000,"Y"
"CB","CBESUBMISSIONANOMALSUBJECTS","CODADDRESSTYPESTCODE2","VARCHAR2",4000,"Y"
"CB","CBESUBMISSIONANOMALSUBJECTS","CODBIRTHCOUNTRYCODE","VARCHAR2",4000,"Y"
"CB","CBESUBMISSIONANOMALSUBJECTS","CODBRANCHCODE","VARCHAR2",4000,"Y"
"CB","CBESUBMISSIONANOMALSUBJECTS","CODCONTACTCODE1","VARCHAR2",4000,"Y"
"CB","CBESUBMISSIONANOMALSUBJECTS","CODCONTACTCODE2","VARCHAR2",4000,"Y"
"CB","CBESUBMISSIONANOMALSUBJECTS","CODCONTACTSTCODE1","VARCHAR2",4000,"Y"
"CB","CBESUBMISSIONANOMALSUBJECTS","CODCONTACTSTCODE2","VARCHAR2",4000,"Y"
"CB","CBESUBMISSIONANOMALSUBJECTS","CODCONTACTTYPECODE1","VARCHAR2",4000,"Y"
"CB","CBESUBMISSIONANOMALSUBJECTS","CODCONTACTTYPECODE2","VARCHAR2",4000,"Y"
"CB","CBESUBMISSIONANOMALSUBJECTS","CODCONTACTTYPESTCODE1","VARCHAR2",4000,"Y"
"CB","CBESUBMISSIONANOMALSUBJECTS","CODCONTACTTYPESTCODE2","VARCHAR2",4000,"Y"
"CB","CBESUBMISSIONANOMALSUBJECTS","CODCONTROLSTATUS","VARCHAR2",4000,"Y"
"CB","CBESUBMISSIONANOMALSUBJECTS","DATTCLASTUPDATEDATE","TIMESTAMP(6)",11,"Y"
"CB","CBESUBMISSIONANOMALSUBJECTS","CODTCLASTUPDATESOURCE","VARCHAR2",200,"Y"
"CB","CBESUBMISSIONANOMALSUBJECTS","CODTCLASTUPDATEUSERFULLNAME","VARCHAR2",2000,"Y"
"CB","CBESUBMISSIONANOMALSUBJECTS","CODCOUNTRYCODE1","VARCHAR2",4000,"Y"
"CB","CBESUBMISSIONCONTRACTERRS","DATTCLASTUPDATEDATE","TIMESTAMP(6)",11,"Y"
"CB","CBESUBMISSIONCONTRACTERRS","CODTCINSERTIONUSERFULLNAME","VARCHAR2",2000,"N"
"CB","CBESUBMISSIONCONTRACTERRS","CODTCINSERTIONSOURCE","VARCHAR2",200,"N"
"CB","CBESUBMISSIONCONTRACTERRS","DATTCINSERTIONDATE","TIMESTAMP(6)",11,"N"
"CB","CBESUBMISSIONCONTRACTERRS","CODERRORCODE","VARCHAR2",200,"N"
"CB","CBESUBMISSIONCONTRACTERRS","RECORDUID","RAW",16,"N"
"CB","CBESUBMISSIONCONTRACTERRS","CODTCLASTUPDATEUSERFULLNAME","VARCHAR2",2000,"Y"
"CB","CBESUBMISSIONCONTRACTERRS","CODTCLASTUPDATESOURCE","VARCHAR2",200,"Y"
"CB","CBESUBMISSIONSUBJECTERRS","CODTCLASTUPDATEUSERFULLNAME","VARCHAR2",2000,"Y"
"CB","CBESUBMISSIONSUBJECTERRS","CODTCLASTUPDATESOURCE","VARCHAR2",200,"Y"
"CB","CBESUBMISSIONSUBJECTERRS","DATTCLASTUPDATEDATE","TIMESTAMP(6)",11,"Y"
"CB","CBESUBMISSIONSUBJECTERRS","CODTCINSERTIONUSERFULLNAME","VARCHAR2",2000,"N"
"CB","CBESUBMISSIONSUBJECTERRS","CODTCINSERTIONSOURCE","VARCHAR2",200,"N"
"CB","CBESUBMISSIONSUBJECTERRS","DATTCINSERTIONDATE","TIMESTAMP(6)",11,"N"
"CB","CBESUBMISSIONSUBJECTERRS","CODERRORCODE","VARCHAR2",200,"N"
"CB","CBESUBMISSIONSUBJECTERRS","RECORDUID","RAW",16,"N"
"CB","CBESUMMARYENQUIRIES","CODTCLASTUPDATEUSERFULLNAME","VARCHAR2",2000,"Y"
"CB","CBESUMMARYENQUIRIES","CODTCLASTUPDATESOURCE","VARCHAR2",200,"Y"
"CB","CBESUMMARYENQUIRIES","DATTCLASTUPDATEDATE","TIMESTAMP(6)",11,"Y"
"CB","CBESUMMARYENQUIRIES","CODTCINSERTIONUSERFULLNAME","VARCHAR2",2000,"N"
"CB","CBESUMMARYENQUIRIES","UIDSUMMARYENQUIRYID","RAW",16,"N"
"CB","CBESUMMARYENQUIRIES","DATTCINSERTIONDATE","TIMESTAMP(6)",11,"N"
"CB","CBESUMMARYENQUIRIES","TXTPROCESSXMLOUTPUT","CLOB",4000,"Y"
"CB","CBESUMMARYENQUIRIES","TXTPROCESSXMLINPUT","CLOB",4000,"Y"
"CB","CBESUMMARYENQUIRIES","UIDMESSAGEID","VARCHAR2",144,"N"
"CB","CBESUMMARYENQUIRIES","CODTCINSERTIONSOURCE","VARCHAR2",200,"N"
"CB","CBESUMMARYENQUIRYKEYS","CODTCLASTUPDATESOURCE","VARCHAR2",200,"Y"
"CB","CBESUMMARYENQUIRYKEYS","DATTCLASTUPDATEDATE","TIMESTAMP(6)",11,"Y"
"CB","CBESUMMARYENQUIRYKEYS","CODTCINSERTIONUSERFULLNAME","VARCHAR2",2000,"N"
"CB","CBESUMMARYENQUIRYKEYS","CODTCINSERTIONSOURCE","VARCHAR2",200,"N"
"CB","CBESUMMARYENQUIRYKEYS","DATTCINSERTIONDATE","TIMESTAMP(6)",11,"N"
"CB","CBESUMMARYENQUIRYKEYS","DATKEYVALUEDATE","DATE",7,"Y"
"CB","CBESUMMARYENQUIRYKEYS","CODKEYVALUECODE","VARCHAR2",4000,"Y"
"CB","CBESUMMARYENQUIRYKEYS","CODKEYCODE","NUMBER",22,"N"
"CB","CBESUMMARYENQUIRYKEYS","CODPROVIDERCODE","VARCHAR2",32,"N"
"CB","CBESUMMARYENQUIRYKEYS","CODTCLASTUPDATEUSERFULLNAME","VARCHAR2",2000,"Y"
"CB","CBESUMMARYENQUIRYKEYS","UIDSUMMARYENQUIRYID","RAW",16,"N"
"CB","CBHADDITIONALINFO","CODHTCINSERTIONSOURCE","VARCHAR2",200,"N"
"CB","CBHADDITIONALINFO","CODHTCINSERTIONUSERFULLNAME","VARCHAR2",2000,"N"
"CB","CBHADDITIONALINFO","CODTCLASTUPDATEUSERFULLNAME","VARCHAR2",2000,"Y"
"CB","CBHADDITIONALINFO","CODTCLASTUPDATESOURCE","VARCHAR2",200,"Y"
"CB","CBHADDITIONALINFO","DATTCLASTUPDATEDATE","TIMESTAMP(6)",11,"Y"
"CB","CBHADDITIONALINFO","CODTCINSERTIONUSERFULLNAME","VARCHAR2",2000,"N"
"CB","CBHADDITIONALINFO","CODTCINSERTIONSOURCE","VARCHAR2",200,"N"
"CB","CBHADDITIONALINFO","DATTCINSERTIONDATE","TIMESTAMP(6)",11,"N"
"CB","CBHADDITIONALINFO","DATLOGICALSTATUSCODEDATE","DATE",7,"Y"
"CB","CBHADDITIONALINFO","CODLOGICALSTATUSCODE","VARCHAR2",4,"Y"
"CB","CBHADDITIONALINFO","DATLASTREFERENCEDATE","DATE",7,"N"
"CB","CBHADDITIONALINFO","DATFIRSTREFERENCEDATE","DATE",7,"N"
"CB","CBHADDITIONALINFO","CODADDITIONALINFOTYPECODE","VARCHAR2",8,"N"
"CB","CBHADDITIONALINFO","CODADDITIONALINFOCATEGORYCODE","VARCHAR2",8,"N"
"CB","CBHADDITIONALINFO","CODUSEROWNERCODE","VARCHAR2",32,"Y"
"CB","CBHADDITIONALINFO","CODBRANCHOWNERCODE","VARCHAR2",20,"Y"
"CB","CBHADDITIONALINFO","CODPROVIDEROWNERCODE","VARCHAR2",32,"N"
"CB","CBHADDITIONALINFO","UIDADDITIONALINFOID","RAW",16,"N"
"CB","CBHADDITIONALINFO","DATHTCINSERTIONDATE","TIMESTAMP(6)",11,"N"
"CB","CBHADDRESSES","DATHTCINSERTIONDATE","TIMESTAMP(6)",11,"N"
"CB","CBHADDRESSES","CODHTCINSERTIONSOURCE","VARCHAR2",200,"N"
"CB","CBHADDRESSES","CODTCLASTUPDATEUSERFULLNAME","VARCHAR2",2000,"Y"
"CB","CBHADDRESSES","CODTCLASTUPDATESOURCE","VARCHAR2",200,"Y"
"CB","CBHADDRESSES","DATTCLASTUPDATEDATE","TIMESTAMP(6)",11,"Y"
"CB","CBHADDRESSES","CODTCINSERTIONUSERFULLNAME","VARCHAR2",2000,"N"
"CB","CBHADDRESSES","CODTCINSERTIONSOURCE","VARCHAR2",200,"N"
"CB","CBHADDRESSES","DATTCINSERTIONDATE","TIMESTAMP(6)",11,"N"
"CB","CBHADDRESSES","FLGCURRENT","NUMBER",22,"N"
"CB","CBHADDRESSES","DATREFERENCEDATE","DATE",7,"Y"
"CB","CBHADDRESSES","DATOCCUPIEDSINCEDATE","DATE",7,"Y"
"CB","CBHADDRESSES","CODCOUNTRYCODE","VARCHAR2",8,"Y"
"CB","CBHADDRESSES","CODPOSTALCODE","VARCHAR2",24,"Y"
"CB","CBHADDRESSES","NAMREGIONNAME","VARCHAR2",8,"Y"
"CB","CBHADDRESSES","NAMDISTRICTNAME","VARCHAR2",12,"Y"
"CB","CBHADDRESSES","NAMCITYNAME","VARCHAR2",120,"Y"
"CB","CBHADDRESSES","NAMSTREETNAME","VARCHAR2",800,"Y"
"CB","CBHADDRESSES","NAMFULLADDRESSNAME","VARCHAR2",1200,"Y"
"CB","CBHADDRESSES","CODADDRESSTYPECODE","VARCHAR2",8,"N"
"CB","CBHADDRESSES","CODHTCINSERTIONUSERFULLNAME","VARCHAR2",2000,"N"
"CB","CBHADDRESSES","UIDADDRESSID","RAW",16,"N"
"CB","CBHADDRESSES","UIDSUBJECTID","RAW",16,"N"
"CB","CBHCOMPANIES","NAMREGISTRATIONPLACE","VARCHAR2",120,"Y"
"CB","CBHCOMPANIES","CODHTCINSERTIONUSERFULLNAME","VARCHAR2",2000,"N"
"CB","CBHCOMPANIES","NAMSHORTCOMPANYNAME","VARCHAR2",480,"Y"
"CB","CBHCOMPANIES","CODLEGALFORMCODE","VARCHAR2",12,"Y"
"CB","CBHCOMPANIES","NAMTRADENAME","VARCHAR2",480,"N"
"CB","CBHCOMPANIES","UIDSUBJECTID","RAW",16,"N"
"CB","CBHCOMPANIES","CODECONOMICACTIVITYCODE","VARCHAR2",32,"Y"
"CB","CBHCOMPANIES","CODNUMBEROFEMPLOYEESCODE","VARCHAR2",8,"Y"
"CB","CBHCOMPANIES","AMNGROSSINCOME","NUMBER",22,"Y"
"CB","CBHCOMPANIES","AMNMONTHLYEXPENSES","NUMBER",22,"Y"
"CB","CBHCOMPANIES","AMNNETTAXABLEINCOME","NUMBER",22,"Y"
"CB","CBHCOMPANIES","DATTCINSERTIONDATE","TIMESTAMP(6)",11,"N"
"CB","CBHCOMPANIES","CODTCINSERTIONSOURCE","VARCHAR2",200,"N"
"CB","CBHCOMPANIES","CODTCINSERTIONUSERFULLNAME","VARCHAR2",2000,"N"
"CB","CBHCOMPANIES","DATTCLASTUPDATEDATE","TIMESTAMP(6)",11,"Y"
"CB","CBHCOMPANIES","CODTCLASTUPDATESOURCE","VARCHAR2",200,"Y"
"CB","CBHCOMPANIES","CODTCLASTUPDATEUSERFULLNAME","VARCHAR2",2000,"Y"
"CB","CBHCOMPANIES","DATHTCINSERTIONDATE","TIMESTAMP(6)",11,"N"
"CB","CBHCOMPANIES","CODHTCINSERTIONSOURCE","VARCHAR2",200,"N"
"CB","CBHCOMPANIES","DATESTABLISHMENTDATE","DATE",7,"Y"
"CB","CBHCOMPANYLINKS","DATREFERENCEDATE","DATE",7,"N"
"CB","CBHCOMPANYLINKS","CODSUBJECTROLECODE","VARCHAR2",4,"N"
"CB","CBHCOMPANYLINKS","CODPROVIDERCODE","VARCHAR2",32,"Y"
"CB","CBHCOMPANYLINKS","UIDCHILDSUBJECTID","RAW",16,"N"
"CB","CBHCOMPANYLINKS","UIDPARENTSUBJECTID","RAW",16,"N"
"CB","CBHCOMPANYLINKS","UIDCOMPANYLINKID","RAW",16,"N"
"CB","CBHCOMPANYLINKS","FLGCURRENT","NUMBER",22,"N"
"CB","CBHCOMPANYLINKS","CODHTCINSERTIONUSERFULLNAME","VARCHAR2",2000,"N"
"CB","CBHCOMPANYLINKS","CODHTCINSERTIONSOURCE","VARCHAR2",200,"N"
"CB","CBHCOMPANYLINKS","DATHTCINSERTIONDATE","TIMESTAMP(6)",11,"N"
"CB","CBHCOMPANYLINKS","CODTCLASTUPDATEUSERFULLNAME","VARCHAR2",2000,"Y"
"CB","CBHCOMPANYLINKS","CODTCLASTUPDATESOURCE","VARCHAR2",200,"Y"
"CB","CBHCOMPANYLINKS","DATTCLASTUPDATEDATE","TIMESTAMP(6)",11,"Y"
"CB","CBHCOMPANYLINKS","CODTCINSERTIONUSERFULLNAME","VARCHAR2",2000,"N"
"CB","CBHCOMPANYLINKS","CODTCINSERTIONSOURCE","VARCHAR2",200,"N"
"CB","CBHCOMPANYLINKS","DATTCINSERTIONDATE","TIMESTAMP(6)",11,"N"
"CB","CBHCOMPANYLINKS","DATLOGICALSTATUSCODEDATE","DATE",7,"Y"
"CB","CBHCOMPANYLINKS","CODLOGICALSTATUSCODE","VARCHAR2",4,"Y"
"CB","CBHCONTACTS","UIDCONTACTID","RAW",16,"N"
"CB","CBHCONTACTS","CODHTCINSERTIONUSERFULLNAME","VARCHAR2",2000,"N"
"CB","CBHCONTACTS","CODCONTACTTYPECODE","VARCHAR2",4,"N"
"CB","CBHCONTACTS","CODHTCINSERTIONSOURCE","VARCHAR2",200,"N"
"CB","CBHCONTACTS","DATHTCINSERTIONDATE","TIMESTAMP(6)",11,"N"
"CB","CBHCONTACTS","CODTCLASTUPDATEUSERFULLNAME","VARCHAR2",2000,"Y"
"CB","CBHCONTACTS","CODTCLASTUPDATESOURCE","VARCHAR2",200,"Y"
"CB","CBHCONTACTS","DATTCLASTUPDATEDATE","TIMESTAMP(6)",11,"Y"
"CB","CBHCONTACTS","CODTCINSERTIONUSERFULLNAME","VARCHAR2",2000,"N"
"CB","CBHCONTACTS","CODTCINSERTIONSOURCE","VARCHAR2",200,"N"
"CB","CBHCONTACTS","DATTCINSERTIONDATE","TIMESTAMP(6)",11,"N"
"CB","CBHCONTACTS","FLGCURRENT","NUMBER",22,"N"
"CB","CBHCONTACTS","DATREFERENCEDATE","DATE",7,"Y"
"CB","CBHCONTACTS","CODCONTACTCODE","VARCHAR2",480,"N"
"CB","CBHCONTACTS","UIDSUBJECTID","RAW",16,"N"
"CB","CBHCONTRACTS","CODCHILDREORGANIZEDCONTRACT","VARCHAR2",60,"Y"
"CB","CBHCONTRACTS","UIDCONTRACTID","RAW",16,"N"
"CB","CBHCONTRACTS","CODCONTRACTCODE","VARCHAR2",60,"N"
"CB","CBHCONTRACTS","CODSOURCEREORGANIZEDCONTRACT","VARCHAR2",60,"Y"
"CB","CBHCONTRACTS","CODREORGANIZEDCREDITCODE","VARCHAR2",4,"Y"
"CB","CBHCONTRACTS","DATREORGANIZEDCREDITDATE","DATE",7,"Y"
"CB","CBHCONTRACTS","CODPROVIDERCONTRACTCODE","VARCHAR2",152,"Y"
"CB","CBHCONTRACTS","CODPROVIDERAPPLICATIONCODE","VARCHAR2",152,"Y"
"CB","CBHCONTRACTS","CODPROVIDEROWNERCODE","VARCHAR2",32,"N"
"CB","CBHCONTRACTS","CODBRANCHOWNERCODE","VARCHAR2",20,"Y"
"CB","CBHCONTRACTS","CODUSEROWNERCODE","VARCHAR2",32,"Y"
"CB","CBHCONTRACTS","CODCONTRACTCATEGORYCODE","VARCHAR2",4,"N"
"CB","CBHCONTRACTS","CODCONTRACTTYPECODE","VARCHAR2",8,"N"
"CB","CBHCONTRACTS","DATCONTRACTREQUESTDATE","DATE",7,"Y"
"CB","CBHCONTRACTS","DATCONTRACTSTARTDATE","DATE",7,"Y"
"CB","CBHCONTRACTS","DATCONTRACTENDPLANNEDDATE","DATE",7,"Y"
"CB","CBHCONTRACTS","DATCONTRACTENDACTUALDATE","DATE",7,"Y"
"CB","CBHCONTRACTS","FLGONLINESOURCE","NUMBER",22,"N"
"CB","CBHCONTRACTS","FLGBATCHSOURCE","NUMBER",22,"N"
"CB","CBHCONTRACTS","DATFIRSTREFERENCEDATE","DATE",7,"N"
"CB","CBHCONTRACTS","DATLASTREFERENCEDATE","DATE",7,"N"
"CB","CBHCONTRACTS","CODLOGICALSTATUSCODE","VARCHAR2",4,"Y"
"CB","CBHCONTRACTS","DATLOGICALSTATUSCODEDATE","DATE",7,"Y"
"CB","CBHCONTRACTS","DATTCINSERTIONDATE","TIMESTAMP(6)",11,"N"
"CB","CBHCONTRACTS","CODTCINSERTIONSOURCE","VARCHAR2",200,"N"
"CB","CBHCONTRACTS","CODTCINSERTIONUSERFULLNAME","VARCHAR2",2000,"N"
"CB","CBHCONTRACTS","DATTCLASTUPDATEDATE","TIMESTAMP(6)",11,"Y"
"CB","CBHCONTRACTS","CODTCLASTUPDATESOURCE","VARCHAR2",200,"Y"
"CB","CBHCONTRACTS","CODTCLASTUPDATEUSERFULLNAME","VARCHAR2",2000,"Y"
"CB","CBHCONTRACTS","DATHTCINSERTIONDATE","TIMESTAMP(6)",11,"N"
"CB","CBHCONTRACTS","CODHTCINSERTIONSOURCE","VARCHAR2",200,"N"
"CB","CBHCONTRACTS","CODHTCINSERTIONUSERFULLNAME","VARCHAR2",2000,"N"
"CB","CBHCREDITCARDPREVIOUSMAX","UIDCONTRACTID","RAW",16,"N"
"CB","CBHCREDITCARDPREVIOUSMAX","CODHTCINSERTIONUSERFULLNAME","VARCHAR2",2000,"N"
"CB","CBHCREDITCARDPREVIOUSMAX","NUMOVERDUEPAYMENTSNUMBER","NUMBER",22,"Y"
"CB","CBHCREDITCARDPREVIOUSMAX","DATOVERDUEPAYMENTSNUMDATE","DATE",7,"Y"
"CB","CBHCREDITCARDPREVIOUSMAX","CODDAYSPASTDUECODE","NUMBER",22,"Y"
"CB","CBHCREDITCARDPREVIOUSMAX","DATDAYSPASTDUEDATE","DATE",7,"Y"
"CB","CBHCREDITCARDPREVIOUSMAX","AMNOUTSTANDINGBALANCEAMOUNT","NUMBER",22,"Y"
"CB","CBHCREDITCARDPREVIOUSMAX","DATOUTSTANDINGBALANCEDATE","DATE",7,"Y"
"CB","CBHCREDITCARDPREVIOUSMAX","AMNCHARGEDAMOUNT","NUMBER",22,"Y"
"CB","CBHCREDITCARDPREVIOUSMAX","DATCHARGEDAMOUNTDATE","DATE",7,"Y"
"CB","CBHCREDITCARDPREVIOUSMAX","AMNOVERLIMITAMOUNT","NUMBER",22,"Y"
"CB","CBHCREDITCARDPREVIOUSMAX","DATOVERLIMITDATE","DATE",7,"Y"
"CB","CBHCREDITCARDPREVIOUSMAX","CODWORSTCONTRACTSTATUSCODE","VARCHAR2",4,"Y"
"CB","CBHCREDITCARDPREVIOUSMAX","DATWORSTCONTRACTSTATUSDATE","DATE",7,"Y"
"CB","CBHCREDITCARDPREVIOUSMAX","DATTCINSERTIONDATE","TIMESTAMP(6)",11,"N"
"CB","CBHCREDITCARDPREVIOUSMAX","CODTCINSERTIONSOURCE","VARCHAR2",200,"N"
"CB","CBHCREDITCARDPREVIOUSMAX","CODTCINSERTIONUSERFULLNAME","VARCHAR2",2000,"N"
"CB","CBHCREDITCARDPREVIOUSMAX","DATTCLASTUPDATEDATE","TIMESTAMP(6)",11,"Y"
"CB","CBHCREDITCARDPREVIOUSMAX","CODTCLASTUPDATESOURCE","VARCHAR2",200,"Y"
"CB","CBHCREDITCARDPREVIOUSMAX","CODTCLASTUPDATEUSERFULLNAME","VARCHAR2",2000,"Y"
"CB","CBHCREDITCARDPREVIOUSMAX","DATHTCINSERTIONDATE","TIMESTAMP(6)",11,"N"
"CB","CBHCREDITCARDPREVIOUSMAX","CODHTCINSERTIONSOURCE","VARCHAR2",200,"N"
"CB","CBHCREDITCARDPREVIOUSMAX","AMNOVERDUEPAYMENTSAMOUNT","NUMBER",22,"Y"
"CB","CBHCREDITCARDS","UIDGUARANTEESETID","RAW",16,"Y"
"CB","CBHCREDITCARDS","CODCONTRACTPHASECODE","VARCHAR2",8,"Y"
"CB","CBHCREDITCARDS","DATCONTRACTPHASEDATE","DATE",7,"Y"
"CB","CBHCREDITCARDS","CODCURRENCYCODE","VARCHAR2",12,"N"
"CB","CBHCREDITCARDS","AMNOVERDUEPAYMENTSAMOUNT","NUMBER",22,"Y"
"CB","CBHCREDITCARDS","AMNINTERESTRATEAMOUNT","NUMBER",22,"Y"
"CB","CBHCREDITCARDS","CODORIGINALCURRENCYCODE","VARCHAR2",12,"Y"
"CB","CBHCREDITCARDS","AMNCREDITLIMITAMOUNT","NUMBER",22,"Y"
"CB","CBHCREDITCARDS","AMNAPPLICATIONAMOUNT","NUMBER",22,"Y"
"CB","CBHCREDITCARDS","AMNMONTHLYPAYMENTSAMOUNT","NUMBER",22,"Y"
"CB","CBHCREDITCARDS","CODPAYMENTPERIODICITYCODE","VARCHAR2",4,"Y"
"CB","CBHCREDITCARDS","CODPAYMENTMETHODCODE","VARCHAR2",12,"Y"
"CB","CBHCREDITCARDS","AMNNEXTPAYMENTAMOUNT","NUMBER",22,"Y"
"CB","CBHCREDITCARDS","DATNEXTPAYMENTDATE","DATE",7,"Y"
"CB","CBHCREDITCARDS","DATLASTPAYMENTDATE","DATE",7,"Y"
"CB","CBHCREDITCARDS","AMNOUTSTANDINGBALANCEAMOUNT","NUMBER",22,"Y"
"CB","CBHCREDITCARDS","NUMOVERDUEPAYMENTSNUMBER","NUMBER",22,"Y"
"CB","CBHCREDITCARDS","CODDAYSPASTDUECODE","NUMBER",22,"Y"
"CB","CBHCREDITCARDS","CODINSTALLMENTTYPECODE","VARCHAR2",4,"Y"
"CB","CBHCREDITCARDS","AMNCHARGEDAMOUNT","NUMBER",22,"Y"
"CB","CBHCREDITCARDS","DATLASTCHARGEDATE","DATE",7,"Y"
"CB","CBHCREDITCARDS","AMNOVERLIMITAMOUNT","NUMBER",22,"Y"
"CB","CBHCREDITCARDS","NUMMINPAYMENTPERCENTAGENUMBER","NUMBER",22,"Y"
"CB","CBHCREDITCARDS","CODMINPAYMENTINDICATORCODE","VARCHAR2",4,"Y"
"CB","CBHCREDITCARDS","FLGCARDUSED","NUMBER",22,"Y"
"CB","CBHCREDITCARDS","NUMTIMESCARDUSEDNUMBER","NUMBER",22,"Y"
"CB","CBHCREDITCARDS","NUMPRINCIPALOVERDUEPAYMENTS","NUMBER",22,"Y"
"CB","CBHCREDITCARDS","AMNPRINCIPALOVERDUEPAYMENTS","NUMBER",22,"Y"
"CB","CBHCREDITCARDS","NUMINTERESTOVERDUEPAYMENTS","NUMBER",22,"Y"
"CB","CBHCREDITCARDS","AMNINTERESTOVERDUEPAYMENTS","NUMBER",22,"Y"
"CB","CBHCREDITCARDS","CODASSETQUALITYCLASSCODE","VARCHAR2",4,"Y"
"CB","CBHCREDITCARDS","DATREFERENCEDATE","DATE",7,"N"
"CB","CBHCREDITCARDS","CODCONTRACTSTATUSCODE","VARCHAR2",16,"Y"
"CB","CBHCREDITCARDS","FLGCURRENT","NUMBER",22,"N"
"CB","CBHCREDITCARDS","DATTCINSERTIONDATE","TIMESTAMP(6)",11,"N"
"CB","CBHCREDITCARDS","CODTCINSERTIONSOURCE","VARCHAR2",200,"N"
"CB","CBHCREDITCARDS","CODTCINSERTIONUSERFULLNAME","VARCHAR2",2000,"N"
"CB","CBHCREDITCARDS","DATTCLASTUPDATEDATE","TIMESTAMP(6)",11,"Y"
"CB","CBHCREDITCARDS","CODTCLASTUPDATESOURCE","VARCHAR2",200,"Y"
"CB","CBHCREDITCARDS","CODTCLASTUPDATEUSERFULLNAME","VARCHAR2",2000,"Y"
"CB","CBHCREDITCARDS","DATHTCINSERTIONDATE","TIMESTAMP(6)",11,"N"
"CB","CBHCREDITCARDS","CODHTCINSERTIONSOURCE","VARCHAR2",200,"N"
"CB","CBHCREDITCARDS","CODHTCINSERTIONUSERFULLNAME","VARCHAR2",2000,"N"
"CB","CBHCREDITCARDS","UIDCREDITCARDID","RAW",16,"N"
"CB","CBHCREDITCARDS","UIDCONTRACTID","RAW",16,"N"
"CB","CBHEMPLOYMENTS","UIDEMPLOYMENTID","RAW",16,"N"
"CB","CBHEMPLOYMENTS","NAMTRADENAME","VARCHAR2",480,"Y"
"CB","CBHEMPLOYMENTS","CODHTCINSERTIONSOURCE","VARCHAR2",200,"N"
"CB","CBHEMPLOYMENTS","DATHTCINSERTIONDATE","TIMESTAMP(6)",11,"N"
"CB","CBHEMPLOYMENTS","CODTCLASTUPDATEUSERFULLNAME","VARCHAR2",2000,"Y"
"CB","CBHEMPLOYMENTS","CODTCLASTUPDATESOURCE","VARCHAR2",200,"Y"
"CB","CBHEMPLOYMENTS","DATTCLASTUPDATEDATE","TIMESTAMP(6)",11,"Y"
"CB","CBHEMPLOYMENTS","CODTCINSERTIONUSERFULLNAME","VARCHAR2",2000,"N"
"CB","CBHEMPLOYMENTS","CODTCINSERTIONSOURCE","VARCHAR2",200,"N"
"CB","CBHEMPLOYMENTS","DATTCINSERTIONDATE","TIMESTAMP(6)",11,"N"
"CB","CBHEMPLOYMENTS","FLGCURRENT","NUMBER",22,"N"
"CB","CBHEMPLOYMENTS","DATREFERENCEDATE","DATE",7,"Y"
"CB","CBHEMPLOYMENTS","UIDSUBJECTID","RAW",16,"N"
"CB","CBHEMPLOYMENTS","AMNGROSSINCOMEAMOUNT","NUMBER",22,"Y"
"CB","CBHEMPLOYMENTS","CODCURRENCYCODE","VARCHAR2",12,"Y"
"CB","CBHEMPLOYMENTS","DATHIREDDATEFROM","DATE",7,"Y"
"CB","CBHEMPLOYMENTS","DATHIREDDATETO","DATE",7,"Y"
"CB","CBHEMPLOYMENTS","DSCOCCUPATIONDESC","VARCHAR2",80,"Y"
"CB","CBHEMPLOYMENTS","CODOCCUPATIONSTATUSCODE","VARCHAR2",4,"Y"
"CB","CBHEMPLOYMENTS","CODHTCINSERTIONUSERFULLNAME","VARCHAR2",2000,"N"
"CB","CBHENQUIRYCOMPANYLINKS","CODTCLASTUPDATEUSERFULLNAME","VARCHAR2",2000,"Y"
"CB","CBHENQUIRYCOMPANYLINKS","CODTCLASTUPDATESOURCE","VARCHAR2",200,"Y"
"CB","CBHENQUIRYCOMPANYLINKS","DATTCLASTUPDATEDATE","TIMESTAMP(6)",11,"Y"
"CB","CBHENQUIRYCOMPANYLINKS","CODTCINSERTIONUSERFULLNAME","VARCHAR2",2000,"N"
"CB","CBHENQUIRYCOMPANYLINKS","CODTCINSERTIONSOURCE","VARCHAR2",200,"N"
"CB","CBHENQUIRYCOMPANYLINKS","DATTCINSERTIONDATE","TIMESTAMP(6)",11,"N"
"CB","CBHENQUIRYCOMPANYLINKS","CODSUBJECTROLECODE","VARCHAR2",4,"N"
"CB","CBHENQUIRYCOMPANYLINKS","UIDCONTRACTID","RAW",16,"N"
"CB","CBHENQUIRYCOMPANYLINKS","UIDSUBJECTID","RAW",16,"N"
"CB","CBHENQUIRYCOMPANYLINKS","UIDENQUIRYCOMPANYLINKID","RAW",16,"N"
"CB","CBHENQUIRYCOMPANYLINKS","DATHTCINSERTIONDATE","TIMESTAMP(6)",11,"N"
"CB","CBHENQUIRYCOMPANYLINKS","CODHTCINSERTIONSOURCE","VARCHAR2",200,"N"
"CB","CBHENQUIRYCOMPANYLINKS","CODHTCINSERTIONUSERFULLNAME","VARCHAR2",2000,"N"
"CB","CBHGUARANTEES","UIDGUARANTEEID","RAW",16,"N"
"CB","CBHGUARANTEES","UIDSUBJECTID","RAW",16,"Y"
"CB","CBHGUARANTEES","NAMGUARANTORNAME","VARCHAR2",880,"Y"
"CB","CBHGUARANTEES","CODPROVIDEROWNERCODE","VARCHAR2",32,"N"
"CB","CBHGUARANTEES","CODPROVIDERGUARANTEECODE","VARCHAR2",152,"Y"
"CB","CBHGUARANTEES","AMNGUARANTEEDAMOUNT","NUMBER",22,"Y"
"CB","CBHGUARANTEES","CODCURRENCYCODE","VARCHAR2",12,"Y"
"CB","CBHGUARANTEES","CODGUARANTEECATEGORYCODE","VARCHAR2",4,"N"
"CB","CBHGUARANTEES","CODGUARANTEECODE","VARCHAR2",12,"N"
"CB","CBHGUARANTEES","CODGUARANTEECUSTOMERTYPECODE","VARCHAR2",4,"Y"
"CB","CBHGUARANTEES","CODASSETCODE","VARCHAR2",80,"Y"
"CB","CBHGUARANTEES","DSCASSETDESC","VARCHAR2",2000,"Y"
"CB","CBHGUARANTEES","DATVALIDITYSTARTDATE","DATE",7,"Y"
"CB","CBHGUARANTEES","DATVALIDITYENDDATE","DATE",7,"Y"
"CB","CBHGUARANTEES","DATTCINSERTIONDATE","TIMESTAMP(6)",11,"N"
"CB","CBHGUARANTEES","CODTCINSERTIONSOURCE","VARCHAR2",200,"N"
"CB","CBHGUARANTEES","CODTCINSERTIONUSERFULLNAME","VARCHAR2",2000,"N"
"CB","CBHGUARANTEES","DATTCLASTUPDATEDATE","TIMESTAMP(6)",11,"Y"
"CB","CBHGUARANTEES","CODTCLASTUPDATESOURCE","VARCHAR2",200,"Y"
"CB","CBHGUARANTEES","CODTCLASTUPDATEUSERFULLNAME","VARCHAR2",2000,"Y"
"CB","CBHGUARANTEES","DATHTCINSERTIONDATE","TIMESTAMP(6)",11,"N"
"CB","CBHGUARANTEES","CODHTCINSERTIONSOURCE","VARCHAR2",200,"N"
"CB","CBHGUARANTEES","CODHTCINSERTIONUSERFULLNAME","VARCHAR2",2000,"N"
"CB","CBHGUARANTEESETLINKS","CODTCLASTUPDATEUSERFULLNAME","VARCHAR2",2000,"Y"
"CB","CBHGUARANTEESETLINKS","DATHTCINSERTIONDATE","TIMESTAMP(6)",11,"N"
"CB","CBHGUARANTEESETLINKS","CODTCLASTUPDATESOURCE","VARCHAR2",200,"Y"
"CB","CBHGUARANTEESETLINKS","DATTCLASTUPDATEDATE","TIMESTAMP(6)",11,"Y"
"CB","CBHGUARANTEESETLINKS","CODTCINSERTIONUSERFULLNAME","VARCHAR2",2000,"N"
"CB","CBHGUARANTEESETLINKS","CODTCINSERTIONSOURCE","VARCHAR2",200,"N"
"CB","CBHGUARANTEESETLINKS","DATTCINSERTIONDATE","TIMESTAMP(6)",11,"N"
"CB","CBHGUARANTEESETLINKS","UIDGUARANTEEID","RAW",16,"N"
"CB","CBHGUARANTEESETLINKS","UIDGUARANTEESETID","RAW",16,"N"
"CB","CBHGUARANTEESETLINKS","CODHTCINSERTIONUSERFULLNAME","VARCHAR2",2000,"N"
"CB","CBHGUARANTEESETLINKS","CODHTCINSERTIONSOURCE","VARCHAR2",200,"N"
"CB","CBHGUARANTEESETS","CODHTCINSERTIONSOURCE","VARCHAR2",200,"N"
"CB","CBHGUARANTEESETS","DATHTCINSERTIONDATE","TIMESTAMP(6)",11,"N"
"CB","CBHGUARANTEESETS","CODTCLASTUPDATEUSERFULLNAME","VARCHAR2",2000,"Y"
"CB","CBHGUARANTEESETS","CODTCLASTUPDATESOURCE","VARCHAR2",200,"Y"
"CB","CBHGUARANTEESETS","CODHTCINSERTIONUSERFULLNAME","VARCHAR2",2000,"N"
"CB","CBHGUARANTEESETS","CODTCINSERTIONUSERFULLNAME","VARCHAR2",2000,"N"
"CB","CBHGUARANTEESETS","CODTCINSERTIONSOURCE","VARCHAR2",200,"N"
"CB","CBHGUARANTEESETS","DATTCINSERTIONDATE","TIMESTAMP(6)",11,"N"
"CB","CBHGUARANTEESETS","UIDGUARANTEESETID","RAW",16,"N"
"CB","CBHGUARANTEESETS","DATTCLASTUPDATEDATE","TIMESTAMP(6)",11,"Y"
"CB","CBHIDENTIFICATIONCODES","CODTCLASTUPDATESOURCE","VARCHAR2",200,"Y"
"CB","CBHIDENTIFICATIONCODES","CODHTCINSERTIONUSERFULLNAME","VARCHAR2",2000,"N"
"CB","CBHIDENTIFICATIONCODES","CODTCINSERTIONUSERFULLNAME","VARCHAR2",2000,"N"
"CB","CBHIDENTIFICATIONCODES","CODTCINSERTIONSOURCE","VARCHAR2",200,"N"
"CB","CBHIDENTIFICATIONCODES","DATTCINSERTIONDATE","TIMESTAMP(6)",11,"N"
"CB","CBHIDENTIFICATIONCODES","FLGCURRENT","NUMBER",22,"N"
"CB","CBHIDENTIFICATIONCODES","DATREFERENCEDATE","DATE",7,"Y"
"CB","CBHIDENTIFICATIONCODES","CODIDENTIFICATIONNUMBERCODE","VARCHAR2",80,"N"
"CB","CBHIDENTIFICATIONCODES","CODIDENTIFICATIONTYPECODE","VARCHAR2",4,"N"
"CB","CBHIDENTIFICATIONCODES","UIDSUBJECTID","RAW",16,"N"
"CB","CBHIDENTIFICATIONCODES","UIDIDENTIFICATIONCODEID","RAW",16,"N"
"CB","CBHIDENTIFICATIONCODES","CODTCLASTUPDATEUSERFULLNAME","VARCHAR2",2000,"Y"
"CB","CBHIDENTIFICATIONCODES","DATHTCINSERTIONDATE","TIMESTAMP(6)",11,"N"
"CB","CBHIDENTIFICATIONCODES","CODHTCINSERTIONSOURCE","VARCHAR2",200,"N"
"CB","CBHIDENTIFICATIONCODES","DATTCLASTUPDATEDATE","TIMESTAMP(6)",11,"Y"
"CB","CBHIDENTIFICATIONDOCUMENTS","DATEXPIRYDATE","DATE",7,"Y"
"CB","CBHIDENTIFICATIONDOCUMENTS","DATISSUEDATE","DATE",7,"Y"
"CB","CBHIDENTIFICATIONDOCUMENTS","CODIDNUMBERCODE","VARCHAR2",80,"N"
"CB","CBHIDENTIFICATIONDOCUMENTS","CODIDTYPECODE","VARCHAR2",4,"N"
"CB","CBHIDENTIFICATIONDOCUMENTS","UIDSUBJECTID","RAW",16,"N"
"CB","CBHIDENTIFICATIONDOCUMENTS","UIDIDENTIFICATIONDOCUMENTID","RAW",16,"N"
"CB","CBHIDENTIFICATIONDOCUMENTS","CODHTCINSERTIONUSERFULLNAME","VARCHAR2",2000,"N"
"CB","CBHIDENTIFICATIONDOCUMENTS","CODHTCINSERTIONSOURCE","VARCHAR2",200,"N"
"CB","CBHIDENTIFICATIONDOCUMENTS","DATHTCINSERTIONDATE","TIMESTAMP(6)",11,"N"
"CB","CBHIDENTIFICATIONDOCUMENTS","CODTCLASTUPDATEUSERFULLNAME","VARCHAR2",2000,"Y"
"CB","CBHIDENTIFICATIONDOCUMENTS","CODTCLASTUPDATESOURCE","VARCHAR2",200,"Y"
"CB","CBHIDENTIFICATIONDOCUMENTS","CODISSUECOUNTRYCODE","VARCHAR2",8,"Y"
"CB","CBHIDENTIFICATIONDOCUMENTS","DATTCLASTUPDATEDATE","TIMESTAMP(6)",11,"Y"
"CB","CBHIDENTIFICATIONDOCUMENTS","CODTCINSERTIONUSERFULLNAME","VARCHAR2",2000,"N"
"CB","CBHIDENTIFICATIONDOCUMENTS","CODTCINSERTIONSOURCE","VARCHAR2",200,"N"
"CB","CBHIDENTIFICATIONDOCUMENTS","DATTCINSERTIONDATE","TIMESTAMP(6)",11,"N"
"CB","CBHIDENTIFICATIONDOCUMENTS","FLGCURRENT","NUMBER",22,"N"
"CB","CBHIDENTIFICATIONDOCUMENTS","DATREFERENCEDATE","DATE",7,"Y"
"CB","CBHINDIVIDUALS","UIDSUBJECTID","RAW",16,"N"
"CB","CBHINDIVIDUALS","CODHTCINSERTIONUSERFULLNAME","VARCHAR2",2000,"N"
"CB","CBHINDIVIDUALS","NAMFIRSTNAME","VARCHAR2",280,"Y"
"CB","CBHINDIVIDUALS","NAMLASTNAME","VARCHAR2",280,"Y"
"CB","CBHINDIVIDUALS","NAMPATRONYMICNAME","VARCHAR2",280,"Y"
"CB","CBHINDIVIDUALS","NAMORIGINALLASTNAME","VARCHAR2",280,"Y"
"CB","CBHINDIVIDUALS","CODMARITALSTATUSCODE","VARCHAR2",4,"Y"
"CB","CBHINDIVIDUALS","DATBIRTHDATE","DATE",7,"Y"
"CB","CBHINDIVIDUALS","NAMBIRTHPLACENAME","VARCHAR2",80,"Y"
"CB","CBHINDIVIDUALS","CODBIRTHCOUNTRYCODE","VARCHAR2",8,"Y"
"CB","CBHINDIVIDUALS","CODGENDERCODE","VARCHAR2",4,"Y"
"CB","CBHINDIVIDUALS","DATTCINSERTIONDATE","TIMESTAMP(6)",11,"N"
"CB","CBHINDIVIDUALS","CODTCINSERTIONSOURCE","VARCHAR2",200,"N"
"CB","CBHINDIVIDUALS","CODHTCINSERTIONSOURCE","VARCHAR2",200,"N"
"CB","CBHINDIVIDUALS","DATHTCINSERTIONDATE","TIMESTAMP(6)",11,"N"
"CB","CBHINDIVIDUALS","CODTCLASTUPDATEUSERFULLNAME","VARCHAR2",2000,"Y"
"CB","CBHINDIVIDUALS","CODTCLASTUPDATESOURCE","VARCHAR2",200,"Y"
"CB","CBHINDIVIDUALS","DATTCLASTUPDATEDATE","TIMESTAMP(6)",11,"Y"
"CB","CBHINDIVIDUALS","CODTCINSERTIONUSERFULLNAME","VARCHAR2",2000,"N"
"CB","CBHINDIVIDUALS","NAMFULLNAME","VARCHAR2",880,"Y"
"CB","CBHINSTALLMENTS","AMNFINANCEDAMOUNT","NUMBER",22,"Y"
"CB","CBHINSTALLMENTS","AMNAPPLICATIONAMOUNT","NUMBER",22,"Y"
"CB","CBHINSTALLMENTS","AMNMONTHLYPAYMENTSAMOUNT","NUMBER",22,"Y"
"CB","CBHINSTALLMENTS","NUMTOTALINSTALLMENTSNUMBER","NUMBER",22,"N"
"CB","CBHINSTALLMENTS","CODPAYMENTPERIODICITYCODE","VARCHAR2",4,"Y"
"CB","CBHINSTALLMENTS","CODPAYMENTMETHODCODE","VARCHAR2",12,"Y"
"CB","CBHINSTALLMENTS","AMNNEXTPAYMENTAMOUNT","NUMBER",22,"Y"
"CB","CBHINSTALLMENTS","DATNEXTPAYMENTDATE","DATE",7,"Y"
"CB","CBHINSTALLMENTS","NUMOUTSTANDINGPAYMENTSNUMBER","NUMBER",22,"Y"
"CB","CBHINSTALLMENTS","AMNOUTSTANDINGBALANCEAMOUNT","NUMBER",22,"Y"
"CB","CBHINSTALLMENTS","NUMOVERDUEPAYMENTSNUMBER","NUMBER",22,"Y"
"CB","CBHINSTALLMENTS","AMNOVERDUEPAYMENTSAMOUNT","NUMBER",22,"Y"
"CB","CBHINSTALLMENTS","NUMPRINCIPALOVERDUEPAYMENTS","NUMBER",22,"Y"
"CB","CBHINSTALLMENTS","AMNPRINCIPALOVERDUEPAYMENTS","NUMBER",22,"Y"
"CB","CBHINSTALLMENTS","NUMINTERESTOVERDUEPAYMENTS","NUMBER",22,"Y"
"CB","CBHINSTALLMENTS","AMNINTERESTOVERDUEPAYMENTS","NUMBER",22,"Y"
"CB","CBHINSTALLMENTS","CODCREDITSECURITYCODE","VARCHAR2",4,"Y"
"CB","CBHINSTALLMENTS","CODASSETQUALITYCLASSCODE","VARCHAR2",4,"Y"
"CB","CBHINSTALLMENTS","CODTYPEOFTERMOFCONTRACTCODE","VARCHAR2",4,"Y"
"CB","CBHINSTALLMENTS","CODNEWUSEDCODE","VARCHAR2",4,"Y"
"CB","CBHINSTALLMENTS","DSCGOODBRANDDESC","VARCHAR2",400,"Y"
"CB","CBHINSTALLMENTS","DATMANUFACTURINGDATE","DATE",7,"Y"
"CB","CBHINSTALLMENTS","CODREGISTRATIONCODE","VARCHAR2",80,"Y"
"CB","CBHINSTALLMENTS","DATFIRSTPAYMENTDATE","DATE",7,"Y"
"CB","CBHINSTALLMENTS","DATLASTPAYMENTDATE","DATE",7,"Y"
"CB","CBHINSTALLMENTS","DATREFERENCEDATE","DATE",7,"N"
"CB","CBHINSTALLMENTS","CODCONTRACTSTATUSCODE","VARCHAR2",16,"Y"
"CB","CBHINSTALLMENTS","FLGCURRENT","NUMBER",22,"N"
"CB","CBHINSTALLMENTS","DATTCINSERTIONDATE","TIMESTAMP(6)",11,"N"
"CB","CBHINSTALLMENTS","CODTCINSERTIONSOURCE","VARCHAR2",200,"N"
"CB","CBHINSTALLMENTS","CODTCINSERTIONUSERFULLNAME","VARCHAR2",2000,"N"
"CB","CBHINSTALLMENTS","DATTCLASTUPDATEDATE","TIMESTAMP(6)",11,"Y"
"CB","CBHINSTALLMENTS","CODTCLASTUPDATESOURCE","VARCHAR2",200,"Y"
"CB","CBHINSTALLMENTS","CODTCLASTUPDATEUSERFULLNAME","VARCHAR2",2000,"Y"
"CB","CBHINSTALLMENTS","DATHTCINSERTIONDATE","TIMESTAMP(6)",11,"N"
"CB","CBHINSTALLMENTS","CODHTCINSERTIONSOURCE","VARCHAR2",200,"N"
"CB","CBHINSTALLMENTS","CODHTCINSERTIONUSERFULLNAME","VARCHAR2",2000,"N"
"CB","CBHINSTALLMENTS","CODDAYSPASTDUECODE","NUMBER",22,"Y"
"CB","CBHINSTALLMENTS","CODGOODTYPECODE","VARCHAR2",8,"Y"
"CB","CBHINSTALLMENTS","AMNGOODVALUEAMOUNT","NUMBER",22,"Y"
"CB","CBHINSTALLMENTS","AMNINTERESTRATEAMOUNT","NUMBER",22,"Y"
"CB","CBHINSTALLMENTS","UIDINSTALLMENTID","RAW",16,"N"
"CB","CBHINSTALLMENTS","UIDCONTRACTID","RAW",16,"N"
"CB","CBHINSTALLMENTS","UIDGUARANTEESETID","RAW",16,"Y"
"CB","CBHINSTALLMENTS","CODCONTRACTPHASECODE","VARCHAR2",8,"Y"
"CB","CBHINSTALLMENTS","DATCONTRACTPHASEDATE","DATE",7,"Y"
"CB","CBHINSTALLMENTS","CODCURRENCYCODE","VARCHAR2",12,"N"
"CB","CBHINSTALLMENTS","CODORIGINALCURRENCYCODE","VARCHAR2",12,"Y"
"CB","CBHINSTALLMENTSPREVIOUSMAX","NUMOVERDUEPAYMENTSNUMBER","NUMBER",22,"Y"
"CB","CBHINSTALLMENTSPREVIOUSMAX","AMNOVERDUEPAYMENTSAMOUNT","NUMBER",22,"Y"
"CB","CBHINSTALLMENTSPREVIOUSMAX","CODDAYSPASTDUECODE","NUMBER",22,"Y"
"CB","CBHINSTALLMENTSPREVIOUSMAX","DATDAYSPASTDUEDATE","DATE",7,"Y"
"CB","CBHINSTALLMENTSPREVIOUSMAX","CODWORSTCONTRACTSTATUSCODE","VARCHAR2",4,"Y"
"CB","CBHINSTALLMENTSPREVIOUSMAX","DATWORSTCONTRACTSTATUSDATE","DATE",7,"Y"
"CB","CBHINSTALLMENTSPREVIOUSMAX","DATTCINSERTIONDATE","TIMESTAMP(6)",11,"N"
"CB","CBHINSTALLMENTSPREVIOUSMAX","CODTCINSERTIONSOURCE","VARCHAR2",200,"N"
"CB","CBHINSTALLMENTSPREVIOUSMAX","CODTCINSERTIONUSERFULLNAME","VARCHAR2",2000,"N"
"CB","CBHINSTALLMENTSPREVIOUSMAX","DATTCLASTUPDATEDATE","TIMESTAMP(6)",11,"Y"
"CB","CBHINSTALLMENTSPREVIOUSMAX","CODTCLASTUPDATESOURCE","VARCHAR2",200,"Y"
"CB","CBHINSTALLMENTSPREVIOUSMAX","CODTCLASTUPDATEUSERFULLNAME","VARCHAR2",2000,"Y"
"CB","CBHINSTALLMENTSPREVIOUSMAX","DATHTCINSERTIONDATE","TIMESTAMP(6)",11,"N"
"CB","CBHINSTALLMENTSPREVIOUSMAX","CODHTCINSERTIONSOURCE","VARCHAR2",200,"N"
"CB","CBHINSTALLMENTSPREVIOUSMAX","CODHTCINSERTIONUSERFULLNAME","VARCHAR2",2000,"N"
"CB","CBHINSTALLMENTSPREVIOUSMAX","UIDCONTRACTID","RAW",16,"N"
"CB","CBHINSTALLMENTSPREVIOUSMAX","DATOVERDUEPAYMENTSNUMDATE","DATE",7,"Y"
"CB","CBHMERGEDSUBJECTS","UIDMERGEDSUBJECTID","RAW",16,"N"
"CB","CBHMERGEDSUBJECTS","UIDPRIMARYSUBJECTID","RAW",16,"N"
"CB","CBHMERGEDSUBJECTS","CODHTCINSERTIONUSERFULLNAME","VARCHAR2",2000,"N"
"CB","CBHMERGEDSUBJECTS","CODHTCINSERTIONSOURCE","VARCHAR2",200,"N"
"CB","CBHMERGEDSUBJECTS","DATHTCINSERTIONDATE","TIMESTAMP(6)",11,"N"
"CB","CBHMERGEDSUBJECTS","CODTCLASTUPDATEUSERFULLNAME","VARCHAR2",2000,"Y"
"CB","CBHMERGEDSUBJECTS","CODTCLASTUPDATESOURCE","VARCHAR2",200,"Y"
"CB","CBHMERGEDSUBJECTS","DATTCLASTUPDATEDATE","TIMESTAMP(6)",11,"Y"
"CB","CBHMERGEDSUBJECTS","CODTCINSERTIONUSERFULLNAME","VARCHAR2",2000,"N"
"CB","CBHMERGEDSUBJECTS","CODTCINSERTIONSOURCE","VARCHAR2",200,"N"
"CB","CBHMERGEDSUBJECTS","DATTCINSERTIONDATE","TIMESTAMP(6)",11,"N"
"CB","CBHMERGEDSUBJECTS","UIDSECONDARYSUBJECTID","RAW",16,"N"
"CB","CBHMYSTICKEYS","UIDATTRIBUTE","RAW",2,"Y"
"CB","CBHMYSTICKEYS","STRKEY","RAW",12,"Y"
"CB","CBHMYSTICKEYS","DATHTCINSERTIONDATE","TIMESTAMP(6)",11,"N"
"CB","CBHMYSTICKEYS","CODHTCINSERTIONSOURCE","VARCHAR2",200,"N"
"CB","CBHMYSTICKEYS","CODHTCINSERTIONUSERFULLNAME","VARCHAR2",2000,"N"
"CB","CBHMYSTICKEYS","UIDENTITYID","RAW",16,"N"
"CB","CBHMYSTICVALUES","CODHTCINSERTIONUSERFULLNAME","VARCHAR2",2000,"N"
"CB","CBHMYSTICVALUES","UIDATTRIBUTE","RAW",2,"Y"
"CB","CBHMYSTICVALUES","NAMVALUE","VARCHAR2",4000,"Y"
"CB","CBHMYSTICVALUES","DATHTCINSERTIONDATE","TIMESTAMP(6)",11,"N"
"CB","CBHMYSTICVALUES","CODHTCINSERTIONSOURCE","VARCHAR2",200,"N"
"CB","CBHMYSTICVALUES","UIDENTITYID","RAW",16,"N"
"CB","CBHNEGATIVEEVENTS","CODHTCINSERTIONSOURCE","VARCHAR2",200,"N"
"CB","CBHNEGATIVEEVENTS","DATNEGATIVEEVENTDATE","DATE",7,"Y"
"CB","CBHNEGATIVEEVENTS","DATREFERENCEDATE","DATE",7,"N"
"CB","CBHNEGATIVEEVENTS","UIDNEGATIVEEVENTID","RAW",16,"N"
"CB","CBHNEGATIVEEVENTS","UIDADDITIONALINFOID","RAW",16,"N"
"CB","CBHNEGATIVEEVENTS","FLGCURRENT","NUMBER",22,"N"
"CB","CBHNEGATIVEEVENTS","DATTCINSERTIONDATE","TIMESTAMP(6)",11,"N"
"CB","CBHNEGATIVEEVENTS","CODTCINSERTIONSOURCE","VARCHAR2",200,"N"
"CB","CBHNEGATIVEEVENTS","CODTCINSERTIONUSERFULLNAME","VARCHAR2",2000,"N"
"CB","CBHNEGATIVEEVENTS","DATTCLASTUPDATEDATE","TIMESTAMP(6)",11,"Y"
"CB","CBHNEGATIVEEVENTS","CODTCLASTUPDATESOURCE","VARCHAR2",200,"Y"
"CB","CBHNEGATIVEEVENTS","CODTCLASTUPDATEUSERFULLNAME","VARCHAR2",2000,"Y"
"CB","CBHNEGATIVEEVENTS","CODHTCINSERTIONUSERFULLNAME","VARCHAR2",2000,"N"
"CB","CBHNEGATIVEEVENTS","DSCNEGATIVEEVENTDETAILDESC","VARCHAR2",1600,"Y"
"CB","CBHNEGATIVEEVENTS","DATHTCINSERTIONDATE","TIMESTAMP(6)",11,"N"
"CB","CBHNONINSTALLMENTPREVIOUSMAX","UIDCONTRACTID","RAW",16,"N"
"CB","CBHNONINSTALLMENTPREVIOUSMAX","CODWORSTCONTRACTSTATUSCODE","VARCHAR2",4,"Y"
"CB","CBHNONINSTALLMENTPREVIOUSMAX","DATWORSTCONTRACTSTATUSDATE","DATE",7,"Y"
"CB","CBHNONINSTALLMENTPREVIOUSMAX","DATTCINSERTIONDATE","TIMESTAMP(6)",11,"N"
"CB","CBHNONINSTALLMENTPREVIOUSMAX","CODTCINSERTIONSOURCE","VARCHAR2",200,"N"
"CB","CBHNONINSTALLMENTPREVIOUSMAX","CODHTCINSERTIONUSERFULLNAME","VARCHAR2",2000,"N"
"CB","CBHNONINSTALLMENTPREVIOUSMAX","DATTCLASTUPDATEDATE","TIMESTAMP(6)",11,"Y"
"CB","CBHNONINSTALLMENTPREVIOUSMAX","CODTCLASTUPDATESOURCE","VARCHAR2",200,"Y"
"CB","CBHNONINSTALLMENTPREVIOUSMAX","CODTCLASTUPDATEUSERFULLNAME","VARCHAR2",2000,"Y"
"CB","CBHNONINSTALLMENTPREVIOUSMAX","DATHTCINSERTIONDATE","TIMESTAMP(6)",11,"N"
"CB","CBHNONINSTALLMENTPREVIOUSMAX","CODHTCINSERTIONSOURCE","VARCHAR2",200,"N"
"CB","CBHNONINSTALLMENTPREVIOUSMAX","CODTCINSERTIONUSERFULLNAME","VARCHAR2",2000,"N"
"CB","CBHNONINSTALLMENTS","CODHTCINSERTIONSOURCE","VARCHAR2",200,"N"
"CB","CBHNONINSTALLMENTS","DATHTCINSERTIONDATE","TIMESTAMP(6)",11,"N"
"CB","CBHNONINSTALLMENTS","CODTCLASTUPDATEUSERFULLNAME","VARCHAR2",2000,"Y"
"CB","CBHNONINSTALLMENTS","CODTCLASTUPDATESOURCE","VARCHAR2",200,"Y"
"CB","CBHNONINSTALLMENTS","DATTCLASTUPDATEDATE","TIMESTAMP(6)",11,"Y"
"CB","CBHNONINSTALLMENTS","CODTCINSERTIONUSERFULLNAME","VARCHAR2",2000,"N"
"CB","CBHNONINSTALLMENTS","CODTCINSERTIONSOURCE","VARCHAR2",200,"N"
"CB","CBHNONINSTALLMENTS","DATTCINSERTIONDATE","TIMESTAMP(6)",11,"N"
"CB","CBHNONINSTALLMENTS","FLGCURRENT","NUMBER",22,"N"
"CB","CBHNONINSTALLMENTS","CODTYPEOFTERMOFCONTRACTCODE","VARCHAR2",4,"Y"
"CB","CBHNONINSTALLMENTS","CODASSETQUALITYCLASSCODE","VARCHAR2",4,"Y"
"CB","CBHNONINSTALLMENTS","CODCREDITSECURITYCODE","VARCHAR2",4,"Y"
"CB","CBHNONINSTALLMENTS","CODCONTRACTSTATUSCODE","VARCHAR2",16,"Y"
"CB","CBHNONINSTALLMENTS","DATREFERENCEDATE","DATE",7,"N"
"CB","CBHNONINSTALLMENTS","DATLASTPAYMENTDATE","DATE",7,"Y"
"CB","CBHNONINSTALLMENTS","NUMOVERDRAFTRANGENUMBER","NUMBER",22,"Y"
"CB","CBHNONINSTALLMENTS","AMNUTILIZATIONAMOUNT","NUMBER",22,"Y"
"CB","CBHNONINSTALLMENTS","AMNAPPLICATIONAMOUNT","NUMBER",22,"Y"
"CB","CBHNONINSTALLMENTS","AMNCREDITLIMITAMOUNT","NUMBER",22,"Y"
"CB","CBHNONINSTALLMENTS","CODORIGINALCURRENCYCODE","VARCHAR2",12,"Y"
"CB","CBHNONINSTALLMENTS","CODCURRENCYCODE","VARCHAR2",12,"N"
"CB","CBHNONINSTALLMENTS","DATCONTRACTPHASEDATE","DATE",7,"Y"
"CB","CBHNONINSTALLMENTS","CODCONTRACTPHASECODE","VARCHAR2",8,"Y"
"CB","CBHNONINSTALLMENTS","UIDGUARANTEESETID","RAW",16,"Y"
"CB","CBHNONINSTALLMENTS","UIDCONTRACTID","RAW",16,"N"
"CB","CBHNONINSTALLMENTS","UIDNONINSTALLMENTID","RAW",16,"N"
"CB","CBHNONINSTALLMENTS","CODHTCINSERTIONUSERFULLNAME","VARCHAR2",2000,"N"
"CB","CBHNONINSTALLMENTS","AMNINTERESTRATEAMOUNT","NUMBER",22,"Y"
"CB","CBHPROVIDERSUBJECTS","DATTCLASTUPDATEDATE","TIMESTAMP(6)",11,"Y"
"CB","CBHPROVIDERSUBJECTS","CODHTCINSERTIONUSERFULLNAME","VARCHAR2",2000,"N"
"CB","CBHPROVIDERSUBJECTS","CODTCLASTUPDATEUSERFULLNAME","VARCHAR2",2000,"Y"
"CB","CBHPROVIDERSUBJECTS","UIDPROVIDERSUBJECTID","RAW",16,"N"
"CB","CBHPROVIDERSUBJECTS","UIDSUBJECTID","RAW",16,"N"
"CB","CBHPROVIDERSUBJECTS","CODPROVIDERCODE","VARCHAR2",32,"N"
"CB","CBHPROVIDERSUBJECTS","CODPROVIDERSUBJECTCODE","VARCHAR2",152,"Y"
"CB","CBHPROVIDERSUBJECTS","FLGONLINESOURCE","NUMBER",22,"N"
"CB","CBHPROVIDERSUBJECTS","FLGBATCHSOURCE","NUMBER",22,"N"
"CB","CBHPROVIDERSUBJECTS","CODLOGICALSTATUSCODE","VARCHAR2",4,"Y"
"CB","CBHPROVIDERSUBJECTS","DATLOGICALSTATUSCODEDATE","DATE",7,"Y"
"CB","CBHPROVIDERSUBJECTS","DATTCINSERTIONDATE","TIMESTAMP(6)",11,"N"
"CB","CBHPROVIDERSUBJECTS","CODTCINSERTIONSOURCE","VARCHAR2",200,"N"
"CB","CBHPROVIDERSUBJECTS","CODTCINSERTIONUSERFULLNAME","VARCHAR2",2000,"N"
"CB","CBHPROVIDERSUBJECTS","DATHTCINSERTIONDATE","TIMESTAMP(6)",11,"N"
"CB","CBHPROVIDERSUBJECTS","CODHTCINSERTIONSOURCE","VARCHAR2",200,"N"
"CB","CBHPROVIDERSUBJECTS","CODTCLASTUPDATESOURCE","VARCHAR2",200,"Y"
"CB","CBHSERVICEPREVIOUSMAX","CODTCINSERTIONUSERFULLNAME","VARCHAR2",2000,"N"
"CB","CBHSERVICEPREVIOUSMAX","DATTCLASTUPDATEDATE","TIMESTAMP(6)",11,"Y"
"CB","CBHSERVICEPREVIOUSMAX","DATTCINSERTIONDATE","TIMESTAMP(6)",11,"N"
"CB","CBHSERVICEPREVIOUSMAX","DATWORSTCONTRACTSTATUSDATE","DATE",7,"Y"
"CB","CBHSERVICEPREVIOUSMAX","CODWORSTCONTRACTSTATUSCODE","VARCHAR2",4,"Y"
"CB","CBHSERVICEPREVIOUSMAX","DATAMNBILLEDAMOUNTDATE","DATE",7,"Y"
"CB","CBHSERVICEPREVIOUSMAX","AMNBILLEDAMOUNT","NUMBER",22,"Y"
"CB","CBHSERVICEPREVIOUSMAX","DATOUTSTANDINGBALANCEDATE","DATE",7,"Y"
"CB","CBHSERVICEPREVIOUSMAX","AMNOUTSTANDINGBALANCEAMOUNT","NUMBER",22,"Y"
"CB","CBHSERVICEPREVIOUSMAX","DATDAYSPASTDUEDATE","DATE",7,"Y"
"CB","CBHSERVICEPREVIOUSMAX","CODDAYSPASTDUECODE","NUMBER",22,"Y"
"CB","CBHSERVICEPREVIOUSMAX","DATOVERDUEPAYMENTSNUMDATE","DATE",7,"Y"
"CB","CBHSERVICEPREVIOUSMAX","NUMOVERDUEPAYMENTSNUMBER","NUMBER",22,"Y"
"CB","CBHSERVICEPREVIOUSMAX","AMNOVERDUEPAYMENTSAMOUNT","NUMBER",22,"Y"
"CB","CBHSERVICEPREVIOUSMAX","UIDCONTRACTID","RAW",16,"N"
"CB","CBHSERVICEPREVIOUSMAX","CODHTCINSERTIONUSERFULLNAME","VARCHAR2",2000,"N"
"CB","CBHSERVICEPREVIOUSMAX","CODHTCINSERTIONSOURCE","VARCHAR2",200,"N"
"CB","CBHSERVICEPREVIOUSMAX","DATHTCINSERTIONDATE","TIMESTAMP(6)",11,"N"
"CB","CBHSERVICEPREVIOUSMAX","CODTCLASTUPDATEUSERFULLNAME","VARCHAR2",2000,"Y"
"CB","CBHSERVICEPREVIOUSMAX","CODTCLASTUPDATESOURCE","VARCHAR2",200,"Y"
"CB","CBHSERVICEPREVIOUSMAX","CODTCINSERTIONSOURCE","VARCHAR2",200,"N"
"CB","CBHSERVICES","CODASSETQUALITYCLASSCODE","VARCHAR2",4,"Y"
"CB","CBHSERVICES","CODINSTALLMENTTYPECODE","VARCHAR2",4,"Y"
"CB","CBHSERVICES","NUMSERVICESLINESNUMBER","NUMBER",22,"Y"
"CB","CBHSERVICES","CODTHIRDPARTYOWNERSHIPCODE","VARCHAR2",4,"Y"
"CB","CBHSERVICES","DATREFERENCEDATE","DATE",7,"N"
"CB","CBHSERVICES","CODCONTRACTSTATUSCODE","VARCHAR2",8,"Y"
"CB","CBHSERVICES","FLGCURRENT","NUMBER",22,"N"
"CB","CBHSERVICES","DATTCINSERTIONDATE","TIMESTAMP(6)",11,"N"
"CB","CBHSERVICES","CODTCINSERTIONSOURCE","VARCHAR2",200,"N"
"CB","CBHSERVICES","CODTCINSERTIONUSERFULLNAME","VARCHAR2",2000,"N"
"CB","CBHSERVICES","DATTCLASTUPDATEDATE","TIMESTAMP(6)",11,"Y"
"CB","CBHSERVICES","CODTCLASTUPDATESOURCE","VARCHAR2",200,"Y"
"CB","CBHSERVICES","CODTCLASTUPDATEUSERFULLNAME","VARCHAR2",2000,"Y"
"CB","CBHSERVICES","DATHTCINSERTIONDATE","TIMESTAMP(6)",11,"N"
"CB","CBHSERVICES","CODHTCINSERTIONSOURCE","VARCHAR2",200,"N"
"CB","CBHSERVICES","AMNINTERESTOVERDUEPAYMENTS","NUMBER",22,"Y"
"CB","CBHSERVICES","NUMINTERESTOVERDUEPAYMENTS","NUMBER",22,"Y"
"CB","CBHSERVICES","AMNPRINCIPALOVERDUEPAYMENTS","NUMBER",22,"Y"
"CB","CBHSERVICES","NUMPRINCIPALOVERDUEPAYMENTS","NUMBER",22,"Y"
"CB","CBHSERVICES","AMNOVERDUEPAYMENTSAMOUNT","NUMBER",22,"Y"
"CB","CBHSERVICES","NUMOVERDUEPAYMENTSNUMBER","NUMBER",22,"Y"
"CB","CBHSERVICES","CODDAYSPASTDUECODE","NUMBER",22,"Y"
"CB","CBHSERVICES","AMNBILLEDAMOUNT","NUMBER",22,"Y"
"CB","CBHSERVICES","AMNOUTSTANDINGBALANCEAMOUNT","NUMBER",22,"Y"
"CB","CBHSERVICES","DATLASTPAYMENTDATE","DATE",7,"Y"
"CB","CBHSERVICES","DATNEXTPAYMENTDATE","DATE",7,"Y"
"CB","CBHSERVICES","AMNNEXTPAYMENTAMOUNT","NUMBER",22,"Y"
"CB","CBHSERVICES","CODPAYMENTMETHODCODE","VARCHAR2",12,"Y"
"CB","CBHSERVICES","CODHTCINSERTIONUSERFULLNAME","VARCHAR2",2000,"N"
"CB","CBHSERVICES","CODORIGINALCURRENCYCODE","VARCHAR2",12,"Y"
"CB","CBHSERVICES","CODCURRENCYCODE","VARCHAR2",12,"N"
"CB","CBHSERVICES","DATCONTRACTPHASEDATE","DATE",7,"Y"
"CB","CBHSERVICES","CODCONTRACTPHASECODE","VARCHAR2",8,"Y"
"CB","CBHSERVICES","UIDGUARANTEESETID","RAW",16,"Y"
"CB","CBHSERVICES","UIDCONTRACTID","RAW",16,"N"
"CB","CBHSERVICES","UIDSERVICEID","RAW",16,"N"
"CB","CBHSERVICES","CODPAYMENTPERIODICITYCODE","VARCHAR2",4,"Y"
"CB","CBHSOLETRADERS","UIDSUBJECTID","RAW",16,"N"
"CB","CBHSOLETRADERS","UIDINDIVIDUALID","RAW",16,"N"
"CB","CBHSOLETRADERS","NAMTRADENAME","VARCHAR2",480,"N"
"CB","CBHSOLETRADERS","DATTCINSERTIONDATE","TIMESTAMP(6)",11,"N"
"CB","CBHSOLETRADERS","CODTCINSERTIONSOURCE","VARCHAR2",200,"N"
"CB","CBHSOLETRADERS","CODTCINSERTIONUSERFULLNAME","VARCHAR2",2000,"N"
"CB","CBHSOLETRADERS","DATTCLASTUPDATEDATE","TIMESTAMP(6)",11,"Y"
"CB","CBHSOLETRADERS","CODTCLASTUPDATESOURCE","VARCHAR2",200,"Y"
"CB","CBHSOLETRADERS","CODTCLASTUPDATEUSERFULLNAME","VARCHAR2",2000,"Y"
"CB","CBHSOLETRADERS","DATHTCINSERTIONDATE","TIMESTAMP(6)",11,"N"
"CB","CBHSOLETRADERS","CODHTCINSERTIONSOURCE","VARCHAR2",200,"N"
"CB","CBHSOLETRADERS","CODHTCINSERTIONUSERFULLNAME","VARCHAR2",2000,"N"
"CB","CBHSUBJECTADDITIONALINFO","CODTCINSERTIONUSERFULLNAME","VARCHAR2",2000,"N"
"CB","CBHSUBJECTADDITIONALINFO","UIDSUBJECTID","RAW",16,"N"
"CB","CBHSUBJECTADDITIONALINFO","DATTCINSERTIONDATE","TIMESTAMP(6)",11,"N"
"CB","CBHSUBJECTADDITIONALINFO","DATLOGICALSTATUSCODEDATE","DATE",7,"Y"
"CB","CBHSUBJECTADDITIONALINFO","CODLOGICALSTATUSCODE","VARCHAR2",4,"Y"
"CB","CBHSUBJECTADDITIONALINFO","FLGCURRENT","NUMBER",22,"N"
"CB","CBHSUBJECTADDITIONALINFO","DATLASTREFERENCEDATE","DATE",7,"N"
"CB","CBHSUBJECTADDITIONALINFO","DATFIRSTREFERENCEDATE","DATE",7,"N"
"CB","CBHSUBJECTADDITIONALINFO","DATTCLASTUPDATEDATE","TIMESTAMP(6)",11,"Y"
"CB","CBHSUBJECTADDITIONALINFO","CODTCLASTUPDATESOURCE","VARCHAR2",200,"Y"
"CB","CBHSUBJECTADDITIONALINFO","CODTCLASTUPDATEUSERFULLNAME","VARCHAR2",2000,"Y"
"CB","CBHSUBJECTADDITIONALINFO","DATHTCINSERTIONDATE","TIMESTAMP(6)",11,"N"
"CB","CBHSUBJECTADDITIONALINFO","CODHTCINSERTIONSOURCE","VARCHAR2",200,"N"
"CB","CBHSUBJECTADDITIONALINFO","CODHTCINSERTIONUSERFULLNAME","VARCHAR2",2000,"N"
"CB","CBHSUBJECTADDITIONALINFO","UIDSUBJECTADDITIONALINFOID","RAW",16,"N"
"CB","CBHSUBJECTADDITIONALINFO","UIDADDITIONALINFOID","RAW",16,"N"
"CB","CBHSUBJECTADDITIONALINFO","CODTCINSERTIONSOURCE","VARCHAR2",200,"N"
"CB","CBHSUBJECTCONTRACTS","DATLASTREFERENCEDATE","DATE",7,"N"
"CB","CBHSUBJECTCONTRACTS","DATFIRSTREFERENCEDATE","DATE",7,"N"
"CB","CBHSUBJECTCONTRACTS","FLGBATCHSOURCE","NUMBER",22,"N"
"CB","CBHSUBJECTCONTRACTS","FLGONLINESOURCE","NUMBER",22,"N"
"CB","CBHSUBJECTCONTRACTS","CODSUBJECTROLECODE","VARCHAR2",4,"N"
"CB","CBHSUBJECTCONTRACTS","UIDSUBJECTID","RAW",16,"N"
"CB","CBHSUBJECTCONTRACTS","UIDCONTRACTID","RAW",16,"N"
"CB","CBHSUBJECTCONTRACTS","UIDSUBJECTCONTRACTID","RAW",16,"N"
"CB","CBHSUBJECTCONTRACTS","FLGCURRENT","NUMBER",22,"N"
"CB","CBHSUBJECTCONTRACTS","CODHTCINSERTIONUSERFULLNAME","VARCHAR2",2000,"N"
"CB","CBHSUBJECTCONTRACTS","CODHTCINSERTIONSOURCE","VARCHAR2",200,"N"
"CB","CBHSUBJECTCONTRACTS","DATHTCINSERTIONDATE","TIMESTAMP(6)",11,"N"
"CB","CBHSUBJECTCONTRACTS","CODTCLASTUPDATEUSERFULLNAME","VARCHAR2",2000,"Y"
"CB","CBHSUBJECTCONTRACTS","CODTCLASTUPDATESOURCE","VARCHAR2",200,"Y"
"CB","CBHSUBJECTCONTRACTS","DATTCLASTUPDATEDATE","TIMESTAMP(6)",11,"Y"
"CB","CBHSUBJECTCONTRACTS","CODTCINSERTIONUSERFULLNAME","VARCHAR2",2000,"N"
"CB","CBHSUBJECTCONTRACTS","CODTCINSERTIONSOURCE","VARCHAR2",200,"N"
"CB","CBHSUBJECTCONTRACTS","DATTCINSERTIONDATE","TIMESTAMP(6)",11,"N"
"CB","CBHSUBJECTCONTRACTS","DATLOGICALSTATUSCODEDATE","DATE",7,"Y"
"CB","CBHSUBJECTCONTRACTS","CODLOGICALSTATUSCODE","VARCHAR2",4,"Y"
"CB","CBHSUBJECTS","UIDSUBJECTID","RAW",16,"N"
"CB","CBHSUBJECTS","CODHTCINSERTIONUSERFULLNAME","VARCHAR2",2000,"N"
"CB","CBHSUBJECTS","CODSUBJECTTYPECODE","VARCHAR2",4,"N"
"CB","CBHSUBJECTS","CODHTCINSERTIONSOURCE","VARCHAR2",200,"N"
"CB","CBHSUBJECTS","DATHTCINSERTIONDATE","TIMESTAMP(6)",11,"N"
"CB","CBHSUBJECTS","CODTCLASTUPDATEUSERFULLNAME","VARCHAR2",2000,"Y"
"CB","CBHSUBJECTS","CODTCLASTUPDATESOURCE","VARCHAR2",200,"Y"
"CB","CBHSUBJECTS","DATTCLASTUPDATEDATE","TIMESTAMP(6)",11,"Y"
"CB","CBHSUBJECTS","CODTCINSERTIONUSERFULLNAME","VARCHAR2",2000,"N"
"CB","CBHSUBJECTS","CODTCINSERTIONSOURCE","VARCHAR2",200,"N"
"CB","CBHSUBJECTS","DATTCINSERTIONDATE","TIMESTAMP(6)",11,"N"
"CB","CBHSUBJECTS","DATLOGICALSTATUSCODEDATE","DATE",7,"Y"
"CB","CBHSUBJECTS","CODLOGICALSTATUSCODE","VARCHAR2",4,"Y"
"CB","CBHSUBJECTS","DATSUBJECTREFERENCEDATE","DATE",7,"Y"
"CB","CBHSUBJECTS","CODSUBJECTCODE","VARCHAR2",60,"N"
"CB","CBHSUBJECTSTOMERGE","CODHTCINSERTIONUSERFULLNAME","VARCHAR2",2000,"N"
"CB","CBHSUBJECTSTOMERGE","UIDSUBJECTTOMERGEID","RAW",16,"N"
"CB","CBHSUBJECTSTOMERGE","UIDTOBEMERGESUBJECTID","RAW",16,"N"
"CB","CBHSUBJECTSTOMERGE","UIDMATCHEDSUBJECTID","RAW",16,"N"
"CB","CBHSUBJECTSTOMERGE","DATTCINSERTIONDATE","TIMESTAMP(6)",11,"N"
"CB","CBHSUBJECTSTOMERGE","CODTCINSERTIONSOURCE","VARCHAR2",200,"N"
"CB","CBHSUBJECTSTOMERGE","CODTCINSERTIONUSERFULLNAME","VARCHAR2",2000,"N"
"CB","CBHSUBJECTSTOMERGE","DATTCLASTUPDATEDATE","TIMESTAMP(6)",11,"Y"
"CB","CBHSUBJECTSTOMERGE","CODTCLASTUPDATESOURCE","VARCHAR2",200,"Y"
"CB","CBHSUBJECTSTOMERGE","CODTCLASTUPDATEUSERFULLNAME","VARCHAR2",2000,"Y"
"CB","CBHSUBJECTSTOMERGE","DATHTCINSERTIONDATE","TIMESTAMP(6)",11,"N"
"CB","CBHSUBJECTSTOMERGE","CODHTCINSERTIONSOURCE","VARCHAR2",200,"N"
"CB","CBHSUBMISSIONS","UIDSUBMISSIONID","RAW",16,"N"
"CB","CBHSUBMISSIONS","CODHTCINSERTIONUSERFULLNAME","VARCHAR2",2000,"N"
"CB","CBHSUBMISSIONS","CODPROVIDERCODE","VARCHAR2",32,"N"
"CB","CBHSUBMISSIONS","DATREFERENCEFILEDATE","DATE",7,"Y"
"CB","CBHSUBMISSIONS","CODSUBMISSIONTYPECODE","VARCHAR2",4000,"N"
"CB","CBHSUBMISSIONS","UIDFLOWID","RAW",16,"N"
"CB","CBHSUBMISSIONS","UIDPHASEID","RAW",16,"N"
"CB","CBHSUBMISSIONS","DSCFLOWDESC","VARCHAR2",280,"N"
"CB","CBHSUBMISSIONS","DSCPHASEDESC","VARCHAR2",280,"N"
"CB","CBHSUBMISSIONS","CODPHASESTAGETYPECODE","VARCHAR2",200,"Y"
"CB","CBHSUBMISSIONS","CODSTATUSCODE","VARCHAR2",200,"N"
"CB","CBHSUBMISSIONS","DATSTATUSUPDATEDATE","DATE",7,"Y"
"CB","CBHSUBMISSIONS","NUMRECORDSOFFILENUMBER","NUMBER",22,"Y"
"CB","CBHSUBMISSIONS","NUMRECORDSCOMPLETEDNUMBER","NUMBER",22,"Y"
"CB","CBHSUBMISSIONS","NUMRECORDSWITHBUSERRORNUMBER","NUMBER",22,"Y"
"CB","CBHSUBMISSIONS","NUMRECORDSWITHSYSERRORNUMBER","NUMBER",22,"Y"
"CB","CBHSUBMISSIONS","DATTCINSERTIONDATE","TIMESTAMP(6)",11,"N"
"CB","CBHSUBMISSIONS","CODTCINSERTIONSOURCE","VARCHAR2",200,"N"
"CB","CBHSUBMISSIONS","CODTCINSERTIONUSERFULLNAME","VARCHAR2",2000,"N"
"CB","CBHSUBMISSIONS","DATTCLASTUPDATEDATE","TIMESTAMP(6)",11,"Y"
"CB","CBHSUBMISSIONS","CODTCLASTUPDATESOURCE","VARCHAR2",200,"Y"
"CB","CBHSUBMISSIONS","CODTCLASTUPDATEUSERFULLNAME","VARCHAR2",2000,"Y"
"CB","CBHSUBMISSIONS","DATHTCINSERTIONDATE","TIMESTAMP(6)",11,"N"
"CB","CBHSUBMISSIONS","CODHTCINSERTIONSOURCE","VARCHAR2",200,"N"
"CB","CBHSUBMISSIONS","NAMFILENAME","VARCHAR2",280,"N"
"CB","CBTBETWEENKEYS","CODKEYCODE","NUMBER",22,"N"
"CB","CBTBETWEENKEYS","DATBETWEENTOVALUEDATE","DATE",7,"Y"
"CB","CBTBETWEENKEYS","DATBETWEENFROMVALUEDATE","DATE",7,"Y"
"CB","CBTEQUALSKEYS","CODVALUECODE","VARCHAR2",4000,"Y"
"CB","CBTEQUALSKEYS","CODKEYCODE","NUMBER",22,"N"
"CB","CBTKEYVALUES","CODVALUECODE","VARCHAR2",4000,"Y"
"CB","CBTKEYVALUES","UIDKEYVALUEID","RAW",16,"N"
"CB","CBTLIKEKEYS","CODVALUECODE","VARCHAR2",4000,"Y"
"CB","CBTLIKEKEYS","CODKEYCODE","NUMBER",22,"N"
"CB","CBTMYSTICSEARCHINPUTRANGES","UIDATTRIBUTE","RAW",2,"Y"
"CB","CBTMYSTICSEARCHINPUTRANGES","STRLOWERBOUND","RAW",12,"Y"
"CB","CBTMYSTICSEARCHINPUTRANGES","STRUPPERBOUND","RAW",12,"Y"
"CB","CBTMYSTICSEARCHINPUTVALUES","UIDATTRIBUTE","RAW",2,"Y"
"CB","CBTMYSTICSEARCHINPUTVALUES","NAMVALUE","VARCHAR2",4000,"Y"
"CB","CBTSCOREPROFILESSERVICE","CONCURRENCYTOKEN","NUMBER",22,"Y"
"CB","CBTSCOREPROFILESSERVICE","TXTCLOBXML","XMLTYPE",2000,"N"
"CB","CBTSCOREPROFILESSERVICE","DATSTARTVALIDITYDATE","DATE",7,"N"
"CB","CBTSCOREPROFILESSERVICE","DATENDVALIDITYDATE","DATE",7,"N"
"CB","CBTSCOREPROFILESSERVICE","CODSUBJECTTYPECODE","VARCHAR2",16,"Y"
"CB","CBTSCOREPROFILESSERVICE","CODCHANNELCODE","VARCHAR2",16,"Y"
"CB","CBTSCOREPROFILESSERVICE","HIERARCHYLEVEL","VARCHAR2",4,"N"
"CB","CBTSCOREPROFILESSERVICE","INHERIT","VARCHAR2",32,"Y"
"CB","CBTSCOREPROFILESSERVICE","PROFILEFORPROVIDER","VARCHAR2",128,"Y"
"CB","CBTSCOREPROFILESSERVICE","PROFILEFORBRANCH","VARCHAR2",80,"Y"
"CB","CBTSCOREPROFILESSERVICE","PROFILEFORUSER","VARCHAR2",128,"Y"
"CB","CBTSCOREPROFILESSERVICE","UIDCBSCOREPROFILEID","RAW",16,"N"
"CB","CBTSCOREPROFILESSERVICE","CODSCORETYPECODE","VARCHAR2",800,"Y"
"CB","CBTSCOREPROFILESSERVICE","CODPROVIDERCODE","VARCHAR2",128,"Y"
"CB","CBTSCOREPROFILESSERVICE","CODBRANCHCODE","VARCHAR2",80,"Y"
"CB","CBTSCOREPROFILESSERVICE","CODUSERCODE","VARCHAR2",128,"Y"
"CB","CBTSUMMARYENQUIRYSEARCHRES","UIDSUMMARYENQUIRYID","RAW",16,"N"
"CB","CBTSUMMARYENQUIRYSEARCHRES","CODSORTCODE","NUMBER",22,"N"
"CB","CBTVALUES","DSCVALUEDESC","VARCHAR2",4000,"Y"
"CB","CBVEVENTS","CODINITIATORUSERCODE","VARCHAR2",32,"Y"
"CB","CBVEVENTS","CODTCINSERTIONUSERFULLNAME","VARCHAR2",2000,"N"
"CB","CBVEVENTS","CODTCINSERTIONSOURCE","VARCHAR2",200,"N"
"CB","CBVEVENTS","CODTCLASTUPDATEUSERFULLNAME","VARCHAR2",2000,"Y"
"CB","CBVEVENTS","CODTCLASTUPDATESOURCE","VARCHAR2",200,"Y"
"CB","CBVEVENTS","UIDEVENTID","RAW",16,"N"
"CB","CBVEVENTS","UIDMESSAGEID","VARCHAR2",144,"Y"
"CB","CBVEVENTS","CODINITIATORPROVIDERCODE","VARCHAR2",32,"N"
"CB","CBVEVENTS","CODINITIATORBRANCHCODE","VARCHAR2",20,"Y"
"CB","CBVEVENTS","DATTCLASTUPDATEDATE","TIMESTAMP(6)",11,"Y"
"CB","CBVEVENTS","CODCHANNELCODE","VARCHAR2",4,"N"
"CB","CBVEVENTS","TXTEVENTXML","CLOB",32765,"Y"
"CB","CBVEVENTS","CODEVENTSTATUSCODE","VARCHAR2",4,"N"
"CB","CBVEVENTS","CODIMPACTEDENTITYCODE","VARCHAR2",4,"Y"
"CB","CBVEVENTS","DATINSERTIONEVENTDATE","DATE",7,"N"
"CB","CBVEVENTS","DATTCINSERTIONDATE","TIMESTAMP(6)",11,"N"
"CB","CBVMYSTICKEYS","UIDSUBJECTID","RAW",16,"N"
"CB","CBVMYSTICKEYS","CODATTRIBUTE","VARCHAR2",200,"Y"
"CB","CBVMYSTICKEYS","STRKEY","VARCHAR2",4000,"Y"
"CB","CBVMYSTICSEARCHBYRANGES","UIDENTITYID","RAW",16,"N"
"CB","CBVMYSTICSEARCHBYRANGES","UIDATTRIBUTE","RAW",2,"Y"
"CB","CBVMYSTICSEARCHBYVALUES","UIDATTRIBUTE","RAW",2,"Y"
"CB","CBVMYSTICSEARCHBYVALUES","UIDENTITYID","RAW",16,"N"
"CB","CBVMYSTICVALUES","UIDSUBJECTID","RAW",16,"N"
"CB","CBVMYSTICVALUES","CODATTRIBUTE","VARCHAR2",200,"Y"
"CB","CBVMYSTICVALUES","NAMVALUE","VARCHAR2",4000,"Y"
"CTP_COMMONLOG","CMLD_APPCOMPACTIONS","APPLICATIONID","VARCHAR2",255,"N"
"CTP_COMMONLOG","CMLD_APPCOMPACTIONS","APPLICATIONVERSION","VARCHAR2",255,"N"
"CTP_COMMONLOG","CMLD_APPCOMPACTIONS","COMPONENTID","VARCHAR2",255,"N"
"CTP_COMMONLOG","CMLD_APPCOMPACTIONS","SOURCETYPE","NUMBER",22,"N"
"CTP_COMMONLOG","CMLD_APPCOMPACTIONS","ACTIONID","VARCHAR2",255,"N"
"CTP_COMMONLOG","CMLD_APPCOMPACTIONS","ACTIONVERSION","VARCHAR2",255,"Y"
"CTP_COMMONLOG","CMLD_APPCOMPACTIONS","COMPONENTVERSION","VARCHAR2",255,"N"
"CTP_COMMONLOG","CMLD_COMPONENTCUSTUMPARAMETERS","USERFULLNAME","VARCHAR2",2000,"N"
"CTP_COMMONLOG","CMLD_COMPONENTCUSTUMPARAMETERS","DATENDVALIDITY","DATE",7,"N"
"CTP_COMMONLOG","CMLD_COMPONENTCUSTUMPARAMETERS","APPLICATIONVERSION","VARCHAR2",255,"N"
"CTP_COMMONLOG","CMLD_COMPONENTCUSTUMPARAMETERS","COMPONENTID","VARCHAR2",255,"N"
"CTP_COMMONLOG","CMLD_COMPONENTCUSTUMPARAMETERS","COMPONENTVERSION","VARCHAR2",255,"N"
"CTP_COMMONLOG","CMLD_COMPONENTCUSTUMPARAMETERS","AVAILABLE","NUMBER",22,"N"
"CTP_COMMONLOG","CMLD_COMPONENTCUSTUMPARAMETERS","LOGLEVEL","NUMBER",22,"N"
"CTP_COMMONLOG","CMLD_COMPONENTCUSTUMPARAMETERS","DIAGNOSTICSYSTEMLEVEL","NUMBER",22,"N"
"CTP_COMMONLOG","CMLD_COMPONENTCUSTUMPARAMETERS","DIAGNOSTICUSERLEVEL","NUMBER",22,"N"
"CTP_COMMONLOG","CMLD_COMPONENTCUSTUMPARAMETERS","COMPRESSION","NUMBER",22,"N"
"CTP_COMMONLOG","CMLD_COMPONENTCUSTUMPARAMETERS","VALIDATEINPUT","NUMBER",22,"N"
"CTP_COMMONLOG","CMLD_COMPONENTCUSTUMPARAMETERS","VALIDATEOUTPUT","NUMBER",22,"N"
"CTP_COMMONLOG","CMLD_COMPONENTCUSTUMPARAMETERS","DEGREEOFPARALLELISM","NUMBER",22,"Y"
"CTP_COMMONLOG","CMLD_COMPONENTCUSTUMPARAMETERS","TIMESTAMPINSERTLOCAL","TIMESTAMP(6)",11,"N"
"CTP_COMMONLOG","CMLD_COMPONENTCUSTUMPARAMETERS","TIMESTAMPINSERT","TIMESTAMP(6)",11,"N"
"CTP_COMMONLOG","CMLD_COMPONENTCUSTUMPARAMETERS","SPECIALIZEDPARAMETERS","CLOB",4000,"Y"
"CTP_COMMONLOG","CMLD_COMPONENTCUSTUMPARAMETERS","DATSTARTVALIDITY","DATE",7,"N"
"CTP_COMMONLOG","CMLD_COMPONENTCUSTUMPARAMETERS","APPLICATIONID","VARCHAR2",255,"N"
"CTP_COMMONLOG","CMLD_COMPONENTPACKAGES","APPLICATIONID","VARCHAR2",255,"N"
"CTP_COMMONLOG","CMLD_COMPONENTPACKAGES","APPLICATIONVERSION","VARCHAR2",255,"N"
"CTP_COMMONLOG","CMLD_COMPONENTPACKAGES","TIMESTAMPRELEASE","TIMESTAMP(6)",11,"N"
"CTP_COMMONLOG","CMLD_COMPONENTPACKAGES","TIMESTAMPAPPROVED","TIMESTAMP(6)",11,"Y"
"CTP_COMMONLOG","CMLD_COMPONENTPACKAGES","APPROVED","NUMBER",22,"Y"
"CTP_COMMONLOG","CMLD_COMPONENTPACKAGES","CONTAINERPRODUCTVERSION","VARCHAR2",255,"Y"
"CTP_COMMONLOG","CMLD_COMPONENTPACKAGES","CONTAINERFILEVERSION","VARCHAR2",255,"Y"
"CTP_COMMONLOG","CMLD_COMPONENTPACKAGES","RESOURCEID","VARCHAR2",255,"N"
"CTP_COMMONLOG","CMLD_COMPONENTPACKAGES","COMPONENTBLOB","BLOB",4000,"N"
"CTP_COMMONLOG","CMLD_COMPONENTPACKAGES","COMPONENTVERSION","VARCHAR2",255,"N"
"CTP_COMMONLOG","CMLD_COMPONENTPACKAGES","COMPONENTID","VARCHAR2",255,"N"
"CTP_COMMONLOG","CMLD_COMPONENTPACKAGES_TMP","APPLICATIONID","VARCHAR2",255,"N"
"CTP_COMMONLOG","CMLD_COMPONENTPACKAGES_TMP","TIMESTAMPAPPROVED","TIMESTAMP(6)",11,"Y"
"CTP_COMMONLOG","CMLD_COMPONENTPACKAGES_TMP","APPROVED","NUMBER",22,"Y"
"CTP_COMMONLOG","CMLD_COMPONENTPACKAGES_TMP","CONTAINERPRODUCTVERSION","VARCHAR2",255,"Y"
"CTP_COMMONLOG","CMLD_COMPONENTPACKAGES_TMP","CONTAINERFILEVERSION","VARCHAR2",255,"Y"
"CTP_COMMONLOG","CMLD_COMPONENTPACKAGES_TMP","TIMESTAMPRELEASE","TIMESTAMP(6)",11,"N"
"CTP_COMMONLOG","CMLD_COMPONENTPACKAGES_TMP","COMPONENTBLOB","BLOB",4000,"N"
"CTP_COMMONLOG","CMLD_COMPONENTPACKAGES_TMP","COMPONENTVERSION","VARCHAR2",255,"N"
"CTP_COMMONLOG","CMLD_COMPONENTPACKAGES_TMP","COMPONENTID","VARCHAR2",255,"N"
"CTP_COMMONLOG","CMLD_COMPONENTPACKAGES_TMP","APPLICATIONVERSION","VARCHAR2",255,"N"
"CTP_COMMONLOG","CMLD_COMPONENTPACKAGES_TMP","RESOURCEID","VARCHAR2",255,"N"
"CTP_COMMONLOG","CMLD_INDEXEDFIELDS","INDEXEDFIELDCODE","VARCHAR2",255,"N"
"CTP_COMMONLOG","CMLD_RUNTIMEACTIONS","VALIDATEINPUT","NUMBER",22,"N"
"CTP_COMMONLOG","CMLD_RUNTIMEACTIONS","COMPONENTID","VARCHAR2",255,"N"
"CTP_COMMONLOG","CMLD_RUNTIMEACTIONS","DIAGNOSTICUSERLEVEL","NUMBER",22,"N"
"CTP_COMMONLOG","CMLD_RUNTIMEACTIONS","DIAGNOSTICSYSTEMLEVEL","NUMBER",22,"N"
"CTP_COMMONLOG","CMLD_RUNTIMEACTIONS","LOGLEVEL","NUMBER",22,"N"
"CTP_COMMONLOG","CMLD_RUNTIMEACTIONS","ACTIONDESCRIPTION","VARCHAR2",2000,"Y"
"CTP_COMMONLOG","CMLD_RUNTIMEACTIONS","ACTIONVERSION","VARCHAR2",255,"N"
"CTP_COMMONLOG","CMLD_RUNTIMEACTIONS","ACTIONID","VARCHAR2",255,"N"
"CTP_COMMONLOG","CMLD_RUNTIMEACTIONS","COMPONENTVERSION","VARCHAR2",255,"N"
"CTP_COMMONLOG","CMLD_RUNTIMEACTIONS","COMPRESSION","NUMBER",22,"Y"
"CTP_COMMONLOG","CMLD_RUNTIMEACTIONS","APPLICATIONVERSION","VARCHAR2",255,"N"
"CTP_COMMONLOG","CMLD_RUNTIMEACTIONS","APPLICATIONID","VARCHAR2",255,"N"
"CTP_COMMONLOG","CMLD_RUNTIMEACTIONS","VALIDATEOUTPUT","NUMBER",22,"N"
"CTP_COMMONLOG","CMLD_RUNTIMEACTIONS","SPECIALIZEDPARAMETERS","CLOB",4000,"Y"
"CTP_COMMONLOG","CMLD_RUNTIMEAPPLICATIONS","APPLICATIONID","VARCHAR2",255,"N"
"CTP_COMMONLOG","CMLD_RUNTIMEAPPLICATIONS","APPLICATIONVERSION","VARCHAR2",255,"N"
"CTP_COMMONLOG","CMLD_RUNTIMEAPPLICATIONS","APPLICATIONDESCRIPTION","VARCHAR2",2000,"Y"
"CTP_COMMONLOG","CMLD_RUNTIMEAPPLICATIONS","AVAILABLE","NUMBER",22,"N"
"CTP_COMMONLOG","CMLD_RUNTIMEAPPLICATIONS","LOGLEVEL","NUMBER",22,"N"
"CTP_COMMONLOG","CMLD_RUNTIMEAPPLICATIONS","VALIDATEINPUT","NUMBER",22,"N"
"CTP_COMMONLOG","CMLD_RUNTIMEAPPLICATIONS","DIAGNOSTICUSERLEVEL","NUMBER",22,"N"
"CTP_COMMONLOG","CMLD_RUNTIMEAPPLICATIONS","COMPRESSION","NUMBER",22,"N"
"CTP_COMMONLOG","CMLD_RUNTIMEAPPLICATIONS","SPECIALIZEDPARAMETERS","CLOB",4000,"Y"
"CTP_COMMONLOG","CMLD_RUNTIMEAPPLICATIONS","DEGREEOFPARALLELISM","NUMBER",22,"Y"
"CTP_COMMONLOG","CMLD_RUNTIMEAPPLICATIONS","VALIDATEOUTPUT","NUMBER",22,"N"
"CTP_COMMONLOG","CMLD_RUNTIMEAPPLICATIONS","DIAGNOSTICSYSTEMLEVEL","NUMBER",22,"N"
"CTP_COMMONLOG","CMLD_RUNTIMECOMPONENTS","COMPRESSION","NUMBER",22,"N"
"CTP_COMMONLOG","CMLD_RUNTIMECOMPONENTS","DIAGNOSTICSYSTEMLEVEL","NUMBER",22,"N"
"CTP_COMMONLOG","CMLD_RUNTIMECOMPONENTS","LOGLEVEL","NUMBER",22,"N"
"CTP_COMMONLOG","CMLD_RUNTIMECOMPONENTS","AVAILABLE","NUMBER",22,"N"
"CTP_COMMONLOG","CMLD_RUNTIMECOMPONENTS","COMPONENTDESCRIPTION","VARCHAR2",2000,"Y"
"CTP_COMMONLOG","CMLD_RUNTIMECOMPONENTS","COMPONENTVERSION","VARCHAR2",255,"N"
"CTP_COMMONLOG","CMLD_RUNTIMECOMPONENTS","COMPONENTID","VARCHAR2",255,"N"
"CTP_COMMONLOG","CMLD_RUNTIMECOMPONENTS","APPLICATIONVERSION","VARCHAR2",255,"N"
"CTP_COMMONLOG","CMLD_RUNTIMECOMPONENTS","APPLICATIONID","VARCHAR2",255,"N"
"CTP_COMMONLOG","CMLD_RUNTIMECOMPONENTS","DIAGNOSTICUSERLEVEL","NUMBER",22,"N"
"CTP_COMMONLOG","CMLD_RUNTIMECOMPONENTS","DATENDVALIDITY","DATE",7,"N"
"CTP_COMMONLOG","CMLD_RUNTIMECOMPONENTS","VALIDATEINPUT","NUMBER",22,"N"
"CTP_COMMONLOG","CMLD_RUNTIMECOMPONENTS","VALIDATEOUTPUT","NUMBER",22,"N"
"CTP_COMMONLOG","CMLD_RUNTIMECOMPONENTS","DEGREEOFPARALLELISM","NUMBER",22,"Y"
"CTP_COMMONLOG","CMLD_RUNTIMECOMPONENTS","SPECIALIZEDPARAMETERS","CLOB",4000,"Y"
"CTP_COMMONLOG","CMLD_RUNTIMECOMPONENTS","DATSTARTVALIDITY","DATE",7,"N"
"CTP_COMMONLOG","CMLD_RUNTIMESERVICES","SERVICEID","VARCHAR2",255,"N"
"CTP_COMMONLOG","CMLD_RUNTIMESERVICES","AVAILABLE","NUMBER",22,"N"
"CTP_COMMONLOG","CMLD_SERVICES","SOURCETYPE","NUMBER",22,"N"
"CTP_COMMONLOG","CMLD_SERVICES","SERVICEID","VARCHAR2",255,"N"
"CTP_COMMONLOG","CMLD_TRANSFORMATIONLOOKUP","LOOKUPUID","RAW",16,"N"
"CTP_COMMONLOG","CMLD_TRANSFORMATIONLOOKUP","APPLICATIONID","VARCHAR2",255,"N"
"CTP_COMMONLOG","CMLD_TRANSFORMATIONLOOKUP","APPLICATIONVERSION","VARCHAR2",255,"N"
"CTP_COMMONLOG","CMLD_TRANSFORMATIONLOOKUP","COMPONENTID","VARCHAR2",255,"N"
"CTP_COMMONLOG","CMLD_TRANSFORMATIONLOOKUP","DATENDVALIDITY","DATE",7,"N"
"CTP_COMMONLOG","CMLD_TRANSFORMATIONLOOKUP","USERFULLNAME","VARCHAR2",2000,"N"
"CTP_COMMONLOG","CMLD_TRANSFORMATIONLOOKUP","TRANSFORMATIONID","VARCHAR2",255,"N"
"CTP_COMMONLOG","CMLD_TRANSFORMATIONLOOKUP","TRANSFORMATIONVERSION","VARCHAR2",255,"Y"
"CTP_COMMONLOG","CMLD_TRANSFORMATIONLOOKUP","DATESTARTVALIDITY","DATE",7,"N"
"CTP_COMMONLOG","CMLD_TRANSFORMATIONLOOKUP","COMPONENTVERSION","VARCHAR2",255,"N"
"CTP_COMMONLOG","CMLD_TRANSFORMATIONPACKAGES","TIMESTAMPRELEASE","TIMESTAMP(6)",11,"N"
"CTP_COMMONLOG","CMLD_TRANSFORMATIONPACKAGES","TRANSFORMATIONPKG","BLOB",4000,"N"
"CTP_COMMONLOG","CMLD_TRANSFORMATIONPACKAGES","APPLICATIONID","VARCHAR2",255,"N"
"CTP_COMMONLOG","CMLD_TRANSFORMATIONPACKAGES","APPLICATIONVERSION","VARCHAR2",255,"N"
"CTP_COMMONLOG","CMLD_TRANSFORMATIONPACKAGES","TRANSFORMATIONID","VARCHAR2",255,"N"
"CTP_COMMONLOG","CMLD_TRANSFORMATIONPACKAGES","TRANSFORMATIONVERSION","VARCHAR2",255,"N"
"CTP_COMMONLOG","CMLD_TRANSFORMATIONPACKAGES","APPROVED","NUMBER",22,"Y"
"CTP_COMMONLOG","CMLD_TRANSFORMATIONPACKAGES","TIMESTAMPAPPROVED","TIMESTAMP(6)",11,"Y"
"CTP_COMMONLOG","CMLE_COREINPUTLOGS","NUMDAYOFMONTH","NUMBER",22,"N"
"CTP_COMMONLOG","CMLE_COREINPUTLOGS","UIDLOGANCESTOR","RAW",16,"N"
"CTP_COMMONLOG","CMLE_COREINPUTLOGS","INPUTLOB","BLOB",4000,"Y"
"CTP_COMMONLOG","CMLE_COREINPUTLOGS","CLIENTMODULE","VARCHAR2",255,"Y"
"CTP_COMMONLOG","CMLE_COREINPUTLOGS","CLIENTHOSTNAME","VARCHAR2",255,"Y"
"CTP_COMMONLOG","CMLE_COREINPUTLOGS","CLIENTIPADDRESS","VARCHAR2",39,"Y"
"CTP_COMMONLOG","CMLE_COREINPUTLOGS","SERVERENDPOINT","VARCHAR2",255,"Y"
"CTP_COMMONLOG","CMLE_COREINPUTLOGS","SERVERHOSTNAME","VARCHAR2",255,"Y"
"CTP_COMMONLOG","CMLE_COREINPUTLOGS","TIMESTAMPINPUTLOCAL","TIMESTAMP(6)",11,"N"
"CTP_COMMONLOG","CMLE_COREINPUTLOGS","TIMESTAMPINPUT","TIMESTAMP(6)",11,"N"
"CTP_COMMONLOG","CMLE_COREINPUTLOGS","SERVERIPADDRESS","VARCHAR2",39,"Y"
"CTP_COMMONLOG","CMLE_COREINPUTLOGS","CONTAINERVERSION","VARCHAR2",512,"Y"
"CTP_COMMONLOG","CMLE_COREINPUTLOGS","UIDLOG","RAW",16,"N"
"CTP_COMMONLOG","CMLE_COREINPUTLOGS","UIDLOGPARENT","RAW",16,"N"
"CTP_COMMONLOG","CMLE_COREINPUTLOGS","SERVICEID","VARCHAR2",255,"Y"
"CTP_COMMONLOG","CMLE_COREINPUTLOGS","APPLICATIONID","VARCHAR2",255,"Y"
"CTP_COMMONLOG","CMLE_COREINPUTLOGS","APPLICATIONVERSION","VARCHAR2",255,"Y"
"CTP_COMMONLOG","CMLE_COREINPUTLOGS","COMPONENTID","VARCHAR2",255,"Y"
"CTP_COMMONLOG","CMLE_COREINPUTLOGS","COMPONENTVERSION","VARCHAR2",255,"Y"
"CTP_COMMONLOG","CMLE_COREINPUTLOGS","ACTIONID","VARCHAR2",255,"Y"
"CTP_COMMONLOG","CMLE_COREINPUTLOGS","ACTIONVERSION","VARCHAR2",255,"Y"
"CTP_COMMONLOG","CMLE_COREOUTPUTLOGS","NUMDAYOFMONTH","NUMBER",22,"N"
"CTP_COMMONLOG","CMLE_COREOUTPUTLOGS","ERRORMESSAGE","VARCHAR2",2000,"Y"
"CTP_COMMONLOG","CMLE_COREOUTPUTLOGS","ERRORCODE","VARCHAR2",150,"Y"
"CTP_COMMONLOG","CMLE_COREOUTPUTLOGS","OUTPUTLOB","BLOB",4000,"Y"
"CTP_COMMONLOG","CMLE_COREOUTPUTLOGS","TIMESTAMPOUTPUTLOCAL","TIMESTAMP(6)",11,"N"
"CTP_COMMONLOG","CMLE_COREOUTPUTLOGS","ERRORLOB","BLOB",4000,"Y"
"CTP_COMMONLOG","CMLE_COREOUTPUTLOGS","RESULTBUSINESS","RAW",1,"N"
"CTP_COMMONLOG","CMLE_COREOUTPUTLOGS","RESULTSYSTEM","RAW",1,"N"
"CTP_COMMONLOG","CMLE_COREOUTPUTLOGS","UIDLOG","RAW",16,"N"
"CTP_COMMONLOG","CMLE_COREOUTPUTLOGS","UIDLOGANCESTOR","RAW",16,"N"
"CTP_COMMONLOG","CMLE_COREOUTPUTLOGS","TIMESTAMPOUTPUT","TIMESTAMP(6)",11,"N"
"CTP_COMMONLOG","CMLE_DIAGNOSTICMESSAGES","DIAGNOSTICTYPE","NUMBER",22,"N"
"CTP_COMMONLOG","CMLE_DIAGNOSTICMESSAGES","DIAGNOSTICLEVEL","NUMBER",22,"N"
"CTP_COMMONLOG","CMLE_DIAGNOSTICMESSAGES","DIAGNOSTICSTEP","NUMBER",22,"N"
"CTP_COMMONLOG","CMLE_DIAGNOSTICMESSAGES","DIAGNOSTICSOURCENAME","VARCHAR2",255,"N"
"CTP_COMMONLOG","CMLE_DIAGNOSTICMESSAGES","DIAGNOSTICELEMENT","VARCHAR2",255,"Y"
"CTP_COMMONLOG","CMLE_DIAGNOSTICMESSAGES","DIAGNOSTICELEMENTTYPE","VARCHAR2",255,"Y"
"CTP_COMMONLOG","CMLE_DIAGNOSTICMESSAGES","DIAGNOSTICELEMENTSTATUS","VARCHAR2",255,"Y"
"CTP_COMMONLOG","CMLE_DIAGNOSTICMESSAGES","DIAGNOSTICTRANSITIONSTART","NVARCHAR2",2000,"Y"
"CTP_COMMONLOG","CMLE_DIAGNOSTICMESSAGES","DIAGNOSTICTRANSITIONEND","NVARCHAR2",2000,"Y"
"CTP_COMMONLOG","CMLE_DIAGNOSTICMESSAGES","DIAGNOSTICACTIVITYUID","RAW",16,"Y"
"CTP_COMMONLOG","CMLE_DIAGNOSTICMESSAGES","DIAGNOSTICTIMESTAMPLOCAL","TIMESTAMP(6)",11,"N"
"CTP_COMMONLOG","CMLE_DIAGNOSTICMESSAGES","DIAGNOSTICTIMESTAMP","TIMESTAMP(6)",11,"N"
"CTP_COMMONLOG","CMLE_DIAGNOSTICMESSAGES","DIAGNOSTICORDER","NUMBER",22,"N"
"CTP_COMMONLOG","CMLE_DIAGNOSTICMESSAGES","DIAGNOSTICORDERPARENT","NUMBER",22,"Y"
"CTP_COMMONLOG","CMLE_DIAGNOSTICMESSAGES","DIAGNOSTICLOB","BLOB",4000,"Y"
"CTP_COMMONLOG","CMLE_DIAGNOSTICMESSAGES","NUMDAYOFMONTH","NUMBER",22,"Y"
"CTP_COMMONLOG","CMLE_DIAGNOSTICMESSAGES","NUMDAYOFMONTHPARENT","NUMBER",22,"Y"
"CTP_COMMONLOG","CMLE_DIAGNOSTICMESSAGES","UIDLOG","RAW",16,"Y"
"CTP_COMMONLOG","CMLE_DIAGNOSTICMESSAGES","UIDLOGPARENT","RAW",16,"Y"
"CTP_COMMONLOG","CMLE_GWAUTHHIERARCHIES","TIMESTAMPINPUT","TIMESTAMP(6)",11,"N"
"CTP_COMMONLOG","CMLE_GWAUTHHIERARCHIES","CODORGANIZATION","VARCHAR2",255,"N"
"CTP_COMMONLOG","CMLE_GWAUTHHIERARCHIES","CODORGANIZATIONTYPE","VARCHAR2",255,"N"
"CTP_COMMONLOG","CMLE_GWAUTHHIERARCHIES","CODHIERARCHY","VARCHAR2",255,"N"
"CTP_COMMONLOG","CMLE_GWAUTHHIERARCHIES","UIDLOG","RAW",16,"N"
"CTP_COMMONLOG","CMLE_GWAUTHHIERARCHIES","UIDLOGANCESTOR","RAW",16,"N"
"CTP_COMMONLOG","CMLE_GWAUTHHIERARCHIES","NUMDAYOFMONTH","NUMBER",22,"N"
"CTP_COMMONLOG","CMLE_GWINPUTLOGS","SERVICEID","VARCHAR2",255,"Y"
"CTP_COMMONLOG","CMLE_GWINPUTLOGS","APPLICATIONID","VARCHAR2",255,"Y"
"CTP_COMMONLOG","CMLE_GWINPUTLOGS","APPLICATIONVERSION","VARCHAR2",255,"Y"
"CTP_COMMONLOG","CMLE_GWINPUTLOGS","COMPONENTID","VARCHAR2",255,"Y"
"CTP_COMMONLOG","CMLE_GWINPUTLOGS","COMPONENTVERSION","VARCHAR2",255,"Y"
"CTP_COMMONLOG","CMLE_GWINPUTLOGS","ACTIONID","VARCHAR2",255,"Y"
"CTP_COMMONLOG","CMLE_GWINPUTLOGS","ACTIONVERSION","VARCHAR2",255,"Y"
"CTP_COMMONLOG","CMLE_GWINPUTLOGS","LOGINID","VARCHAR2",255,"Y"
"CTP_COMMONLOG","CMLE_GWINPUTLOGS","MESSAGEKEY","VARCHAR2",150,"Y"
"CTP_COMMONLOG","CMLE_GWINPUTLOGS","MESSAGEGROUPKEY","VARCHAR2",150,"Y"
"CTP_COMMONLOG","CMLE_GWINPUTLOGS","UIDLOGPARENT","RAW",16,"Y"
"CTP_COMMONLOG","CMLE_GWINPUTLOGS","UIDLOG","RAW",16,"N"
"CTP_COMMONLOG","CMLE_GWINPUTLOGS","UIDLOGANCESTOR","RAW",16,"N"
"CTP_COMMONLOG","CMLE_GWINPUTLOGS","NUMDAYOFMONTH","NUMBER",22,"N"
"CTP_COMMONLOG","CMLE_GWINPUTLOGS","CONTAINERVERSION","VARCHAR2",512,"Y"
"CTP_COMMONLOG","CMLE_GWINPUTLOGS","INPUTLOB","BLOB",4000,"Y"
"CTP_COMMONLOG","CMLE_GWINPUTLOGS","CLIENTMODULE","VARCHAR2",255,"Y"
"CTP_COMMONLOG","CMLE_GWINPUTLOGS","CLIENTHOSTNAME","VARCHAR2",255,"Y"
"CTP_COMMONLOG","CMLE_GWINPUTLOGS","CLIENTIPADDRESS","VARCHAR2",39,"Y"
"CTP_COMMONLOG","CMLE_GWINPUTLOGS","SERVERENDPOINT","VARCHAR2",255,"Y"
"CTP_COMMONLOG","CMLE_GWINPUTLOGS","SERVERHOSTNAME","VARCHAR2",255,"Y"
"CTP_COMMONLOG","CMLE_GWINPUTLOGS","SERVERIPADDRESS","VARCHAR2",39,"Y"
"CTP_COMMONLOG","CMLE_GWINPUTLOGS","FLGDUPLICATED","RAW",1,"Y"
"CTP_COMMONLOG","CMLE_GWINPUTLOGS","IDEMPOTENCEEXPIRYTIMESTAMP","TIMESTAMP(6)",11,"Y"
"CTP_COMMONLOG","CMLE_GWINPUTLOGS","TIMESTAMPINPUT","TIMESTAMP(6)",11,"N"
"CTP_COMMONLOG","CMLE_GWINPUTLOGS","TIMESTAMPINPUTLOCAL","TIMESTAMP(6)",11,"N"
"CTP_COMMONLOG","CMLE_GWOUTPUTLOGS","ERRORCODE","VARCHAR2",150,"Y"
"CTP_COMMONLOG","CMLE_GWOUTPUTLOGS","OUTPUTLOB","BLOB",4000,"Y"
"CTP_COMMONLOG","CMLE_GWOUTPUTLOGS","RESULTBUSINESS","RAW",1,"N"
"CTP_COMMONLOG","CMLE_GWOUTPUTLOGS","RESULTSYSTEM","RAW",1,"N"
"CTP_COMMONLOG","CMLE_GWOUTPUTLOGS","TIMESTAMPOUTPUT","TIMESTAMP(6)",11,"N"
"CTP_COMMONLOG","CMLE_GWOUTPUTLOGS","ERRORLOB","BLOB",4000,"Y"
"CTP_COMMONLOG","CMLE_GWOUTPUTLOGS","UIDLOG","RAW",16,"N"
"CTP_COMMONLOG","CMLE_GWOUTPUTLOGS","UIDLOGANCESTOR","RAW",16,"N"
"CTP_COMMONLOG","CMLE_GWOUTPUTLOGS","NUMDAYOFMONTH","NUMBER",22,"N"
"CTP_COMMONLOG","CMLE_GWOUTPUTLOGS","ERRORMESSAGE","VARCHAR2",2000,"Y"
"CTP_COMMONLOG","CMLE_GWOUTPUTLOGS","TIMESTAMPOUTPUTLOCAL","TIMESTAMP(6)",11,"N"
"CTP_COMMONLOG","CMLE_IDEMPOTENTMESSAGES","MESSAGEKEY","VARCHAR2",150,"N"
"CTP_COMMONLOG","CMLE_IDEMPOTENTMESSAGES","MESSAGEGROUPKEY","VARCHAR2",150,"N"
"CTP_COMMONLOG","CMLE_IDEMPOTENTMESSAGES","LOGINID","VARCHAR2",255,"N"
"CTP_COMMONLOG","CMLE_IDEMPOTENTMESSAGES","UIDLOG","RAW",16,"N"
"CTP_COMMONLOG","CMLE_IDEMPOTENTMESSAGES","NUMDAYOFMONTH","NUMBER",22,"N"
"CTP_COMMONLOG","CMLE_IDEMPOTENTMESSAGES","IDEMPOTENCEEXPIRYTIMESTAMP","TIMESTAMP(6)",11,"N"
"CTP_COMMONLOG","CMLE_INDEXEDFIELDVALUES","UIDLOGANCESTOR","RAW",16,"N"
"CTP_COMMONLOG","CMLE_INDEXEDFIELDVALUES","UIDLOG","RAW",16,"N"
"CTP_COMMONLOG","CMLE_INDEXEDFIELDVALUES","INDEXEDFIELDCODE","VARCHAR2",255,"N"
"CTP_COMMONLOG","CMLE_INDEXEDFIELDVALUES","INDEXEDFIELDVALUE","VARCHAR2",255,"N"
"CTP_COMMONLOG","CMLE_INDEXEDFIELDVALUES","TIMESTAMPINPUT","TIMESTAMP(6)",11,"N"
"CTP_COMMONLOG","CMLE_INDEXEDFIELDVALUES","NUMDAYOFMONTH","NUMBER",22,"N"
"CTP_COMMONLOG","CMLE_MASTERRELATIONS","NUMDAYOFMONTH","NUMBER",22,"N"
"CTP_COMMONLOG","CMLE_MASTERRELATIONS","UIDLOGANCESTOR","RAW",16,"N"
"CTP_COMMONLOG","CMLE_MASTERRELATIONS","UIDLOG","RAW",16,"N"
"CTP_COMMONLOG","CMLE_MASTERRELATIONS","SOURCETYPE","NUMBER",22,"N"
"CTP_COMMONLOG","CMLE_MASTERRELATIONS","NUMDAYOFMONTHPARENT","NUMBER",22,"Y"
"CTP_COMMONLOG","CMLE_MASTERRELATIONS","TIMESTAMPINPUT","TIMESTAMP(6)",11,"N"
"CTP_COMMONLOG","CMLE_MASTERRELATIONS","APPLICATIONID","VARCHAR2",255,"N"
"CTP_COMMONLOG","CMLE_MASTERRELATIONS","COMPONENTID","VARCHAR2",255,"N"
"CTP_COMMONLOG","CMLE_MASTERRELATIONS","ACTIONID","VARCHAR2",255,"Y"
"CTP_COMMONLOG","CMLE_MASTERRELATIONS","TIMESTAMPINPUTLOCAL","TIMESTAMP(6)",11,"N"
"CTP_COMMONLOG","CMLE_MASTERRELATIONS","UIDLOGPARENT","RAW",16,"Y"
"CTP_MANAGEMENT","DBTOOLS$MCP_LOG","ID","NUMBER",22,"N"
"CTP_MANAGEMENT","DBTOOLS$MCP_LOG","MCP_CLIENT","VARCHAR2",200,"N"
"CTP_MANAGEMENT","DBTOOLS$MCP_LOG","MODEL","VARCHAR2",200,"Y"
"CTP_MANAGEMENT","DBTOOLS$MCP_LOG","END_POINT_TYPE","VARCHAR2",12,"Y"
"CTP_MANAGEMENT","DBTOOLS$MCP_LOG","UPDATED_BY","VARCHAR2",100,"Y"
"CTP_MANAGEMENT","DBTOOLS$MCP_LOG","LOG_MESSAGE","CLOB",4000,"Y"
"CTP_MANAGEMENT","DBTOOLS$MCP_LOG","CREATED_ON","TIMESTAMP(6)",11,"N"
"CTP_MANAGEMENT","DBTOOLS$MCP_LOG","CREATED_BY","VARCHAR2",100,"N"
"CTP_MANAGEMENT","DBTOOLS$MCP_LOG","UPDATED_ON","TIMESTAMP(6)",11,"Y"
"CTP_MANAGEMENT","DBTOOLS$MCP_LOG","END_POINT_NAME","VARCHAR2",100,"N"
"CTP_MGBATCH","ERRORSTEMPLATE","PHASEUID","RAW",16,"N"
"CTP_MGBATCH","ERRORSTEMPLATE","STAGEUID","RAW",16,"N"
"CTP_MGBATCH","ERRORSTEMPLATE","ERRORUID","RAW",16,"N"
"CTP_MGBATCH","ERRORSTEMPLATE","ERRORTIMESTAMP","TIMESTAMP(6)",11,"N"
"CTP_MGBATCH","ERRORSTEMPLATE","ERRORCODE","VARCHAR2",1000,"Y"
"CTP_MGBATCH","ERRORSTEMPLATE","ERRORDESCRIPTION","VARCHAR2",4000,"Y"
"CTP_MGBATCH","ERRORSTEMPLATE","ERRORCATEGORY","VARCHAR2",1000,"Y"
"CB","FLOWID_MOVE","FLOWUID","RAW",16,"Y"
"CTP_MANAGEMENT","FLOWID_MOVE","FLOWUID","RAW",16,"Y"
"CTP_MGBATCH","MGBD_FLOWSTATUS","FLOWSTATUS","VARCHAR2",255,"N"
"CTP_MGBATCH","MGBE_FLOWS","FLOWID","VARCHAR2",255,"N"
"CTP_MGBATCH","MGBE_FLOWS","FLOWUID","RAW",16,"N"
"CTP_MGBATCH","MGBE_FLOWS","FLOWVERSION","VARCHAR2",1024,"Y"
"CTP_MGBATCH","MGBE_FLOWS","FLOWSTATUS","VARCHAR2",255,"N"
"CTP_MGBATCH","MGBE_FLOWS","TIMESTAMPSTARTFLOW","TIMESTAMP(6)",11,"Y"
"CTP_MGBATCH","MGBE_FLOWS","TIMESTAMPENDFLOW","TIMESTAMP(6)",11,"Y"
"CTP_MGBATCH","MGBE_PARAMETERS","PARAMETERNAME","VARCHAR2",500,"N"
"CTP_MGBATCH","MGBE_PARAMETERS","STAGEUID","RAW",16,"N"
"CTP_MGBATCH","MGBE_PARAMETERS","PHASEUID","RAW",16,"N"
"CTP_MGBATCH","MGBE_PARAMETERS","PARAMETERVALUE","VARCHAR2",2000,"N"
"CTP_MGBATCH","MGBE_PHASES","FLOWUID","RAW",16,"N"
"CTP_MGBATCH","MGBE_PHASES","PHASEUID","RAW",16,"N"
"CTP_MGBATCH","MGBE_PHASES","PHASEID","VARCHAR2",255,"N"
"CTP_MGBATCH","MGBE_PHASES","PHASEVERSION","VARCHAR2",255,"Y"
"CTP_MGBATCH","MGBE_PHASES","PHASESTATUS","VARCHAR2",255,"N"
"CTP_MGBATCH","MGBE_PHASES","TIMESTAMPEND","TIMESTAMP(6)",11,"Y"
"CTP_MGBATCH","MGBE_PHASES","RESULTSYSTEM","RAW",1,"Y"
"CTP_MGBATCH","MGBE_PHASES","HEARTBEAT","TIMESTAMP(6)",11,"Y"
"CTP_MGBATCH","MGBE_PHASES","HEARTBEATCLIENT","TIMESTAMP(6)",11,"Y"
"CTP_MGBATCH","MGBE_PHASES","TIMESTAMPSTART","TIMESTAMP(6)",11,"Y"
"CTP_MGBATCH","MGBE_PHASES","RESULTBUSINESS","RAW",1,"Y"
"CTP_MGBATCH","MGBE_PHASESYSOUT","PHASEUID","RAW",16,"N"
"CTP_MGBATCH","MGBE_PHASESYSOUT","FLOWUID","RAW",16,"N"
"CTP_MGBATCH","MGBE_PHASESYSOUT","SYSOUTLOB","BLOB",4000,"Y"
"CTP_MGBATCH","MGBE_PHASESYSOUT","TIMESTAMPINSERT","TIMESTAMP(6)",11,"N"
"CTP_MGBATCH","MGBE_PHASESYSOUT","SYSOUTCOUNTERS","VARCHAR2",4000,"Y"
"CTP_MGBATCH","MGBE_STAGEDIAGNOSTICS","DIAGNOSTICSOURCENAME","VARCHAR2",512,"N"
"CTP_MGBATCH","MGBE_STAGEDIAGNOSTICS","DIAGNOSTICLEVEL","NUMBER",22,"N"
"CTP_MGBATCH","MGBE_STAGEDIAGNOSTICS","DIAGNOSTICUID","RAW",16,"N"
"CTP_MGBATCH","MGBE_STAGEDIAGNOSTICS","STAGEUID","RAW",16,"N"
"CTP_MGBATCH","MGBE_STAGEDIAGNOSTICS","PHASEUID","RAW",16,"N"
"CTP_MGBATCH","MGBE_STAGEDIAGNOSTICS","DIAGNOSTICTIMESTAMP","TIMESTAMP(6)",11,"N"
"CTP_MGBATCH","MGBE_STAGEDIAGNOSTICS","DIAGNOSTICLOB","BLOB",4000,"N"
"CTP_MGBATCH","MGBE_STAGEDIAGNOSTICS","DIAGNOSTICTYPE","NUMBER",22,"N"
"CTP_MGBATCH","MGBE_STAGES","RESULTBUSINESS","RAW",1,"Y"
"CTP_MGBATCH","MGBE_STAGES","RESULTSYSTEM","RAW",1,"Y"
"CTP_MGBATCH","MGBE_STAGES","HEARTBEAT","TIMESTAMP(6)",11,"Y"
"CTP_MGBATCH","MGBE_STAGES","TIMESTAMPSTART","TIMESTAMP(6)",11,"N"
"CTP_MGBATCH","MGBE_STAGES","HEARTBEATCLIENT","TIMESTAMP(6)",11,"Y"
"CTP_MGBATCH","MGBE_STAGES","ACTUALDEGREE","NUMBER",22,"N"
"CTP_MGBATCH","MGBE_STAGES","REQUIREDDEGREE","NUMBER",22,"N"
"CTP_MGBATCH","MGBE_STAGES","STAGECOUNTERS","VARCHAR2",4000,"Y"
"CTP_MGBATCH","MGBE_STAGES","STAGESTATUS","VARCHAR2",255,"N"
"CTP_MGBATCH","MGBE_STAGES","STAGETYPE","NUMBER",22,"N"
"CTP_MGBATCH","MGBE_STAGES","TIMESTAMPEND","TIMESTAMP(6)",11,"Y"
"CTP_MGBATCH","MGBE_STAGES","STAGEUID","RAW",16,"N"
"CTP_MGBATCH","MGBE_STAGES","PHASEUID","RAW",16,"N"
"CTP_MGBATCH","MGBE_STAGES","STAGEID","VARCHAR2",255,"N"
"CTP_REPORTING","REPD_QUERIES","QUERYCATEGORY","VARCHAR2",100,"Y"
"CTP_REPORTING","REPD_QUERIES","QUERYCONNECTIONSTRINGNAME","VARCHAR2",300,"N"
"CTP_REPORTING","REPD_QUERIES","QUERYPARAMETERS","CLOB",4000,"Y"
"CTP_REPORTING","REPD_QUERIES","QUERYLASTUPDATEUSER","VARCHAR2",300,"N"
"CTP_REPORTING","REPD_QUERIES","QUERYTYPE","NUMBER",22,"N"
"CTP_REPORTING","REPD_QUERIES","QUERYSTATEMENT","CLOB",4000,"N"
"CTP_REPORTING","REPD_QUERIES","QUERYENABLED","NUMBER",22,"N"
"CTP_REPORTING","REPD_QUERIES","QUERYDESCRIPTION","VARCHAR2",4000,"Y"
"CTP_REPORTING","REPD_QUERIES","QUERYNAME","VARCHAR2",300,"N"
"CTP_REPORTING","REPD_QUERIES","QUERYUID","RAW",16,"N"
"CTP_REPORTING","REPD_QUERIES","QUERYVERSION","VARCHAR2",50,"N"
"CTP_REPORTING","REPD_QUERIES","QUERYLASTUPDATE","TIMESTAMP(6)",11,"N"
"CTP_REPORTING","REPD_QUERYNAMES","QUERYNAME","VARCHAR2",300,"N"
"CTP_REPORTING","REPE_PLANNEDQUERYSEXECUTIONS","TASKUID","RAW",16,"N"
"CTP_REPORTING","REPE_PLANNEDQUERYSEXECUTIONS","EXECUTIONUID","RAW",16,"N"
"CTP_REPORTING","REPE_PLANNEDTASKS","PLANREFERENCEDATE","DATE",7,"N"
"CTP_REPORTING","REPE_PLANNEDTASKS","BOOKINGUSERNAME","VARCHAR2",300,"N"
"CTP_REPORTING","REPE_PLANNEDTASKS","FLGWRITETOFILE","NUMBER",22,"N"
"CTP_REPORTING","REPE_PLANNEDTASKS","DATEBOOKED","DATE",7,"N"
"CTP_REPORTING","REPE_PLANNEDTASKS","PLANBITMASK","NUMBER",22,"N"
"CTP_REPORTING","REPE_PLANNEDTASKS","QUERYPARAMETERS","CLOB",4000,"Y"
"CTP_REPORTING","REPE_PLANNEDTASKS","QUERYUID","RAW",16,"N"
"CTP_REPORTING","REPE_PLANNEDTASKS","TASKUID","RAW",16,"N"
"CTP_REPORTING","REPE_PLANNEDTASKS","STARTVALIDITYDATE","DATE",7,"N"
"CTP_REPORTING","REPE_PLANNEDTASKS","BOOKINGHOSTNAME","VARCHAR2",300,"Y"
"CTP_REPORTING","REPE_PLANNEDTASKS","ENDVALIDITYDATE","DATE",7,"N"
"CTP_REPORTING","REPE_QUERYEXECUTIONS","YEARMONTH","NUMBER",22,"N"
"CTP_REPORTING","REPE_QUERYEXECUTIONS","QUERYPARAMETERS","CLOB",4000,"Y"
"CTP_REPORTING","REPE_QUERYEXECUTIONS","QUERYUID","RAW",16,"N"
"CTP_REPORTING","REPE_QUERYEXECUTIONS","UIDLOG","RAW",16,"N"
"CTP_REPORTING","REPE_QUERYEXECUTIONS","QUERYNAME","VARCHAR2",300,"N"
"CTP_REPORTING","REPE_QUERYEXECUTIONS","QUERYDESCRIPTION","VARCHAR2",4000,"Y"
"CTP_REPORTING","REPE_QUERYEXECUTIONS","QUERYSTATEMENT","CLOB",4000,"N"
"CTP_REPORTING","REPE_QUERYEXECUTIONS","QUERYTYPE","NUMBER",22,"N"
"CTP_REPORTING","REPE_QUERYEXECUTIONS","QUERYCONNECTIONSTRINGNAME","VARCHAR2",300,"N"
"CTP_REPORTING","REPE_QUERYEXECUTIONS","TIMESTAMPSTART","TIMESTAMP(6)",11,"N"
"CTP_REPORTING","REPE_QUERYEXECUTIONS","TIMESTAMPEND","TIMESTAMP(6)",11,"N"
"CTP_REPORTING","REPE_QUERYEXECUTIONS","USERNAME","VARCHAR2",300,"N"
"CTP_REPORTING","REPE_QUERYEXECUTIONS","EXECUTIONRESULTTYPE","VARCHAR2",50,"N"
"CTP_REPORTING","REPE_QUERYEXECUTIONS","EXECUTIONRESULT","BLOB",4000,"Y"
"CTP_REPORTING","REPE_QUERYEXECUTIONS","RESULTTRUNCATED","NUMBER",22,"N"
"CTP_REPORTING","REPE_QUERYEXECUTIONS","RETRIEVEDROWS","NUMBER",22,"N"
"CTP_REPORTING","REPE_QUERYEXECUTIONS","QUERYVERSION","VARCHAR2",50,"N"
"CTP_REPORTING","REPE_QUERYEXECUTIONS","QUERYCATEGORY","VARCHAR2",100,"Y"
"CTP_REPORTING","REPE_QUERYEXECUTIONS","QUERYLASTUPDATE","TIMESTAMP(6)",11,"N"
"CTP_REPORTING","REPE_QUERYEXECUTIONS","EXECUTIONFULLNAME","VARCHAR2",4000,"N"
"CTP_REPORTING","REPE_QUERYEXECUTIONS","QUERYLASTUPDATEUSER","VARCHAR2",1000,"N"
"CTP_REPORTING","REPE_QUERYEXECUTIONS","EXECUTIONUID","RAW",16,"N"
"CTP_MGBATCH","STAGINGTEMPLATE","RECORDUID","RAW",16,"N"
"CTP_MGBATCH","STAGINGTEMPLATE","FLOWUID","RAW",16,"N"
"CTP_MGBATCH","STAGINGTEMPLATE","PHASEUID","RAW",16,"Y"
"CTP_MGBATCH","STAGINGTEMPLATE","LOGICALUNITID","NUMBER",22,"Y"
"CTP_MGBATCH","STAGINGTEMPLATE","RECORDVALUE","VARCHAR2",1024,"Y"
"CTP_MGBATCH","STAGINGTEMPLATE","RECORDSTATUS","VARCHAR2",255,"Y"
"CTP_MGBATCH","STAGINGTEMPLATE","TIMESTAMPSTART","TIMESTAMP(0)",7,"N"
"CTP_MGBATCH","STAGINGTEMPLATE","TIMESTAMPEND","TIMESTAMP(0)",7,"Y"
"CTP_MGBATCH","STAGINGTEMPLATE","LOGICALUNITORDER","NUMBER",22,"Y"
