RECORD_TYPE,ACCOUNT_STATUS,ACCOUNT_STATUS_DATE,ADDRESS_LINE_1,ADDRESS_LINE_2,APPROVED_PLAN_AVAILABILITY,AREA_UNIT,BORROWER_DATE_OF_BIRTH,BORROWER_EMAIL,BORROWER_MOBILE,BORROWER_NAME,BORROWER_PAN,BORROWER_TYPE,BRANCH_CODE,BUILDING_NAME,BUILT_UP_AREA,CHARGE_AMOUNT,CHARGE_REGISTRATION_DATE,CHARGE_REGISTRATION_NUMBER,CHARGE_RELEASE_DATE,CHARGE_SEQUENCE,CHARGE_STATUS,CHARGE_TYPE,CITY,CONSTRUCTION_STATUS,CONTACT_EMAIL,COUNTRY,CO_BORROWER_FLAG,CO_BORROWER_NAME,CO_BORROWER_PAN,CO_BORROWER_RELATIONSHIP,CO_BORROWER_SEQUENCE,CTS_NUMBER,CURRENT_OUTSTANDING,DATA_AS_OF_DATE,DELIMITER,DISBURSEMENT_DATE,DISTRICT,DPD,EMI_AMOUNT,ENCODING,ENCUMBRANCE_CERTIFICATE_AVAILABILITY,FILE_VERSION,FLAT_NUMBER,FLOOR_NUMBER,INTEREST_RATE,IS_LATEST_VALUATION,KHATA_NUMBER,LANDMARK,LAND_AREA,LAST_DOCUMENT_REVIEW_DATE,LATITUDE,LOCALITY,LONGITUDE,MEMBER_CUSTOMER_ID,MEMBER_INSTITUTION_CODE,MEMBER_INSTITUTION_NAME,MEMBER_LOAN_ACCOUNT_NUMBER,MEMBER_PROPERTY_REFERENCE,MUNICIPAL_PROPERTY_ID,NPA_CLASSIFICATION,NUMBER_OF_FLOORS,OCCUPANCY_CERTIFICATE_AVAILABILITY,OCCUPANCY_STATUS,OWNERSHIP_PERCENT,OWNERSHIP_ROLE,OWNER_NAME,OWNER_PAN,OWNER_SEQUENCE,OWNER_TYPE,PINCODE,PLOT_NUMBER,PRIOR_CHARGE_EXISTS,PRIOR_CHARGE_HOLDER_NAME,PRODUCT_TYPE,PROJECT_NAME,PROPERTY_AGE_YEARS,PROPERTY_DESCRIPTION,PROPERTY_SUBTYPE,PROPERTY_TAX_NUMBER,PROPERTY_TYPE,RECORD_TYPE,REGION_CODE,REGISTRAR_OFFICE,REGISTRATION_DATE,REGISTRATION_NUMBER,REPORTING_PERIOD_END,SALE_DEED_AVAILABILITY,SALE_DEED_NUMBER,SANCTION_AMOUNT,SANCTION_DATE,STATE,SUBMISSION_DATE,SUBMISSION_REFERENCE,SUBMISSION_TYPE,SURVEY_NUMBER,TENURE_MONTHS,TITLE_DEED_AVAILABILITY,TITLE_DOCUMENT_DATE,TITLE_DOCUMENT_TYPE,TOTAL_RECORD_COUNT,TOWER_NAME,VALUATION_AMOUNT,VALUATION_DATE,VALUATION_SEQUENCE,VALUATION_TYPE,VALUATOR_NAME,YEAR_OF_CONSTRUCTION
FILE_HEADER,,,,,,,,,,,,,,,,,,,,,,,,,collateral.data@abchfc.example.in,,,,,,,,,2026-03-30,COMMA,,,,,UTF-8,,V1.0,,,,,,,,,,,,,HFC0000042,ABC Housing Finance Company Limited,,,,,,,,,,,,,,,,,,,,,,,,,FILE_HEADER,,,,,2026-03-31,,,,,,2026-04-15,ABC-HFC-PROP-2026-Q1-001,FULL,,,,,,75,,,,,,,
PROPERTY,,,"11, Fort Main Road",Near Fort Market,,SQFT,,,,,,,,,,,,,,,,,Mumbai,PLOT_ONLY,,IN,,,,,,,,,,,Mumbai City,,,,,,,,,,,Opposite Fort Bus Stand,19392.45,,18.933200,Fort,72.832100,,,,,ABC-COL-0001,PID-MH-2021-88001,,,,SELF_OCCUPIED,,,,,,,400001,Plot 1,,,,,20,Residential plot with demarcation,PLOT,PT-MH-9900001,COMMERCIAL,PROPERTY,,Sub-Registrar Fort Mumbai,2018-07-19,REG/2018/100001,,,SD/2018/50001,,,MH,,,,101/B,,,,,,,,,,,,2006
PROPERTY,,,"12, Powai Main Road",Near Powai Market,,SQM,,,,,,,,,2235.34,,,,,,,,Mumbai,PLOT_ONLY,,IN,,,,,,,,,,,Mumbai Suburban,,,,,,,,,,,,1470.06,,19.119600,Powai,72.908000,,,,,ABC-COL-0002,PID-MH-2022-88002,,,,UNDER_CONSTRUCTION,,,,,,,400076,Plot 2,,,,Godrej Platinum,19,Row house in gated community,ROW_HOUSE,PT-MH-9900002,RESIDENTIAL,PROPERTY,,Sub-Registrar Powai Mumbai,2019-06-28,REG/2019/100002,,,SD/2019/50002,,,MH,,,,,,,,,,,,,,,,2007
PROPERTY,,,"13, Koregaon Park Main Road",,,SQM,,,,,,,,Tower D,523.27,,,,,,,,Pune,COMPLETED,,IN,,,,,,CTS 403/4/1,,,,,Pune,,,,,,103,4,,,,Opposite Koregaon Park Bus Stand,627.62,,18.539200,Koregaon Park,73.898800,,,,,ABC-COL-0003,PID-MH-2023-88003,,8,,UNDER_CONSTRUCTION,,,,,,,411014,,,,,Lodha Palava,18,2 BHK apartment in RERA registered project,APARTMENT,PT-MH-9900003,RESIDENTIAL,PROPERTY,,Sub-Registrar Koregaon Park Pune,2019-03-09,REG/2019/100003,,,SD/2019/50003,,,MH,,,,,,,,,,Block 4,,,,,,2008
PROPERTY,,,"14, Ghodbunder Road Main Road",Near Ghodbunder Road Market,,SQM,,,,,,,,,846.59,,,,,,,,Thane,COMPLETED,,IN,,,,,,,,,,,Thane,,,,,,,,,,,,3671.17,,19.222300,Ghodbunder Road,72.982100,,,,,ABC-COL-0004,PID-MH-2024-88004,,,,UNDER_CONSTRUCTION,,,,,,,400601,Plot 4,,,,,17,Manufacturing unit in industrial estate,FACTORY,PT-MH-9900004,INDUSTRIAL,PROPERTY,,Sub-Registrar Ghodbunder Road Thane,2022-02-06,REG/2022/100004,,,SD/2022/50004,,,MH,,,,,,,,,,,,,,,,2009
PROPERTY,,,"15, Dharampeth Main Road",Near Dharampeth Market,,SQM,,,,,,,,,,,,,,,,,Nagpur,PLOT_ONLY,,IN,,,,,,,,,,,Nagpur,,,,,,,,,,,Opposite Dharampeth Bus Stand,23392.98,,21.150800,Dharampeth,79.093200,,,,,ABC-COL-0005,PID-MH-2020-88005,,,,UNDER_CONSTRUCTION,,,,,,,440010,Plot 5,,,,,16,Residential plot with demarcation,PLOT,PT-MH-9900005,RESIDENTIAL,PROPERTY,,Sub-Registrar Dharampeth Nagpur,2022-11-13,REG/2022/100005,,,SD/2022/50005,,,MH,,,,105/C,,,,,,,,,,,,2010
PROPERTY,,,"16, HSR Layout Main Road",,,BIGHA,,,,,,,,,,,,,,,,,Bengaluru,PLOT_ONLY,,IN,,,,,,,,,,,Bengaluru Urban,,,,,,,,,,KH-560-800006,,9.7418,,12.917600,HSR Layout,77.644900,,,,,ABC-COL-0006,PID-KA-2021-88006,,,,SELF_OCCUPIED,,,,,,,560102,Plot 6,,,,,15,Agricultural land with irrigation access,LAND,PT-KA-9900006,AGRICULTURAL,PROPERTY,,Sub-Registrar HSR Layout Bengaluru,2023-10-09,REG/2023/100006,,,SD/2023/50006,,,KA,,,,106/A,,,,,,,,,,,,2011
PROPERTY,,,"17, Whitefield Main Road",Near Whitefield Market,,SQFT,,,,,,,,,2923.31,,,,,,,,Bengaluru,COMPLETED,,IN,,,,,,,,,,,Bengaluru Urban,,,,,,,,,,KH-560-800007,Opposite Whitefield Bus Stand,3118.28,,12.976800,Whitefield,77.757000,,,,,ABC-COL-0007,PID-KA-2022-88007,,,,SELF_OCCUPIED,,,,,,,560066,Plot 7,,,,Mahindra Lifespaces Eden,14,Row house in gated community,ROW_HOUSE,PT-KA-9900007,RESIDENTIAL,PROPERTY,,Sub-Registrar Whitefield Bengaluru,2018-03-27,REG/2018/100007,,,SD/2018/50007,,,KA,,,,,,,,,,,,,,,,2012
PROPERTY,,,"18, Vijayanagar Main Road",Near Vijayanagar Market,,SQM,,,,,,,,Tower D,1302.38,,,,,,,,Mysuru,COMPLETED,,IN,,,,,,,,,,,Mysuru,,,,,,108,9,,,KH-570-800008,,3336.34,,12.303800,Vijayanagar,76.647400,,,,,ABC-COL-0008,PID-KA-2023-88008,,13,,UNDER_CONSTRUCTION,,,,,,,570001,,,,,Puravankara Purva Park,13,4 BHK apartment in RERA registered project,APARTMENT,PT-KA-9900008,RESIDENTIAL,PROPERTY,,Sub-Registrar Vijayanagar Mysuru,2018-07-06,REG/2018/100008,,,SD/2018/50008,,,KA,,,,,,,,,,Block 1,,,,,,2013
PROPERTY,,,"19, Adyar Main Road",,,SQM,,,,,,,,,1590.58,,,,,,,,Chennai,COMPLETED,,IN,,,,,,,,,,,Chennai,,,,,,,,,,,Opposite Adyar Bus Stand,22720.34,,13.015700,Adyar,80.266200,,,,,ABC-COL-0009,PID-TN-2024-88009,,,,RENTED,,,,,,,600028,Plot 9,,,,Embassy Lake Terraces,12,Independent villa with boundary wall,VILLA,PT-TN-9900009,RESIDENTIAL,PROPERTY,,Sub-Registrar Adyar Chennai,2019-10-10,REG/2019/100009,,,SD/2019/50009,,,TN,,,,,,,,,,,,,,,,2014
PROPERTY,,,"20, RS Puram Main Road",Near RS Puram Market,,SQFT,,,,,,,,,977.51,,,,,,,,Coimbatore,COMPLETED,,IN,,,,,,,,,,,Coimbatore,,,,,,,,,,,,11238.75,,11.005600,RS Puram,76.966100,,,,,ABC-COL-0010,PID-TN-2020-88010,,,,RENTED,,,,,,,641002,Plot 10,,,,M3M Golf Estate,11,Independent villa with boundary wall,VILLA,PT-TN-9900010,RESIDENTIAL,PROPERTY,,Sub-Registrar RS Puram Coimbatore,2020-01-21,REG/2020/100010,,,SD/2020/50010,,,TN,,,,210/1,,,,,,,,,,,,2015
PROPERTY,,,"21, Gachibowli Main Road",Near Gachibowli Market,,SQM,,,,,,,,,1114.81,,,,,,,,Hyderabad,UNDER_CONSTRUCTION,,IN,,,,,,,,,,,Hyderabad,,,,,,,,,,,Opposite Gachibowli Bus Stand,3950.75,,17.441100,Gachibowli,78.349900,,,,,ABC-COL-0011,PID-TS-2021-88011,,,,VACANT,,,,,,,500032,Plot 11,,,,Adani Western Heights,10,Independent villa with boundary wall,VILLA,PT-TS-9900011,RESIDENTIAL,PROPERTY,,Sub-Registrar Gachibowli Hyderabad,2021-03-04,REG/2021/100011,,,SD/2021/50011,,,TS,,,,,,,,,,,,,,,,2016
PROPERTY,,,"22, Secunderabad Main Road",,,SQFT,,,,,,,,Tower C,1359.48,,,,,,,,Secunderabad,COMPLETED,,IN,,,,,,,,,,,Hyderabad,,,,,,112,13,,,,,2253.34,,17.441900,Secunderabad,78.500300,,,,,ABC-COL-0012,PID-TS-2022-88012,,17,,RENTED,,,,,,,500003,,,,,Raheja Viva,9,2 BHK apartment in RERA registered project,APARTMENT,PT-TS-9900012,RESIDENTIAL,PROPERTY,,Sub-Registrar Secunderabad Secunderabad,2021-04-29,REG/2021/100012,,,SD/2021/50012,,,TS,,,,,,,,,,Block 1,,,,,,2017
PROPERTY,,,"23, Connaught Place Main Road",Near Connaught Place Market,,SQM,,,,,,,,Tower D,2732.25,,,,,,,,New Delhi,PLOT_ONLY,,IN,,,,,,,,,,,New Delhi,,,,,,113,14,,,,Opposite Connaught Place Bus Stand,2442.12,,28.634500,Connaught Place,77.219700,,,,,ABC-COL-0013,PID-DL-2023-88013,,18,,VACANT,,,,,,,110001,,,,,Oberoi Springs,8,3 BHK apartment in RERA registered project,APARTMENT,PT-DL-9900013,RESIDENTIAL,PROPERTY,,Sub-Registrar Connaught Place New Delhi,2022-09-03,REG/2022/100013,,,SD/2022/50013,,,DL,,,,,,,,,,Block 2,,,,,,2018
PROPERTY,,,"24, Saket Main Road",Near Saket Market,,SQFT,,,,,,,,,1868.07,,,,,,,,New Delhi,UNDER_CONSTRUCTION,,IN,,,,,,,,,,,South Delhi,,,,,,,,,,,,3657.0,,28.528400,Saket,77.210600,,,,,ABC-COL-0014,PID-DL-2024-88014,,,,UNDER_CONSTRUCTION,,,,,,,110017,Plot 14,,,,,7,Manufacturing unit in industrial estate,FACTORY,PT-DL-9900014,INDUSTRIAL,PROPERTY,,Sub-Registrar Saket New Delhi,2017-05-23,REG/2017/100014,,,SD/2017/50014,,,DL,,,,,,,,,,,,,,,,2019
PROPERTY,,,"25, Sector 29 Main Road",,,SQM,,,,,,,,Tower A,1841.36,,,,,,,,Gurugram,COMPLETED,,IN,,,,,,,,,,,Gurugram,,,,,,115,,,,,Opposite Sector 29 Bus Stand,2870.44,,28.464500,Sector 29,77.031600,,,,,ABC-COL-0015,PID-HR-2020-88015,,,,SELF_OCCUPIED,,,,,,,122002,,,,,,6,Ground floor retail shop,SHOP,PT-HR-9900015,MIXED_USE,PROPERTY,,Sub-Registrar Sector 29 Gurugram,2018-08-03,REG/2018/100015,,,SD/2018/50015,,,HR,,,,215/1,,,,,,,,,,,,2020
PROPERTY,,,"26, Sector 15 Main Road",Near Sector 15 Market,,SQFT,,,,,,,,Tower B,3003.25,,,,,,,,Faridabad,UNDER_CONSTRUCTION,,IN,,,,,,,,,,,Faridabad,,,,,,116,17,,,,,597.79,,28.414900,Sector 15,77.323800,,,,,ABC-COL-0016,PID-HR-2021-88016,,21,,RENTED,,,,,,,121002,,,,,,5,Commercial office unit in business district,OFFICE,PT-HR-9900016,COMMERCIAL,PROPERTY,,Sub-Registrar Sector 15 Faridabad,2019-11-10,REG/2019/100016,,,SD/2019/50016,,,HR,,,,,,,,,,,,,,,,2021
PROPERTY,,,"27, Sector 62 Main Road",Near Sector 62 Market,,SQM,,,,,,,,,,,,,,,,,Noida,PLOT_ONLY,,IN,,,,,,,,,,,Gautam Buddha Nagar,,,,,,,,,,,Opposite Sector 62 Bus Stand,13860.06,,28.634000,Sector 62,77.371900,,,,,ABC-COL-0017,PID-UP-2022-88017,,,,SELF_OCCUPIED,,,,,,,201301,Plot 17,,,,,4,Residential plot with demarcation,PLOT,PT-UP-9900017,AGRICULTURAL,PROPERTY,,Sub-Registrar Sector 62 Noida,2020-10-04,REG/2020/100017,,,SD/2020/50017,,,UP,,,,117/C,,,,,,,,,,,,2022
PROPERTY,,,"28, Hazratganj Main Road",,,GUNTHA,,,,,,,,,,,,,,,,,Lucknow,PLOT_ONLY,,IN,,,,,,,,,,,Lucknow,,,,,,,,,,,,8.3569,,26.854700,Hazratganj,80.954200,,,,,ABC-COL-0018,PID-UP-2023-88018,,,,VACANT,,,,,,,226001,Plot 18,,,,,21,Residential plot with demarcation,PLOT,PT-UP-9900018,AGRICULTURAL,PROPERTY,,Sub-Registrar Hazratganj Lucknow,2020-11-28,REG/2020/100018,,,SD/2020/50018,,,UP,,,,118/A,,,,,,,,,,,,2005
PROPERTY,,,"29, Park Street Main Road",Near Park Street Market,,SQM,,,,,,,,Tower E,2495.16,,,,,,,,Kolkata,UNDER_CONSTRUCTION,,IN,,,,,,,,,,,Kolkata,,,,,,119,20,,,,Opposite Park Street Bus Stand,1833.2,,22.560000,Park Street,88.362000,,,,,ABC-COL-0019,PID-WB-2024-88019,,24,,UNDER_CONSTRUCTION,,,,,,,700019,,,,,DLF Camellias,20,3 BHK apartment in RERA registered project,APARTMENT,PT-WB-9900019,RESIDENTIAL,PROPERTY,,Sub-Registrar Park Street Kolkata,2021-08-08,REG/2021/100019,,,SD/2021/50019,,,WB,,,,,,,,,,Block 4,,,,,,2006
PROPERTY,,,"30, Navrangpura Main Road",Near Navrangpura Market,,SQM,,,,,,,,Tower A,577.62,,,,,,,,Ahmedabad,COMPLETED,,IN,,,,,,,,,,,Ahmedabad,,,,,,120,,,,,,3353.68,,23.030000,Navrangpura,72.560100,,,,,ABC-COL-0020,PID-GJ-2020-88020,,,,VACANT,,,,,,,380015,,,,,,19,Ground floor retail shop,SHOP,PT-GJ-9900020,COMMERCIAL,PROPERTY,,Sub-Registrar Navrangpura Ahmedabad,2024-05-30,REG/2024/100020,,,SD/2024/50020,,,GJ,,,,220/1,,,,,,,,,,,,2007
PROPERTY,,,"31, Adajan Main Road",,,SQM,,,,,,,,Tower B,1283.18,,,,,,,,Surat,COMPLETED,,IN,,,,,,,,,,,Surat,,,,,,121,2,,,,Opposite Adajan Bus Stand,3617.83,,21.196900,Adajan,72.831200,,,,,ABC-COL-0021,PID-GJ-2021-88021,,26,,RENTED,,,,,,,395007,,,,,Lodha Palava,18,2 BHK apartment in RERA registered project,APARTMENT,PT-GJ-9900021,RESIDENTIAL,PROPERTY,,Sub-Registrar Adajan Surat,2018-04-21,REG/2018/100021,,,SD/2018/50021,,,GJ,,,,,,,,,,Block 2,,,,,,2008
PROPERTY,,,"32, Alkapuri Main Road",Near Alkapuri Market,,SQFT,,,,,,,,Tower C,1061.94,,,,,,,,Vadodara,PLOT_ONLY,,IN,,,,,,,,,,,Vadodara,,,,,,122,3,,,,,1743.5,,22.309200,Alkapuri,73.183200,,,,,ABC-COL-0022,PID-GJ-2022-88022,,27,,RENTED,,,,,,,390007,,,,,Sobha Dream Acres,17,3 BHK apartment in RERA registered project,APARTMENT,PT-GJ-9900022,RESIDENTIAL,PROPERTY,,Sub-Registrar Alkapuri Vadodara,2019-02-19,REG/2019/100022,,,SD/2019/50022,,,GJ,,,,,,,,,,Block 3,,,,,,2009
PROPERTY,,,"33, C-Scheme Main Road",Near C-Scheme Market,,SQFT,,,,,,,,Tower D,837.78,,,,,,,,Jaipur,COMPLETED,,IN,,,,,,,,,,,Jaipur,,,,,,123,4,,,,Opposite C-Scheme Bus Stand,895.86,,26.915400,C-Scheme,75.790300,,,,,ABC-COL-0023,PID-RJ-2023-88023,,28,,VACANT,,,,,,,302001,,,,,Brigade Cornerstone Utopia,16,4 BHK apartment in RERA registered project,APARTMENT,PT-RJ-9900023,RESIDENTIAL,PROPERTY,,Sub-Registrar C-Scheme Jaipur,2019-11-19,REG/2019/100023,,,SD/2019/50023,,,RJ,,,,,,,,,,Block 4,,,,,,2010
PROPERTY,,,"34, Fatehpura Main Road",,,SQM,,,,,,,,Tower E,1720.28,,,,,,,,Udaipur,COMPLETED,,IN,,,,,,,,,,,Udaipur,,,,,,124,5,,,,,324.39,,24.589400,Fatehpura,73.716500,,,,,ABC-COL-0024,PID-RJ-2024-88024,,29,,UNDER_CONSTRUCTION,,,,,,,313001,,,,,,15,Commercial office unit in business district,OFFICE,PT-RJ-9900024,COMMERCIAL,PROPERTY,,Sub-Registrar Fatehpura Udaipur,2019-11-06,REG/2019/100024,,,SD/2019/50024,,,RJ,,,,,,,,,,,,,,,,2011
PROPERTY,,,"35, Vijay Nagar Main Road",Near Vijay Nagar Market,,SQM,,,,,,,,,1247.64,,,,,,,,Indore,COMPLETED,,IN,,,,,,,,,,,Indore,,,,,,,,,,,Opposite Vijay Nagar Bus Stand,4333.09,,22.724600,Vijay Nagar,75.862700,,,,,ABC-COL-0025,PID-MP-2020-88025,,,,RENTED,,,,,,,452001,Plot 25,,,,,14,Industrial warehouse with loading bay,WAREHOUSE,PT-MP-9900025,INDUSTRIAL,PROPERTY,,Sub-Registrar Vijay Nagar Indore,2020-11-30,REG/2020/100025,,,SD/2020/50025,,,MP,,,,225/1,,,,,,,,,,,,2012
PROPERTY,,,"36, Arera Colony Main Road",Near Arera Colony Market,,SQFT,,,,,,,,,1413.43,,,,,,,,Bhopal,COMPLETED,,IN,,,,,,,,,,,Bhopal,,,,,,,,,,,,24489.64,,23.265900,Arera Colony,77.418600,,,,,ABC-COL-0026,PID-MP-2021-88026,,,,RENTED,,,,,,,462001,Plot 26,,,,Puravankara Purva Park,13,Independent villa with boundary wall,VILLA,PT-MP-9900026,RESIDENTIAL,PROPERTY,,Sub-Registrar Arera Colony Bhopal,2022-04-21,REG/2022/100026,,,SD/2022/50026,,,MP,,,,,,,,,,,,,,,,2013
PROPERTY,,,"37, Kakkanad Main Road",,,SQM,,,,,,,,,567.99,,,,,,,,Kochi,UNDER_CONSTRUCTION,,IN,,,,,,,,,,,Ernakulam,,,,,,,,,,,Opposite Kakkanad Bus Stand,22855.61,,9.988600,Kakkanad,76.306900,,,,,ABC-COL-0027,PID-KL-2022-88027,,,,VACANT,,,,,,,682016,Plot 27,,,,Embassy Lake Terraces,12,Independent villa with boundary wall,VILLA,PT-KL-9900027,RESIDENTIAL,PROPERTY,,Sub-Registrar Kakkanad Kochi,2023-01-07,REG/2023/100027,,,SD/2023/50027,,,KL,,,,,,,,,,,,,,,,2014
PROPERTY,,,"38, Sector 17 Main Road",Near Sector 17 Market,,SQFT,,,,,,,,,,,,,,,,,Chandigarh,PLOT_ONLY,,IN,,,,,,,,,,,Chandigarh,,,,,,,,,,,,17147.51,,30.741300,Sector 17,76.787400,,,,,ABC-COL-0028,PID-CH-2023-88028,,,,UNDER_CONSTRUCTION,,,,,,,160017,Plot 28,,,,,11,Residential plot with demarcation,PLOT,PT-CH-9900028,RESIDENTIAL,PROPERTY,,Sub-Registrar Sector 17 Chandigarh,2018-02-15,REG/2018/100028,,,SD/2018/50028,,,CH,,,,128/B,,,,,,,,,,,,2015
PROPERTY,,,"39, Model Town Main Road",Near Model Town Market,,SQFT,,,,,,,,,,,,,,,,,Ludhiana,PLOT_ONLY,,IN,,,,,,,,,,,Ludhiana,,,,,,,,,,,Opposite Model Town Bus Stand,20365.84,,30.910000,Model Town,75.866300,,,,,ABC-COL-0029,PID-PB-2024-88029,,,,SELF_OCCUPIED,,,,,,,141001,Plot 29,,,,,10,Residential plot with demarcation,PLOT,PT-PB-9900029,RESIDENTIAL,PROPERTY,,Sub-Registrar Model Town Ludhiana,2017-06-07,REG/2017/100029,,,SD/2017/50029,,,PB,,,,129/C,,,,,,,,,,,,2016
PROPERTY,,,"40, Boring Road Main Road",,,SQFT,,,,,,,,Tower A,3178.7,,,,,,,,Patna,COMPLETED,,IN,,,,,,,,,,,Patna,,,,,,130,11,,,,,409.76,,25.594100,Boring Road,85.137600,,,,,ABC-COL-0030,PID-BR-2020-88030,,10,,UNDER_CONSTRUCTION,,,,,,,800001,,,,,Raheja Viva,9,2 BHK apartment in RERA registered project,APARTMENT,PT-BR-9900030,RESIDENTIAL,PROPERTY,,Sub-Registrar Boring Road Patna,2019-08-21,REG/2019/100030,,,SD/2019/50030,,,BR,,,,230/1,,,,,,Block 3,,,,,,2017
PROPERTY,,,"41, Main Road Main Road",Near Main Road Market,,SQFT,,,,,,,,Tower B,1453.26,,,,,,,,Ranchi,PLOT_ONLY,,IN,,,,,,,,,,,Ranchi,,,,,,131,12,,,,Opposite Main Road Bus Stand,2635.11,,23.345100,Main Road,85.310600,,,,,ABC-COL-0031,PID-JH-2021-88031,,11,,VACANT,,,,,,,834001,,,,,Oberoi Springs,8,3 BHK apartment in RERA registered project,APARTMENT,PT-JH-9900031,RESIDENTIAL,PROPERTY,,Sub-Registrar Main Road Ranchi,2019-11-26,REG/2019/100031,,,SD/2019/50031,,,JH,,,,,,,,,,Block 4,,,,,,2018
PROPERTY,,,"42, Saheed Nagar Main Road",Near Saheed Nagar Market,,SQM,,,,,,,,Tower C,2394.15,,,,,,,,Bhubaneswar,UNDER_CONSTRUCTION,,IN,,,,,,,,,,,Khordha,,,,,,132,13,,,,,1654.39,,20.298100,Saheed Nagar,85.826500,,,,,ABC-COL-0032,PID-OD-2022-88032,,12,,VACANT,,,,,,,751001,,,,,Hiranandani Gardens,7,4 BHK apartment in RERA registered project,APARTMENT,PT-OD-9900032,RESIDENTIAL,PROPERTY,,Sub-Registrar Saheed Nagar Bhubaneswar,2022-03-10,REG/2022/100032,,,SD/2022/50032,,,OD,,,,,,,,,,Block 1,,,,,,2019
PROPERTY,,,"43, Zoo Road Main Road",,,SQM,,,,,,,,Tower D,782.48,,,,,,,,Guwahati,UNDER_CONSTRUCTION,,IN,,,,,,,,,,,Kamrup Metropolitan,,,,,,133,14,,,,Opposite Zoo Road Bus Stand,3273.94,,26.147500,Zoo Road,91.739200,,,,,ABC-COL-0033,PID-AS-2023-88033,,13,,VACANT,,,,,,,781005,,,,,Shapoorji Pallonji Joyville,6,2 BHK apartment in RERA registered project,APARTMENT,PT-AS-9900033,RESIDENTIAL,PROPERTY,,Sub-Registrar Zoo Road Guwahati,2023-05-20,REG/2023/100033,,,SD/2023/50033,,,AS,,,,,,,,,,Block 2,,,,,,2020
PROPERTY,,,"44, Rajpur Road Main Road",Near Rajpur Road Market,,SQM,,,,,,,,,508.12,,,,,,,,Dehradun,COMPLETED,,IN,,,,,,,,,,,Dehradun,,,,,,,,,,,,19167.44,,30.320500,Rajpur Road,78.036200,,,,,ABC-COL-0034,PID-UK-2024-88034,,,,RENTED,,,,,,,248001,Plot 34,,,,Kalpataru Radiance,5,Independent villa with boundary wall,VILLA,PT-UK-9900034,RESIDENTIAL,PROPERTY,,Sub-Registrar Rajpur Road Dehradun,2023-03-11,REG/2023/100034,,,SD/2023/50034,,,UK,,,,,,,,,,,,,,,,2021
PROPERTY,,,"45, Fontainhas Main Road",Near Fontainhas Market,,SQM,,,,,,,,Tower A,3179.39,,,,,,,,Panaji,UNDER_CONSTRUCTION,,IN,,,,,,,,,,,North Goa,,,,,,135,16,,,,Opposite Fontainhas Bus Stand,3822.79,,15.495900,Fontainhas,73.832800,,,,,ABC-COL-0035,PID-GA-2020-88035,,15,,UNDER_CONSTRUCTION,,,,,,,403001,,,,,,4,Commercial office unit in business district,OFFICE,PT-GA-9900035,COMMERCIAL,PROPERTY,,Sub-Registrar Fontainhas Panaji,2016-10-08,REG/2016/100035,,,SD/2016/50035,,,GA,,,,235/1,,,,,,,,,,,,2022
PROPERTY,,,"46, Dwaraka Nagar Main Road",,,SQM,,,,,,,,Tower B,2290.22,,,,,,,,Visakhapatnam,PLOT_ONLY,,IN,,,,,,,,,,,Visakhapatnam,,,,,,136,17,,,,,3389.1,,17.692800,Dwaraka Nagar,83.224500,,,,,ABC-COL-0036,PID-AP-2021-88036,,16,,UNDER_CONSTRUCTION,,,,,,,530003,,,,,Prestige Lakeside Habitat,21,2 BHK apartment in RERA registered project,APARTMENT,PT-AP-9900036,MIXED_USE,PROPERTY,,Sub-Registrar Dwaraka Nagar Visakhapatnam,2018-07-19,REG/2018/100036,,,SD/2018/50036,,,AP,,,,,,,,,,Block 1,,,,,,2005
PROPERTY,,,"47, Benz Circle Main Road",Near Benz Circle Market,,SQFT,,,,,,,,Tower C,2073.93,,,,,,,,Vijayawada,COMPLETED,,IN,,,,,,,,,,,NTR,,,,,,137,18,,,,Opposite Benz Circle Bus Stand,513.29,,16.513200,Benz Circle,80.655000,,,,,ABC-COL-0037,PID-AP-2022-88037,,17,,UNDER_CONSTRUCTION,,,,,,,520010,,,,,DLF Camellias,20,3 BHK apartment in RERA registered project,APARTMENT,PT-AP-9900037,RESIDENTIAL,PROPERTY,,Sub-Registrar Benz Circle Vijayawada,2019-04-20,REG/2019/100037,,,SD/2019/50037,,,AP,,,,,,,,,,Block 2,,,,,,2006
PROPERTY,,,"48, Lawrence Road Main Road",Near Lawrence Road Market,,SQFT,,,,,,,,,,,,,,,,,Amritsar,PLOT_ONLY,,IN,,,,,,,,,,,Amritsar,,,,,,,,,,,,1503.56,,31.642000,Lawrence Road,74.880300,,,,,ABC-COL-0038,PID-PB-2023-88038,,,,UNDER_CONSTRUCTION,,,,,,,143001,Plot 38,,,,,19,Agricultural land with irrigation access,LAND,PT-PB-9900038,AGRICULTURAL,PROPERTY,,Sub-Registrar Lawrence Road Amritsar,2020-07-28,REG/2020/100038,,,SD/2020/50038,,,PB,,,,138/C,,,,,,,,,,,,2007
PROPERTY,,,"49, College Road Main Road",,,SQM,,,,,,,,Tower E,1550.63,,,,,,,,Nashik,COMPLETED,,IN,,,,,,,,,,,Nashik,,,,,,139,20,,,,Opposite College Road Bus Stand,1890.84,,20.020000,College Road,73.799300,,,,,ABC-COL-0039,PID-MH-2024-88039,,19,,UNDER_CONSTRUCTION,,,,,,,422002,,,,,Lodha Palava,18,2 BHK apartment in RERA registered project,APARTMENT,PT-MH-9900039,RESIDENTIAL,PROPERTY,,Sub-Registrar College Road Nashik,2021-10-28,REG/2021/100039,,,SD/2021/50039,,,MH,,,,,,,,,,Block 4,,,,,,2008
PROPERTY,,,"50, Ratanada Main Road",Near Ratanada Market,,SQFT,,,,,,,,Tower A,3145.76,,,,,,,,Jodhpur,UNDER_CONSTRUCTION,,IN,,,,,,,,,,,Jodhpur,,,,,,140,,,,,,290.83,,26.238900,Ratanada,73.024300,,,,,ABC-COL-0040,PID-RJ-2020-88040,,,,RENTED,,,,,,,342001,,,,,,17,Ground floor retail shop,SHOP,PT-RJ-9900040,COMMERCIAL,PROPERTY,,Sub-Registrar Ratanada Jodhpur,2022-09-24,REG/2022/100040,,,SD/2022/50040,,,RJ,,,,240/1,,,,,,,,,,,,2009
PROPERTY,,,"51, Raikot Road Main Road",Near Raikot Road Market,,SQFT,,,,,,,,,3425.88,,,,,,,,Ludhiana Rural,COMPLETED,,IN,,,,,,,,,,,Ludhiana,,,,,,,,,,,Opposite Raikot Road Bus Stand,2797.41,,30.824400,Raikot Road,75.673100,,,,,ABC-COL-0041,PID-PB-2021-88041,,,,SELF_OCCUPIED,,,,,,,141113,Plot 41,,,,,16,Industrial warehouse with loading bay,WAREHOUSE,PT-PB-9900041,INDUSTRIAL,PROPERTY,,Sub-Registrar Raikot Road Ludhiana Rural,2022-06-13,REG/2022/100041,,,SD/2022/50041,,,PB,,,,,,,,,,,,,,,,2010
PROPERTY,,,"52, Mundwa Road Main Road",,,SQFT,,,,,,,,,624.61,,,,,,,,Nagaur,UNDER_CONSTRUCTION,,IN,,,,,,,,,,,Nagaur,,,,,,,,,,,,615.31,,27.204400,Mundwa Road,73.736400,,,,,ABC-COL-0042,PID-RJ-2022-88042,,,,RENTED,,,,,,,341001,Plot 42,,,,,15,Industrial warehouse with loading bay,WAREHOUSE,PT-RJ-9900042,INDUSTRIAL,PROPERTY,,Sub-Registrar Mundwa Road Nagaur,2018-05-26,REG/2018/100042,,,SD/2018/50042,,,RJ,,,,,,,,,,,,,,,,2011
PROPERTY,,,"53, Fort Main Road",Near Fort Market,,SQFT,,,,,,,,Tower D,1631.51,,,,,,,,Mumbai,PLOT_ONLY,,IN,,,,,,CTS 443/4/2,,,,,Mumbai City,,,,,,143,,,,,Opposite Fort Bus Stand,1746.92,,18.935200,Fort,72.834100,,,,,ABC-COL-0043,PID-MH-2023-88043,,,,VACANT,,,,,,,400001,,,,,,14,Ground floor retail shop,SHOP,PT-MH-9900043,COMMERCIAL,PROPERTY,,Sub-Registrar Fort Mumbai,2018-04-18,REG/2018/100043,,,SD/2018/50043,,,MH,,,,,,,,,,,,,,,,2012
PROPERTY,,,"54, Powai Main Road",Near Powai Market,,ACRE,,,,,,,,,,,,,,,,,Mumbai,PLOT_ONLY,,IN,,,,,,,,,,,Mumbai Suburban,,,,,,,,,,,,7.17,,19.121600,Powai,72.910000,,,,,ABC-COL-0044,PID-MH-2024-88044,,,,RENTED,,,,,,,400076,Plot 44,,,,,13,Agricultural land with irrigation access,LAND,PT-MH-9900044,AGRICULTURAL,PROPERTY,,Sub-Registrar Powai Mumbai,2018-10-03,REG/2018/100044,,,SD/2018/50044,,,MH,,,,144/C,,,,,,,,,,,,2013
PROPERTY,,,"55, Koregaon Park Main Road",,,SQFT,,,,,,,,Tower A,2151.8,,,,,,,,Pune,PLOT_ONLY,,IN,,,,,,CTS 445/6/1,,,,,Pune,,,,,,145,6,,,,Opposite Koregaon Park Bus Stand,1827.48,,18.541200,Koregaon Park,73.900800,,,,,ABC-COL-0045,PID-MH-2020-88045,,25,,VACANT,,,,,,,411014,,,,,Embassy Lake Terraces,12,2 BHK apartment in RERA registered project,APARTMENT,PT-MH-9900045,RESIDENTIAL,PROPERTY,,Sub-Registrar Koregaon Park Pune,2020-03-28,REG/2020/100045,,,SD/2020/50045,,,MH,,,,245/1,,,,,,Block 2,,,,,,2014
PROPERTY,,,"56, Ghodbunder Road Main Road",Near Ghodbunder Road Market,,SQFT,,,,,,,,Tower B,3203.25,,,,,,,,Thane,UNDER_CONSTRUCTION,,IN,,,,,,CTS 446/7/2,,,,,Thane,,,,,,146,,,,,,3884.82,,19.224300,Ghodbunder Road,72.984100,,,,,ABC-COL-0046,PID-MH-2021-88046,,,,VACANT,,,,,,,400601,,,,,,11,Ground floor retail shop,SHOP,PT-MH-9900046,COMMERCIAL,PROPERTY,,Sub-Registrar Ghodbunder Road Thane,2021-08-18,REG/2021/100046,,,SD/2021/50046,,,MH,,,,,,,,,,,,,,,,2015
PROPERTY,,,"57, Dharampeth Main Road",Near Dharampeth Market,,SQM,,,,,,,,Tower C,2945.36,,,,,,,,Nagpur,UNDER_CONSTRUCTION,,IN,,,,,,,,,,,Nagpur,,,,,,147,8,,,,Opposite Dharampeth Bus Stand,1703.26,,21.152800,Dharampeth,79.095200,,,,,ABC-COL-0047,PID-MH-2022-88047,,27,,VACANT,,,,,,,440010,,,,,Adani Western Heights,10,4 BHK apartment in RERA registered project,APARTMENT,PT-MH-9900047,RESIDENTIAL,PROPERTY,,Sub-Registrar Dharampeth Nagpur,2022-09-08,REG/2022/100047,,,SD/2022/50047,,,MH,,,,,,,,,,Block 4,,,,,,2016
PROPERTY,,,"58, HSR Layout Main Road",,,SQM,,,,,,,,Tower D,795.11,,,,,,,,Bengaluru,COMPLETED,,IN,,,,,,,,,,,Bengaluru Urban,,,,,,148,9,,,KH-560-800048,,3188.1,,12.919600,HSR Layout,77.646900,,,,,ABC-COL-0048,PID-KA-2023-88048,,28,,VACANT,,,,,,,560102,,,,,Raheja Viva,9,2 BHK apartment in RERA registered project,APARTMENT,PT-KA-9900048,RESIDENTIAL,PROPERTY,,Sub-Registrar HSR Layout Bengaluru,2023-01-18,REG/2023/100048,,,SD/2023/50048,,,KA,,,,,,,,,,Block 1,,,,,,2017
PROPERTY,,,"59, Whitefield Main Road",Near Whitefield Market,,SQFT,,,,,,,,,,,,,,,,,Bengaluru,PLOT_ONLY,,IN,,,,,,,,,,,Bengaluru Urban,,,,,,,,,,KH-560-800049,Opposite Whitefield Bus Stand,21194.39,,12.978800,Whitefield,77.759000,,,,,ABC-COL-0049,PID-KA-2024-88049,,,,SELF_OCCUPIED,,,,,,,560066,Plot 49,,,,,8,Agricultural land with irrigation access,LAND,PT-KA-9900049,AGRICULTURAL,PROPERTY,,Sub-Registrar Whitefield Bengaluru,2017-05-07,REG/2017/100049,,,SD/2017/50049,,,KA,,,,149/B,,,,,,,,,,,,2018
PROPERTY,,,"60, Vijayanagar Main Road",Near Vijayanagar Market,,SQFT,,,,,,,,Tower A,2839.56,,,,,,,,Mysuru,COMPLETED,,IN,,,,,,,,,,,Mysuru,,,,,,150,,,,KH-570-800050,,2607.83,,12.295800,Vijayanagar,76.639400,,,,,ABC-COL-0050,PID-KA-2020-88050,,,,SELF_OCCUPIED,,,,,,,570001,,,,,,7,Ground floor retail shop,SHOP,PT-KA-9900050,COMMERCIAL,PROPERTY,,Sub-Registrar Vijayanagar Mysuru,2017-06-16,REG/2017/100050,,,SD/2017/50050,,,KA,,,,250/1,,,,,,,,,,,,2019
PROPERTY,,,"61, Adyar Main Road",,,GUNTHA,,,,,,,,,,,,,,,,,Chennai,PLOT_ONLY,,IN,,,,,,,,,,,Chennai,,,,,,,,,,,Opposite Adyar Bus Stand,11.6928,,13.007700,Adyar,80.258200,,,,,ABC-COL-0051,PID-TN-2021-88051,,,,UNDER_CONSTRUCTION,,,,,,,600028,Plot 51,,,,,6,Residential plot with demarcation,PLOT,PT-TN-9900051,AGRICULTURAL,PROPERTY,,Sub-Registrar Adyar Chennai,2018-02-26,REG/2018/100051,,,SD/2018/50051,,,TN,,,,151/A,,,,,,,,,,,,2020
PROPERTY,,,"62, RS Puram Main Road",Near RS Puram Market,,SQFT,,,,,,,,Tower C,1996.36,,,,,,,,Coimbatore,COMPLETED,,IN,,,,,,,,,,,Coimbatore,,,,,,152,13,,,,,4919.8,,11.007600,RS Puram,76.968100,,,,,ABC-COL-0052,PID-TN-2022-88052,,7,,UNDER_CONSTRUCTION,,,,,,,641002,,,,,Kalpataru Radiance,5,3 BHK apartment in RERA registered project,APARTMENT,PT-TN-9900052,RESIDENTIAL,PROPERTY,,Sub-Registrar RS Puram Coimbatore,2020-06-25,REG/2020/100052,,,SD/2020/50052,,,TN,,,,,,,,,,Block 1,,,,,,2021
PROPERTY,,,"63, Gachibowli Main Road",Near Gachibowli Market,,GUNTHA,,,,,,,,,,,,,,,,,Hyderabad,PLOT_ONLY,,IN,,,,,,,,,,,Hyderabad,,,,,,,,,,,Opposite Gachibowli Bus Stand,10.8507,,17.443100,Gachibowli,78.351900,,,,,ABC-COL-0053,PID-TS-2023-88053,,,,UNDER_CONSTRUCTION,,,,,,,500032,Plot 53,,,,,4,Agricultural land with irrigation access,LAND,PT-TS-9900053,AGRICULTURAL,PROPERTY,,Sub-Registrar Gachibowli Hyderabad,2021-07-28,REG/2021/100053,,,SD/2021/50053,,,TS,,,,153/C,,,,,,,,,,,,2022
PROPERTY,,,"64, Secunderabad Main Road",,,SQFT,,,,,,,,,3413.13,,,,,,,,Secunderabad,PLOT_ONLY,,IN,,,,,,,,,,,Hyderabad,,,,,,,,,,,,49.61,,17.443900,Secunderabad,78.502300,,,,,ABC-COL-0054,PID-TS-2024-88054,,,,VACANT,,,,,,,500003,Plot 54,,,,,21,Industrial warehouse with loading bay,WAREHOUSE,PT-TS-9900054,INDUSTRIAL,PROPERTY,,Sub-Registrar Secunderabad Secunderabad,2023-02-07,REG/2023/100054,,,SD/2023/50054,,,TS,,,,,,,,,,,,,,,,2005
PROPERTY,,,"65, Connaught Place Main Road",Near Connaught Place Market,,SQM,,,,,,,,,1836.65,,,,,,,,New Delhi,COMPLETED,,IN,,,,,,,,,,,New Delhi,,,,,,,,,,,Opposite Connaught Place Bus Stand,4909.64,,28.636500,Connaught Place,77.221700,,,,,ABC-COL-0055,PID-DL-2020-88055,,,,UNDER_CONSTRUCTION,,,,,,,110001,Plot 55,,,,,20,Manufacturing unit in industrial estate,FACTORY,PT-DL-9900055,INDUSTRIAL,PROPERTY,,Sub-Registrar Connaught Place New Delhi,2022-08-29,REG/2022/100055,,,SD/2022/50055,,,DL,,,,255/1,,,,,,,,,,,,2006
PROPERTY,,,"66, Saket Main Road",Near Saket Market,,SQM,,,,,,,,Tower B,3416.44,,,,,,,,New Delhi,COMPLETED,,IN,,,,,,,,,,,South Delhi,,,,,,156,17,,,,,1310.86,,28.530400,Saket,77.212600,,,,,ABC-COL-0056,PID-DL-2021-88056,,11,,UNDER_CONSTRUCTION,,,,,,,110017,,,,,Godrej Platinum,19,4 BHK apartment in RERA registered project,APARTMENT,PT-DL-9900056,RESIDENTIAL,PROPERTY,,Sub-Registrar Saket New Delhi,2018-06-25,REG/2018/100056,,,SD/2018/50056,,,DL,,,,,,,,,,Block 1,,,,,,2007
PROPERTY,,,"67, Sector 29 Main Road",,,SQM,,,,,,,,,2215.4,,,,,,,,Gurugram,UNDER_CONSTRUCTION,,IN,,,,,,,,,,,Gurugram,,,,,,,,,,,Opposite Sector 29 Bus Stand,1394.62,,28.466500,Sector 29,77.033600,,,,,ABC-COL-0057,PID-HR-2022-88057,,,,UNDER_CONSTRUCTION,,,,,,,122002,Plot 57,,,,Lodha Palava,18,Row house in gated community,ROW_HOUSE,PT-HR-9900057,RESIDENTIAL,PROPERTY,,Sub-Registrar Sector 29 Gurugram,2018-05-28,REG/2018/100057,,,SD/2018/50057,,,HR,,,,,,,,,,,,,,,,2008
PROPERTY,,,"68, Sector 15 Main Road",Near Sector 15 Market,,SQFT,,,,,,,,Tower D,2142.09,,,,,,,,Faridabad,UNDER_CONSTRUCTION,,IN,,,,,,,,,,,Faridabad,,,,,,158,19,,,,,22.57,,28.416900,Sector 15,77.325800,,,,,ABC-COL-0058,PID-HR-2023-88058,,13,,SELF_OCCUPIED,,,,,,,121002,,,,,,17,Commercial office unit in business district,OFFICE,PT-HR-9900058,COMMERCIAL,PROPERTY,,Sub-Registrar Sector 15 Faridabad,2019-08-05,REG/2019/100058,,,SD/2019/50058,,,HR,,,,,,,,,,,,,,,,2009
PROPERTY,,,"69, Sector 62 Main Road",Near Sector 62 Market,,SQM,,,,,,,,,2322.99,,,,,,,,Noida,COMPLETED,,IN,,,,,,,,,,,Gautam Buddha Nagar,,,,,,,,,,,Opposite Sector 62 Bus Stand,17771.82,,28.636000,Sector 62,77.373900,,,,,ABC-COL-0059,PID-UP-2024-88059,,,,UNDER_CONSTRUCTION,,,,,,,201301,Plot 59,,,,Brigade Cornerstone Utopia,16,Independent villa with boundary wall,VILLA,PT-UP-9900059,RESIDENTIAL,PROPERTY,,Sub-Registrar Sector 62 Noida,2021-10-14,REG/2021/100059,,,SD/2021/50059,,,UP,,,,,,,,,,,,,,,,2010
PROPERTY,,,"70, Hazratganj Main Road",,,SQM,,,,,,,,Tower A,3109.13,,,,,,,,Lucknow,UNDER_CONSTRUCTION,,IN,,,,,,,,,,,Lucknow,,,,,,160,1,,,,,1452.18,,26.846700,Hazratganj,80.946200,,,,,ABC-COL-0060,PID-UP-2020-88060,,15,,RENTED,,,,,,,226001,,,,,Tata New Haven,15,2 BHK apartment in RERA registered project,APARTMENT,PT-UP-9900060,RESIDENTIAL,PROPERTY,,Sub-Registrar Hazratganj Lucknow,2021-08-01,REG/2021/100060,,,SD/2021/50060,,,UP,,,,260/1,,,,,,Block 1,,,,,,2011
PROPERTY,,,"71, Park Street Main Road",Near Park Street Market,,SQM,,,,,,,,,974.48,,,,,,,,Kolkata,COMPLETED,,IN,,,,,,,,,,,Kolkata,,,,,,,,,,,Opposite Park Street Bus Stand,12752.77,,22.552000,Park Street,88.354000,,,,,ABC-COL-0061,PID-WB-2021-88061,,,,VACANT,,,,,,,700019,Plot 61,,,,Mahindra Lifespaces Eden,14,Independent villa with boundary wall,VILLA,PT-WB-9900061,RESIDENTIAL,PROPERTY,,Sub-Registrar Park Street Kolkata,2022-11-27,REG/2022/100061,,,SD/2022/50061,,,WB,,,,,,,,,,,,,,,,2012
PROPERTY,,,"72, Navrangpura Main Road",Near Navrangpura Market,,SQM,,,,,,,,,1330.72,,,,,,,,Ahmedabad,UNDER_CONSTRUCTION,,IN,,,,,,,,,,,Ahmedabad,,,,,,,,,,,,1641.77,,23.032000,Navrangpura,72.562100,,,,,ABC-COL-0062,PID-GJ-2022-88062,,,,SELF_OCCUPIED,,,,,,,380015,Plot 62,,,,Puravankara Purva Park,13,Row house in gated community,ROW_HOUSE,PT-GJ-9900062,RESIDENTIAL,PROPERTY,,Sub-Registrar Navrangpura Ahmedabad,2023-10-11,REG/2023/100062,,,SD/2023/50062,,,GJ,,,,,,,,,,,,,,,,2013
PROPERTY,,,"73, Adajan Main Road",,,SQM,,,,,,,,Tower D,834.13,,,,,,,,Surat,COMPLETED,,IN,,,,,,,,,,,Surat,,,,,,163,4,,,,Opposite Adajan Bus Stand,1118.63,,21.198900,Adajan,72.833200,,,,,ABC-COL-0063,PID-GJ-2023-88063,,18,,RENTED,,,,,,,395007,,,,,Embassy Lake Terraces,12,2 BHK apartment in RERA registered project,APARTMENT,PT-GJ-9900063,RESIDENTIAL,PROPERTY,,Sub-Registrar Adajan Surat,2017-06-22,REG/2017/100063,,,SD/2017/50063,,,GJ,,,,,,,,,,Block 4,,,,,,2014
PROPERTY,,,"74, Alkapuri Main Road",Near Alkapuri Market,,SQFT,,,,,,,,,3194.38,,,,,,,,Vadodara,UNDER_CONSTRUCTION,,IN,,,,,,,,,,,Vadodara,,,,,,,,,,,,3665.64,,22.311200,Alkapuri,73.185200,,,,,ABC-COL-0064,PID-GJ-2024-88064,,,,SELF_OCCUPIED,,,,,,,390007,Plot 64,,,,M3M Golf Estate,11,Row house in gated community,ROW_HOUSE,PT-GJ-9900064,RESIDENTIAL,PROPERTY,,Sub-Registrar Alkapuri Vadodara,2018-12-12,REG/2018/100064,,,SD/2018/50064,,,GJ,,,,,,,,,,,,,,,,2015
PROPERTY,,,"75, C-Scheme Main Road",Near C-Scheme Market,,SQFT,,,,,,,,Tower A,2173.45,,,,,,,,Jaipur,COMPLETED,,IN,,,,,,,,,,,Jaipur,,,,,,165,6,,,,Opposite C-Scheme Bus Stand,2962.45,,26.917400,C-Scheme,75.792300,,,,,ABC-COL-0065,PID-RJ-2020-88065,,20,,RENTED,,,,,,,302001,,,,,,10,Commercial office unit in business district,OFFICE,PT-RJ-9900065,COMMERCIAL,PROPERTY,,Sub-Registrar C-Scheme Jaipur,2020-04-05,REG/2020/100065,,,SD/2020/50065,,,RJ,,,,265/1,,,,,,,,,,,,2016
PROPERTY,,,"76, Fatehpura Main Road",,,SQM,,,,,,,,Tower B,1125.58,,,,,,,,Udaipur,PLOT_ONLY,,IN,,,,,,,,,,,Udaipur,,,,,,166,7,,,,,1864.77,,24.591400,Fatehpura,73.718500,,,,,ABC-COL-0066,PID-RJ-2021-88066,,21,,VACANT,,,,,,,313001,,,,,Raheja Viva,9,2 BHK apartment in RERA registered project,APARTMENT,PT-RJ-9900066,RESIDENTIAL,PROPERTY,,Sub-Registrar Fatehpura Udaipur,2020-02-22,REG/2020/100066,,,SD/2020/50066,,,RJ,,,,,,,,,,Block 3,,,,,,2017
PROPERTY,,,"77, Vijay Nagar Main Road",Near Vijay Nagar Market,,SQFT,,,,,,,,,,,,,,,,,Indore,PLOT_ONLY,,IN,,,,,,,,,,,Indore,,,,,,,,,,,Opposite Vijay Nagar Bus Stand,23418.95,,22.726600,Vijay Nagar,75.864700,,,,,ABC-COL-0067,PID-MP-2022-88067,,,,SELF_OCCUPIED,,,,,,,452001,Plot 67,,,,,8,Residential plot with demarcation,PLOT,PT-MP-9900067,RESIDENTIAL,PROPERTY,,Sub-Registrar Vijay Nagar Indore,2020-12-29,REG/2020/100067,,,SD/2020/50067,,,MP,,,,167/B,,,,,,,,,,,,2018
PROPERTY,,,"78, Arera Colony Main Road",Near Arera Colony Market,,SQM,,,,,,,,Tower D,1253.88,,,,,,,,Bhopal,PLOT_ONLY,,IN,,,,,,,,,,,Bhopal,,,,,,168,9,,,,,2891.53,,23.267900,Arera Colony,77.420600,,,,,ABC-COL-0068,PID-MP-2023-88068,,23,,RENTED,,,,,,,462001,,,,,Hiranandani Gardens,7,4 BHK apartment in RERA registered project,APARTMENT,PT-MP-9900068,RESIDENTIAL,PROPERTY,,Sub-Registrar Arera Colony Bhopal,2022-06-13,REG/2022/100068,,,SD/2022/50068,,,MP,,,,,,,,,,Block 1,,,,,,2019
PROPERTY,,,"79, Kakkanad Main Road",,,SQFT,,,,,,,,,,,,,,,,,Kochi,PLOT_ONLY,,IN,,,,,,,,,,,Ernakulam,,,,,,,,,,,Opposite Kakkanad Bus Stand,24172.43,,9.990600,Kakkanad,76.308900,,,,,ABC-COL-0069,PID-KL-2024-88069,,,,VACANT,,,,,,,682016,Plot 69,,,,,6,Residential plot with demarcation,PLOT,PT-KL-9900069,COMMERCIAL,PROPERTY,,Sub-Registrar Kakkanad Kochi,2022-11-15,REG/2022/100069,,,SD/2022/50069,,,KL,,,,169/A,,,,,,,,,,,,2020
PROPERTY,,,"80, Sector 17 Main Road",Near Sector 17 Market,,SQM,,,,,,,,Tower A,1563.59,,,,,,,,Chandigarh,COMPLETED,,IN,,,,,,,,,,,Chandigarh,,,,,,170,11,,,,,1148.72,,30.733300,Sector 17,76.779400,,,,,ABC-COL-0070,PID-CH-2020-88070,,25,,RENTED,,,,,,,160017,,,,,Kalpataru Radiance,5,3 BHK apartment in RERA registered project,APARTMENT,PT-CH-9900070,RESIDENTIAL,PROPERTY,,Sub-Registrar Sector 17 Chandigarh,2016-09-19,REG/2016/100070,,,SD/2016/50070,,,CH,,,,270/1,,,,,,Block 3,,,,,,2021
PROPERTY,,,"81, Model Town Main Road",Near Model Town Market,,SQM,,,,,,,,Tower B,2508.55,,,,,,,,Ludhiana,UNDER_CONSTRUCTION,,IN,,,,,,,,,,,Ludhiana,,,,,,171,12,,,,Opposite Model Town Bus Stand,3660.25,,30.902000,Model Town,75.858300,,,,,ABC-COL-0071,PID-PB-2021-88071,,26,,UNDER_CONSTRUCTION,,,,,,,141001,,,,,L&T Raintree Boulevard,4,4 BHK apartment in RERA registered project,APARTMENT,PT-PB-9900071,RESIDENTIAL,PROPERTY,,Sub-Registrar Model Town Ludhiana,2018-11-19,REG/2018/100071,,,SD/2018/50071,,,PB,,,,,,,,,,Block 4,,,,,,2022
PROPERTY,,,"82, Boring Road Main Road",,,SQM,,,,,,,,Tower C,1863.12,,,,,,,,Patna,COMPLETED,,IN,,,,,,,,,,,Patna,,,,,,172,13,,,,,2951.68,,25.596100,Boring Road,85.139600,,,,,ABC-COL-0072,PID-BR-2022-88072,,27,,SELF_OCCUPIED,,,,,,,800001,,,,,,21,Commercial office unit in business district,OFFICE,PT-BR-9900072,COMMERCIAL,PROPERTY,,Sub-Registrar Boring Road Patna,2018-12-15,REG/2018/100072,,,SD/2018/50072,,,BR,,,,,,,,,,,,,,,,2005
PROPERTY,,,"83, Main Road Main Road",Near Main Road Market,,SQM,,,,,,,,Tower D,1244.43,,,,,,,,Ranchi,COMPLETED,,IN,,,,,,,,,,,Ranchi,,,,,,173,14,,,,Opposite Main Road Bus Stand,200.33,,23.347100,Main Road,85.312600,,,,,ABC-COL-0073,PID-JH-2023-88073,,28,,RENTED,,,,,,,834001,,,,,DLF Camellias,20,3 BHK apartment in RERA registered project,APARTMENT,PT-JH-9900073,RESIDENTIAL,PROPERTY,,Sub-Registrar Main Road Ranchi,2020-01-03,REG/2020/100073,,,SD/2020/50073,,,JH,,,,,,,,,,Block 2,,,,,,2006
PROPERTY,,,"84, Saheed Nagar Main Road",Near Saheed Nagar Market,,SQM,,,,,,,,Tower E,1589.4,,,,,,,,Bhubaneswar,UNDER_CONSTRUCTION,,IN,,,,,,,,,,,Khordha,,,,,,174,15,,,,,2492.51,,20.300100,Saheed Nagar,85.828500,,,,,ABC-COL-0074,PID-OD-2024-88074,,29,,VACANT,,,,,,,751001,,,,,Godrej Platinum,19,4 BHK apartment in RERA registered project,APARTMENT,PT-OD-9900074,RESIDENTIAL,PROPERTY,,Sub-Registrar Saheed Nagar Bhubaneswar,2020-10-19,REG/2020/100074,,,SD/2020/50074,,,OD,,,,,,,,,,Block 3,,,,,,2007
PROPERTY,,,"85, Zoo Road Main Road",,,SQFT,,,,,,,,Tower A,2388.39,,,,,,,,Guwahati,COMPLETED,,IN,,,,,,,,,,,Kamrup Metropolitan,,,,,,175,16,,,,Opposite Zoo Road Bus Stand,4071.96,,26.149500,Zoo Road,91.741200,,,,,ABC-COL-0075,PID-AS-2020-88075,,5,,RENTED,,,,,,,781005,,,,,Lodha Palava,18,2 BHK apartment in RERA registered project,APARTMENT,PT-AS-9900075,RESIDENTIAL,PROPERTY,,Sub-Registrar Zoo Road Guwahati,2022-05-19,REG/2022/100075,,,SD/2022/50075,,,AS,,,,275/1,,,,,,Block 4,,,,,,2008
OWNERSHIP,,,,,,,,,,,,,,,,,,,,,,,,,,,,,,,,,,,,,,,,,,,,,,,,,,,,,,,,,,ABC-COL-0001,,,,,,100.00,PRIMARY_OWNER,Priya Iyer,BJPJH1097F,1,INDIVIDUAL,,,,,,,,,,,,OWNERSHIP,,,,,,,,,,,,,,,,,2018-07-19,SALE_DEED,,,,,,,,
OWNERSHIP,,,,,,,,,,,,,,,,,,,,,,,,,,,,,,,,,,,,,,,,,,,,,,,,,,,,,,,,,,ABC-COL-0002,,,,,,100.00,PRIMARY_OWNER,Amit Kumar,CSDTQ1194M,1,INDIVIDUAL,,,,,,,,,,,,OWNERSHIP,,,,,,,,,,,,,,,,,2019-06-28,GIFT_DEED,,,,,,,,
OWNERSHIP,,,,,,,,,,,,,,,,,,,,,,,,,,,,,,,,,,,,,,,,,,,,,,,,,,,,,,,,,,ABC-COL-0003,,,,,,100.00,PRIMARY_OWNER,Sneha Desai,DBTCY1291T,1,INDIVIDUAL,,,,,,,,,,,,OWNERSHIP,,,,,,,,,,,,,,,,,2019-03-09,AGREEMENT_TO_SELL,,,,,,,,
OWNERSHIP,,,,,,,,,,,,,,,,,,,,,,,,,,,,,,,,,,,,,,,,,,,,,,,,,,,,,,,,,,ABC-COL-0004,,,,,,100.00,PRIMARY_OWNER,Vikram Joshi,EKHMF1388Y,1,INDIVIDUAL,,,,,,,,,,,,OWNERSHIP,,,,,,,,,,,,,,,,,2022-02-06,SALE_DEED,,,,,,,,
OWNERSHIP,,,,,,,,,,,,,,,,,,,,,,,,,,,,,,,,,,,,,,,,,,,,,,,,,,,,,,,,,,ABC-COL-0005,,,,,,100.00,PRIMARY_OWNER,Anita Kulkarni,FTXWP1485E,1,INDIVIDUAL,,,,,,,,,,,,OWNERSHIP,,,,,,,,,,,,,,,,,2022-11-13,ALLOTMENT_LETTER,,,,,,,,
OWNERSHIP,,,,,,,,,,,,,,,,,,,,,,,,,,,,,,,,,,,,,,,,,,,,,,,,,,,,,,,,,,ABC-COL-0006,,,,,,100.00,PRIMARY_OWNER,Suresh Das,GCMEW1582L,1,INDIVIDUAL,,,,,,,,,,,,OWNERSHIP,,,,,,,,,,,,,,,,,2023-10-09,ALLOTMENT_LETTER,,,,,,,,
OWNERSHIP,,,,,,,,,,,,,,,,,,,,,,,,,,,,,,,,,,,,,,,,,,,,,,,,,,,,,,,,,,ABC-COL-0007,,,,,,70.00,PRIMARY_OWNER,Kavita Malhotra,HLBPE1679R,1,INDIVIDUAL,,,,,,,,,,,,OWNERSHIP,,,,,,,,,,,,,,,,,2018-03-27,SALE_DEED,,,,,,,,
OWNERSHIP,,,,,,,,,,,,,,,,,,,,,,,,,,,,,,,,,,,,,,,,,,,,,,,,,,,,,,,,,,ABC-COL-0007,,,,,,30.00,CO_OWNER,Sanjay Verma,FTMMY1917F,2,INDIVIDUAL,,,,,,,,,,,,OWNERSHIP,,,,,,,,,,,,,,,,,2018-03-27,SALE_DEED,,,,,,,,
OWNERSHIP,,,,,,,,,,,,,,,,,,,,,,,,,,,,,,,,,,,,,,,,,,,,,,,,,,,,,,,,,,ABC-COL-0008,,,,,,100.00,PRIMARY_OWNER,Rahul Saxena,JUQYM1776X,1,INDIVIDUAL,,,,,,,,,,,,OWNERSHIP,,,,,,,,,,,,,,,,,2018-07-06,GIFT_DEED,,,,,,,,
OWNERSHIP,,,,,,,,,,,,,,,,,,,,,,,,,,,,,,,,,,,,,,,,,,,,,,,,,,,,,,,,,,ABC-COL-0009,,,,,,100.00,PRIMARY_OWNER,Deepa Hegde,KDEHV1873D,1,INDIVIDUAL,,,,,,,,,,,,OWNERSHIP,,,,,,,,,,,,,,,,,2019-10-10,ALLOTMENT_LETTER,,,,,,,,
OWNERSHIP,,,,,,,,,,,,,,,,,,,,,,,,,,,,,,,,,,,,,,,,,,,,,,,,,,,,,,,,,,ABC-COL-0010,,,,,,100.00,PRIMARY_OWNER,Arun Sharma,LMUSC1970K,1,INDIVIDUAL,,,,,,,,,,,,OWNERSHIP,,,,,,,,,,,,,,,,,2020-01-21,ALLOTMENT_LETTER,,,,,,,,
OWNERSHIP,,,,,,,,,,,,,,,,,,,,,,,,,,,,,,,,,,,,,,,,,,,,,,,,,,,,,,,,,,ABC-COL-0011,,,,,,100.00,PRIMARY_OWNER,Meera Iyer,MVJBL2067Q,1,INDIVIDUAL,,,,,,,,,,,,OWNERSHIP,,,,,,,,,,,,,,,,,2021-03-04,AGREEMENT_TO_SELL,,,,,,,,
OWNERSHIP,,,,,,,,,,,,,,,,,,,,,,,,,,,,,,,,,,,,,,,,,,,,,,,,,,,,,,,,,,ABC-COL-0012,,,,,,100.00,PRIMARY_OWNER,Sanjay Kumar,NEYKT2164W,1,INDIVIDUAL,,,,,,,,,,,,OWNERSHIP,,,,,,,,,,,,,,,,,2021-04-29,AGREEMENT_TO_SELL,,,,,,,,
OWNERSHIP,,,,,,,,,,,,,,,,,,,,,,,,,,,,,,,,,,,,,,,,,,,,,,,,,,,,,,,,,,ABC-COL-0013,,,,,,100.00,PRIMARY_OWNER,Pooja Desai,PNNUB2261C,1,INDIVIDUAL,,,,,,,,,,,,OWNERSHIP,,,,,,,,,,,,,,,,,2022-09-03,GIFT_DEED,,,,,,,,
OWNERSHIP,,,,,,,,,,,,,,,,,,,,,,,,,,,,,,,,,,,,,,,,,,,,,,,,,,,,,,,,,,ABC-COL-0014,,,,,,70.00,PRIMARY_OWNER,Karthik Joshi,QWCDJ2358H,1,INDIVIDUAL,,,,,,,,,,,,OWNERSHIP,,,,,,,,,,,,,,,,,2017-05-23,ALLOTMENT_LETTER,,,,,,,,
OWNERSHIP,,,,,,,,,,,,,,,,,,,,,,,,,,,,,,,,,,,,,,,,,,,,,,,,,,,,,,,,,,ABC-COL-0014,,,,,,30.00,CO_OWNER,Neha Malhotra,LMYYX2834M,2,INDIVIDUAL,,,,,,,,,,,,OWNERSHIP,,,,,,,,,,,,,,,,,2017-05-23,SALE_DEED,,,,,,,,
OWNERSHIP,,,,,,,,,,,,,,,,,,,,,,,,,,,,,,,,,,,,,,,,,,,,,,,,,,,,,,,,,,ABC-COL-0015,,,,,,100.00,PRIMARY_OWNER,Lakshmi Kulkarni,RFRNR2455P,1,INDIVIDUAL,,,,,,,,,,,,OWNERSHIP,,,,,,,,,,,,,,,,,2018-08-03,SALE_DEED,,,,,,,,
OWNERSHIP,,,,,,,,,,,,,,,,,,,,,,,,,,,,,,,,,,,,,,,,,,,,,,,,,,,,,,,,,,ABC-COL-0016,,,,,,100.00,PRIMARY_OWNER,Manoj Das,SPFXZ2552V,1,INDIVIDUAL,,,,,,,,,,,,OWNERSHIP,,,,,,,,,,,,,,,,,2019-11-10,AGREEMENT_TO_SELL,,,,,,,,
OWNERSHIP,,,,,,,,,,,,,,,,,,,,,,,,,,,,,,,,,,,,,,,,,,,,,,,,,,,,,,,,,,ABC-COL-0017,,,,,,100.00,PRIMARY_OWNER,Divya Malhotra,AABCM9012N,1,PARTNERSHIP,,,,,,,,,,,,OWNERSHIP,,,,,,,,,,,,,,,,,2020-10-04,ALLOTMENT_LETTER,,,,,,,,
OWNERSHIP,,,,,,,,,,,,,,,,,,,,,,,,,,,,,,,,,,,,,,,,,,,,,,,,,,,,,,,,,,ABC-COL-0018,,,,,,100.00,PRIMARY_OWNER,Ravi Saxena,UGKQQ2746G,1,INDIVIDUAL,,,,,,,,,,,,OWNERSHIP,,,,,,,,,,,,,,,,,2020-11-28,AGREEMENT_TO_SELL,,,,,,,,
OWNERSHIP,,,,,,,,,,,,,,,,,,,,,,,,,,,,,,,,,,,,,,,,,,,,,,,,,,,,,,,,,,ABC-COL-0019,,,,,,100.00,PRIMARY_OWNER,Neha Hegde,VQZZX2843N,1,INDIVIDUAL,,,,,,,,,,,,OWNERSHIP,,,,,,,,,,,,,,,,,2021-08-08,GIFT_DEED,,,,,,,,
OWNERSHIP,,,,,,,,,,,,,,,,,,,,,,,,,,,,,,,,,,,,,,,,,,,,,,,,,,,,,,,,,,ABC-COL-0020,,,,,,100.00,PRIMARY_OWNER,Ashok Sharma,WYPJF2940U,1,INDIVIDUAL,,,,,,,,,,,,OWNERSHIP,,,,,,,,,,,,,,,,,2024-05-30,AGREEMENT_TO_SELL,,,,,,,,
OWNERSHIP,,,,,,,,,,,,,,,,,,,,,,,,,,,,,,,,,,,,,,,,,,,,,,,,,,,,,,,,,,ABC-COL-0021,,,,,,70.00,PRIMARY_OWNER,Sunita Iyer,XHDTN3037Z,1,INDIVIDUAL,,,,,,,,,,,,OWNERSHIP,,,,,,,,,,,,,,,,,2018-04-21,GIFT_DEED,,,,,,,,
OWNERSHIP,,,,,,,,,,,,,,,,,,,,,,,,,,,,,,,,,,,,,,,,,,,,,,,,,,,,,,,,,,ABC-COL-0021,,,,,,30.00,CO_OWNER,Pradeep Shetty,RFKLV3751T,2,INDIVIDUAL,,,,,,,,,,,,OWNERSHIP,,,,,,,,,,,,,,,,,2018-04-21,SALE_DEED,,,,,,,,
OWNERSHIP,,,,,,,,,,,,,,,,,,,,,,,,,,,,,,,,,,,,,,,,,,,,,,,,,,,,,,,,,,ABC-COL-0022,,,,,,100.00,PRIMARY_OWNER,Gopal Kumar,YRSCW3134F,1,INDIVIDUAL,,,,,,,,,,,,OWNERSHIP,,,,,,,,,,,,,,,,,2019-02-19,AGREEMENT_TO_SELL,,,,,,,,
OWNERSHIP,,,,,,,,,,,,,,,,,,,,,,,,,,,,,,,,,,,,,,,,,,,,,,,,,,,,,,,,,,ABC-COL-0023,,,,,,100.00,PRIMARY_OWNER,Rekha Desai,ZZGLD3231M,1,INDIVIDUAL,,,,,,,,,,,,OWNERSHIP,,,,,,,,,,,,,,,,,2019-11-19,GIFT_DEED,,,,,,,,
OWNERSHIP,,,,,,,,,,,,,,,,,,,,,,,,,,,,,,,,,,,,,,,,,,,,,,,,,,,,,,,,,,ABC-COL-0024,,,,,,100.00,PRIMARY_OWNER,Harish Joshi,AJWVM3328S,1,INDIVIDUAL,,,,,,,,,,,,OWNERSHIP,,,,,,,,,,,,,,,,,2019-11-06,ALLOTMENT_LETTER,,,,,,,,
OWNERSHIP,,,,,,,,,,,,,,,,,,,,,,,,,,,,,,,,,,,,,,,,,,,,,,,,,,,,,,,,,,ABC-COL-0025,,,,,,100.00,PRIMARY_OWNER,Anjali Kulkarni,BSLEU3425Y,1,INDIVIDUAL,,,,,,,,,,,,OWNERSHIP,,,,,,,,,,,,,,,,,2020-11-30,SALE_DEED,,,,,,,,
OWNERSHIP,,,,,,,,,,,,,,,,,,,,,,,,,,,,,,,,,,,,,,,,,,,,,,,,,,,,,,,,,,ABC-COL-0026,,,,,,100.00,PRIMARY_OWNER,Pradeep Das,CAAPC3522E,1,INDIVIDUAL,,,,,,,,,,,,OWNERSHIP,,,,,,,,,,,,,,,,,2022-04-21,ALLOTMENT_LETTER,,,,,,,,
OWNERSHIP,,,,,,,,,,,,,,,,,,,,,,,,,,,,,,,,,,,,,,,,,,,,,,,,,,,,,,,,,,ABC-COL-0027,,,,,,100.00,PRIMARY_OWNER,Nisha Malhotra,DKQYK3619L,1,INDIVIDUAL,,,,,,,,,,,,OWNERSHIP,,,,,,,,,,,,,,,,,2023-01-07,GIFT_DEED,,,,,,,,
OWNERSHIP,,,,,,,,,,,,,,,,,,,,,,,,,,,,,,,,,,,,,,,,,,,,,,,,,,,,,,,,,,ABC-COL-0028,,,,,,70.00,PRIMARY_OWNER,Sunil Saxena,ETEGS3716R,1,INDIVIDUAL,,,,,,,,,,,,OWNERSHIP,,,,,,,,,,,,,,,,,2018-02-15,ALLOTMENT_LETTER,,,,,,,,
OWNERSHIP,,,,,,,,,,,,,,,,,,,,,,,,,,,,,,,,,,,,,,,,,,,,,,,,,,,,,,,,,,ABC-COL-0028,,,,,,30.00,CO_OWNER,Sneha Singh,WYWXU4668Z,2,INDIVIDUAL,,,,,,,,,,,,OWNERSHIP,,,,,,,,,,,,,,,,,2018-02-15,SALE_DEED,,,,,,,,
OWNERSHIP,,,,,,,,,,,,,,,,,,,,,,,,,,,,,,,,,,,,,,,,,,,,,,,,,,,,,,,,,,ABC-COL-0029,,,,,,100.00,PRIMARY_OWNER,Geeta Hegde,FBTRA3813X,1,INDIVIDUAL,,,,,,,,,,,,OWNERSHIP,,,,,,,,,,,,,,,,,2017-06-07,ALLOTMENT_LETTER,,,,,,,,
OWNERSHIP,,,,,,,,,,,,,,,,,,,,,,,,,,,,,,,,,,,,,,,,,,,,,,,,,,,,,,,,,,ABC-COL-0030,,,,,,100.00,PRIMARY_OWNER,Rajesh Sharma,GLHAH3910D,1,INDIVIDUAL,,,,,,,,,,,,OWNERSHIP,,,,,,,,,,,,,,,,,2019-08-21,AGREEMENT_TO_SELL,,,,,,,,
OWNERSHIP,,,,,,,,,,,,,,,,,,,,,,,,,,,,,,,,,,,,,,,,,,,,,,,,,,,,,,,,,,ABC-COL-0031,,,,,,100.00,PRIMARY_OWNER,Priya Iyer,HUXKR4007J,1,INDIVIDUAL,,,,,,,,,,,,OWNERSHIP,,,,,,,,,,,,,,,,,2019-11-26,AGREEMENT_TO_SELL,,,,,,,,
OWNERSHIP,,,,,,,,,,,,,,,,,,,,,,,,,,,,,,,,,,,,,,,,,,,,,,,,,,,,,,,,,,ABC-COL-0032,,,,,,100.00,PRIMARY_OWNER,Amit Kumar,JCMUY4104Q,1,INDIVIDUAL,,,,,,,,,,,,OWNERSHIP,,,,,,,,,,,,,,,,,2022-03-10,ALLOTMENT_LETTER,,,,,,,,
OWNERSHIP,,,,,,,,,,,,,,,,,,,,,,,,,,,,,,,,,,,,,,,,,,,,,,,,,,,,,,,,,,ABC-COL-0033,,,,,,100.00,PRIMARY_OWNER,Sneha Desai,KMBDG4201W,1,INDIVIDUAL,,,,,,,,,,,,OWNERSHIP,,,,,,,,,,,,,,,,,2023-05-20,AGREEMENT_TO_SELL,,,,,,,,
OWNERSHIP,,,,,,,,,,,,,,,,,,,,,,,,,,,,,,,,,,,,,,,,,,,,,,,,,,,,,,,,,,ABC-COL-0034,,,,,,100.00,PRIMARY_OWNER,Vikram Joshi,AABCC7890Q,1,LLP,,,,,,,,,,,,OWNERSHIP,,,,,,,,,,,,,,,,,2023-03-11,ALLOTMENT_LETTER,,,,,,,,
OWNERSHIP,,,,,,,,,,,,,,,,,,,,,,,,,,,,,,,,,,,,,,,,,,,,,,,,,,,,,,,,,,ABC-COL-0035,,,,,,70.00,PRIMARY_OWNER,Anita Kulkarni,MDFWX4395H,1,INDIVIDUAL,,,,,,,,,,,,OWNERSHIP,,,,,,,,,,,,,,,,,2016-10-08,SALE_DEED,,,,,,,,
OWNERSHIP,,,,,,,,,,,,,,,,,,,,,,,,,,,,,,,,,,,,,,,,,,,,,,,,,,,,,,,,,,ABC-COL-0035,,,,,,30.00,CO_OWNER,Arun Joshi,BSHJS5585F,2,INDIVIDUAL,,,,,,,,,,,,OWNERSHIP,,,,,,,,,,,,,,,,,2016-10-08,SALE_DEED,,,,,,,,
OWNERSHIP,,,,,,,,,,,,,,,,,,,,,,,,,,,,,,,,,,,,,,,,,,,,,,,,,,,,,,,,,,ABC-COL-0036,,,,,,100.00,PRIMARY_OWNER,Suresh Das,NNUFE4492P,1,INDIVIDUAL,,,,,,,,,,,,OWNERSHIP,,,,,,,,,,,,,,,,,2018-07-19,ALLOTMENT_LETTER,,,,,,,,
OWNERSHIP,,,,,,,,,,,,,,,,,,,,,,,,,,,,,,,,,,,,,,,,,,,,,,,,,,,,,,,,,,ABC-COL-0037,,,,,,100.00,PRIMARY_OWNER,Kavita Malhotra,PWJQN4589V,1,INDIVIDUAL,,,,,,,,,,,,OWNERSHIP,,,,,,,,,,,,,,,,,2019-04-20,ALLOTMENT_LETTER,,,,,,,,
OWNERSHIP,,,,,,,,,,,,,,,,,,,,,,,,,,,,,,,,,,,,,,,,,,,,,,,,,,,,,,,,,,ABC-COL-0038,,,,,,100.00,PRIMARY_OWNER,Rahul Saxena,QEYZV4686A,1,INDIVIDUAL,,,,,,,,,,,,OWNERSHIP,,,,,,,,,,,,,,,,,2020-07-28,SALE_DEED,,,,,,,,
OWNERSHIP,,,,,,,,,,,,,,,,,,,,,,,,,,,,,,,,,,,,,,,,,,,,,,,,,,,,,,,,,,ABC-COL-0039,,,,,,100.00,PRIMARY_OWNER,Deepa Hegde,RPNHD4783G,1,INDIVIDUAL,,,,,,,,,,,,OWNERSHIP,,,,,,,,,,,,,,,,,2021-10-28,GIFT_DEED,,,,,,,,
OWNERSHIP,,,,,,,,,,,,,,,,,,,,,,,,,,,,,,,,,,,,,,,,,,,,,,,,,,,,,,,,,,ABC-COL-0040,,,,,,100.00,PRIMARY_OWNER,Arun Sharma,SXCSL4880N,1,INDIVIDUAL,,,,,,,,,,,,OWNERSHIP,,,,,,,,,,,,,,,,,2022-09-24,AGREEMENT_TO_SELL,,,,,,,,
OWNERSHIP,,,,,,,,,,,,,,,,,,,,,,,,,,,,,,,,,,,,,,,,,,,,,,,,,,,,,,,,,,ABC-COL-0041,,,,,,100.00,PRIMARY_OWNER,Meera Iyer,TFSBT4977T,1,INDIVIDUAL,,,,,,,,,,,,OWNERSHIP,,,,,,,,,,,,,,,,,2022-06-13,AGREEMENT_TO_SELL,,,,,,,,
OWNERSHIP,,,,,,,,,,,,,,,,,,,,,,,,,,,,,,,,,,,,,,,,,,,,,,,,,,,,,,,,,,ABC-COL-0042,,,,,,70.00,PRIMARY_OWNER,Sanjay Kumar,UQGLB5074Z,1,INDIVIDUAL,,,,,,,,,,,,OWNERSHIP,,,,,,,,,,,,,,,,,2018-05-26,ALLOTMENT_LETTER,,,,,,,,
OWNERSHIP,,,,,,,,,,,,,,,,,,,,,,,,,,,,,,,,,,,,,,,,,,,,,,,,,,,,,,,,,,ABC-COL-0042,,,,,,30.00,CO_OWNER,Divya Mishra,GLUWR6502M,2,INDIVIDUAL,,,,,,,,,,,,OWNERSHIP,,,,,,,,,,,,,,,,,2018-05-26,SALE_DEED,,,,,,,,
OWNERSHIP,,,,,,,,,,,,,,,,,,,,,,,,,,,,,,,,,,,,,,,,,,,,,,,,,,,,,,,,,,ABC-COL-0043,,,,,,100.00,PRIMARY_OWNER,Pooja Desai,VYVVJ5171F,1,INDIVIDUAL,,,,,,,,,,,,OWNERSHIP,,,,,,,,,,,,,,,,,2018-04-18,AGREEMENT_TO_SELL,,,,,,,,
OWNERSHIP,,,,,,,,,,,,,,,,,,,,,,,,,,,,,,,,,,,,,,,,,,,,,,,,,,,,,,,,,,ABC-COL-0044,,,,,,100.00,PRIMARY_OWNER,Karthik Joshi,WGKES5268M,1,INDIVIDUAL,,,,,,,,,,,,OWNERSHIP,,,,,,,,,,,,,,,,,2018-10-03,AGREEMENT_TO_SELL,,,,,,,,
OWNERSHIP,,,,,,,,,,,,,,,,,,,,,,,,,,,,,,,,,,,,,,,,,,,,,,,,,,,,,,,,,,ABC-COL-0045,,,,,,100.00,PRIMARY_OWNER,Lakshmi Kulkarni,XRZNZ5365S,1,INDIVIDUAL,,,,,,,,,,,,OWNERSHIP,,,,,,,,,,,,,,,,,2020-03-28,AGREEMENT_TO_SELL,,,,,,,,
OWNERSHIP,,,,,,,,,,,,,,,,,,,,,,,,,,,,,,,,,,,,,,,,,,,,,,,,,,,,,,,,,,ABC-COL-0046,,,,,,100.00,PRIMARY_OWNER,Manoj Das,YZPXH5462Y,1,INDIVIDUAL,,,,,,,,,,,,OWNERSHIP,,,,,,,,,,,,,,,,,2021-08-18,GIFT_DEED,,,,,,,,
OWNERSHIP,,,,,,,,,,,,,,,,,,,,,,,,,,,,,,,,,,,,,,,,,,,,,,,,,,,,,,,,,,ABC-COL-0047,,,,,,100.00,PRIMARY_OWNER,Divya Malhotra,ZHDGQ5559E,1,INDIVIDUAL,,,,,,,,,,,,OWNERSHIP,,,,,,,,,,,,,,,,,2022-09-08,GIFT_DEED,,,,,,,,
OWNERSHIP,,,,,,,,,,,,,,,,,,,,,,,,,,,,,,,,,,,,,,,,,,,,,,,,,,,,,,,,,,ABC-COL-0048,,,,,,100.00,PRIMARY_OWNER,Ravi Saxena,ASTRY5656K,1,INDIVIDUAL,,,,,,,,,,,,OWNERSHIP,,,,,,,,,,,,,,,,,2023-01-18,AGREEMENT_TO_SELL,,,,,,,,
OWNERSHIP,,,,,,,,,,,,,,,,,,,,,,,,,,,,,,,,,,,,,,,,,,,,,,,,,,,,,,,,,,ABC-COL-0049,,,,,,70.00,PRIMARY_OWNER,Neha Hegde,BAHAF5753R,1,INDIVIDUAL,,,,,,,,,,,,OWNERSHIP,,,,,,,,,,,,,,,,,2017-05-07,SALE_DEED,,,,,,,,
OWNERSHIP,,,,,,,,,,,,,,,,,,,,,,,,,,,,,,,,,,,,,,,,,,,,,,,,,,,,,,,,,,ABC-COL-0049,,,,,,30.00,CO_OWNER,Harish Tripathi,MDFHP7419T,2,INDIVIDUAL,,,,,,,,,,,,OWNERSHIP,,,,,,,,,,,,,,,,,2017-05-07,SALE_DEED,,,,,,,,
OWNERSHIP,,,,,,,,,,,,,,,,,,,,,,,,,,,,,,,,,,,,,,,,,,,,,,,,,,,,,,,,,,ABC-COL-0050,,,,,,100.00,PRIMARY_OWNER,Ashok Sharma,CJWJP5850X,1,INDIVIDUAL,,,,,,,,,,,,OWNERSHIP,,,,,,,,,,,,,,,,,2017-06-16,GIFT_DEED,,,,,,,,
OWNERSHIP,,,,,,,,,,,,,,,,,,,,,,,,,,,,,,,,,,,,,,,,,,,,,,,,,,,,,,,,,,ABC-COL-0051,,,,,,100.00,PRIMARY_OWNER,Sunita Iyer,AABCG5678M,1,PRIVATE_LIMITED,,,,,,,,,,,,OWNERSHIP,,,,,,,,,,,,,,,,,2018-02-26,AGREEMENT_TO_SELL,,,,,,,,
OWNERSHIP,,,,,,,,,,,,,,,,,,,,,,,,,,,,,,,,,,,,,,,,,,,,,,,,,,,,,,,,,,ABC-COL-0052,,,,,,100.00,PRIMARY_OWNER,Gopal Kumar,EBACE6044J,1,INDIVIDUAL,,,,,,,,,,,,OWNERSHIP,,,,,,,,,,,,,,,,,2020-06-25,ALLOTMENT_LETTER,,,,,,,,
OWNERSHIP,,,,,,,,,,,,,,,,,,,,,,,,,,,,,,,,,,,,,,,,,,,,,,,,,,,,,,,,,,ABC-COL-0053,,,,,,100.00,PRIMARY_OWNER,Rekha Desai,FKQMM6141Q,1,INDIVIDUAL,,,,,,,,,,,,OWNERSHIP,,,,,,,,,,,,,,,,,2021-07-28,ALLOTMENT_LETTER,,,,,,,,
OWNERSHIP,,,,,,,,,,,,,,,,,,,,,,,,,,,,,,,,,,,,,,,,,,,,,,,,,,,,,,,,,,ABC-COL-0054,,,,,,100.00,PRIMARY_OWNER,Harish Joshi,GUEWU6238W,1,INDIVIDUAL,,,,,,,,,,,,OWNERSHIP,,,,,,,,,,,,,,,,,2023-02-07,SALE_DEED,,,,,,,,
OWNERSHIP,,,,,,,,,,,,,,,,,,,,,,,,,,,,,,,,,,,,,,,,,,,,,,,,,,,,,,,,,,ABC-COL-0055,,,,,,100.00,PRIMARY_OWNER,Anjali Kulkarni,HCUFC6335B,1,INDIVIDUAL,,,,,,,,,,,,OWNERSHIP,,,,,,,,,,,,,,,,,2022-08-29,ALLOTMENT_LETTER,,,,,,,,
OWNERSHIP,,,,,,,,,,,,,,,,,,,,,,,,,,,,,,,,,,,,,,,,,,,,,,,,,,,,,,,,,,ABC-COL-0056,,,,,,70.00,PRIMARY_OWNER,Pradeep Das,JLJPK6432H,1,INDIVIDUAL,,,,,,,,,,,,OWNERSHIP,,,,,,,,,,,,,,,,,2018-06-25,ALLOTMENT_LETTER,,,,,,,,
OWNERSHIP,,,,,,,,,,,,,,,,,,,,,,,,,,,,,,,,,,,,,,,,,,,,,,,,,,,,,,,,,,ABC-COL-0056,,,,,,30.00,CO_OWNER,Priya Iyer,SXSUN8336Z,2,INDIVIDUAL,,,,,,,,,,,,OWNERSHIP,,,,,,,,,,,,,,,,,2018-06-25,SALE_DEED,,,,,,,,
OWNERSHIP,,,,,,,,,,,,,,,,,,,,,,,,,,,,,,,,,,,,,,,,,,,,,,,,,,,,,,,,,,ABC-COL-0057,,,,,,100.00,PRIMARY_OWNER,Nisha Malhotra,KVXYT6529P,1,INDIVIDUAL,,,,,,,,,,,,OWNERSHIP,,,,,,,,,,,,,,,,,2018-05-28,SALE_DEED,,,,,,,,
OWNERSHIP,,,,,,,,,,,,,,,,,,,,,,,,,,,,,,,,,,,,,,,,,,,,,,,,,,,,,,,,,,ABC-COL-0058,,,,,,100.00,PRIMARY_OWNER,Sunil Saxena,LDMHA6626U,1,INDIVIDUAL,,,,,,,,,,,,OWNERSHIP,,,,,,,,,,,,,,,,,2019-08-05,GIFT_DEED,,,,,,,,
OWNERSHIP,,,,,,,,,,,,,,,,,,,,,,,,,,,,,,,,,,,,,,,,,,,,,,,,,,,,,,,,,,ABC-COL-0059,,,,,,100.00,PRIMARY_OWNER,Geeta Hegde,MMBSJ6723A,1,INDIVIDUAL,,,,,,,,,,,,OWNERSHIP,,,,,,,,,,,,,,,,,2021-10-14,AGREEMENT_TO_SELL,,,,,,,,
OWNERSHIP,,,,,,,,,,,,,,,,,,,,,,,,,,,,,,,,,,,,,,,,,,,,,,,,,,,,,,,,,,ABC-COL-0060,,,,,,100.00,PRIMARY_OWNER,Rajesh Sharma,NWRBR6820G,1,INDIVIDUAL,,,,,,,,,,,,OWNERSHIP,,,,,,,,,,,,,,,,,2021-08-01,AGREEMENT_TO_SELL,,,,,,,,
OWNERSHIP,,,,,,,,,,,,,,,,,,,,,,,,,,,,,,,,,,,,,,,,,,,,,,,,,,,,,,,,,,ABC-COL-0061,,,,,,100.00,PRIMARY_OWNER,Priya Iyer,PEFKZ6917N,1,INDIVIDUAL,,,,,,,,,,,,OWNERSHIP,,,,,,,,,,,,,,,,,2022-11-27,ALLOTMENT_LETTER,,,,,,,,
OWNERSHIP,,,,,,,,,,,,,,,,,,,,,,,,,,,,,,,,,,,,,,,,,,,,,,,,,,,,,,,,,,ABC-COL-0062,,,,,,100.00,PRIMARY_OWNER,Amit Kumar,QNVUG7014T,1,INDIVIDUAL,,,,,,,,,,,,OWNERSHIP,,,,,,,,,,,,,,,,,2023-10-11,ALLOTMENT_LETTER,,,,,,,,
OWNERSHIP,,,,,,,,,,,,,,,,,,,,,,,,,,,,,,,,,,,,,,,,,,,,,,,,,,,,,,,,,,ABC-COL-0063,,,,,,70.00,PRIMARY_OWNER,Sneha Desai,RXKDQ7111Z,1,INDIVIDUAL,,,,,,,,,,,,OWNERSHIP,,,,,,,,,,,,,,,,,2017-06-22,AGREEMENT_TO_SELL,,,,,,,,
OWNERSHIP,,,,,,,,,,,,,,,,,,,,,,,,,,,,,,,,,,,,,,,,,,,,,,,,,,,,,,,,,,ABC-COL-0063,,,,,,30.00,CO_OWNER,Rahul Rao,XRDGL9253F,2,INDIVIDUAL,,,,,,,,,,,,OWNERSHIP,,,,,,,,,,,,,,,,,2017-06-22,SALE_DEED,,,,,,,,
OWNERSHIP,,,,,,,,,,,,,,,,,,,,,,,,,,,,,,,,,,,,,,,,,,,,,,,,,,,,,,,,,,ABC-COL-0064,,,,,,100.00,PRIMARY_OWNER,Vikram Joshi,SFYNX7208F,1,INDIVIDUAL,,,,,,,,,,,,OWNERSHIP,,,,,,,,,,,,,,,,,2018-12-12,ALLOTMENT_LETTER,,,,,,,,
OWNERSHIP,,,,,,,,,,,,,,,,,,,,,,,,,,,,,,,,,,,,,,,,,,,,,,,,,,,,,,,,,,ABC-COL-0065,,,,,,100.00,PRIMARY_OWNER,Anita Kulkarni,TPNXF7305L,1,INDIVIDUAL,,,,,,,,,,,,OWNERSHIP,,,,,,,,,,,,,,,,,2020-04-05,GIFT_DEED,,,,,,,,
OWNERSHIP,,,,,,,,,,,,,,,,,,,,,,,,,,,,,,,,,,,,,,,,,,,,,,,,,,,,,,,,,,ABC-COL-0066,,,,,,100.00,PRIMARY_OWNER,Suresh Das,UYCGN7402S,1,INDIVIDUAL,,,,,,,,,,,,OWNERSHIP,,,,,,,,,,,,,,,,,2020-02-22,GIFT_DEED,,,,,,,,
OWNERSHIP,,,,,,,,,,,,,,,,,,,,,,,,,,,,,,,,,,,,,,,,,,,,,,,,,,,,,,,,,,ABC-COL-0067,,,,,,100.00,PRIMARY_OWNER,Kavita Malhotra,VGSQV7499Y,1,INDIVIDUAL,,,,,,,,,,,,OWNERSHIP,,,,,,,,,,,,,,,,,2020-12-29,SALE_DEED,,,,,,,,
OWNERSHIP,,,,,,,,,,,,,,,,,,,,,,,,,,,,,,,,,,,,,,,,,,,,,,,,,,,,,,,,,,ABC-COL-0068,,,,,,100.00,PRIMARY_OWNER,Rahul Saxena,AABCH3456P,1,PRIVATE_LIMITED,,,,,,,,,,,,OWNERSHIP,,,,,,,,,,,,,,,,,2022-06-13,AGREEMENT_TO_SELL,,,,,,,,
OWNERSHIP,,,,,,,,,,,,,,,,,,,,,,,,,,,,,,,,,,,,,,,,,,,,,,,,,,,,,,,,,,ABC-COL-0069,,,,,,100.00,PRIMARY_OWNER,Deepa Hegde,XZWJL7693K,1,INDIVIDUAL,,,,,,,,,,,,OWNERSHIP,,,,,,,,,,,,,,,,,2022-11-15,GIFT_DEED,,,,,,,,
OWNERSHIP,,,,,,,,,,,,,,,,,,,,,,,,,,,,,,,,,,,,,,,,,,,,,,,,,,,,,,,,,,ABC-COL-0070,,,,,,70.00,PRIMARY_OWNER,Arun Sharma,YHLTU7790R,1,INDIVIDUAL,,,,,,,,,,,,OWNERSHIP,,,,,,,,,,,,,,,,,2016-09-19,SALE_DEED,,,,,,,,
OWNERSHIP,,,,,,,,,,,,,,,,,,,,,,,,,,,,,,,,,,,,,,,,,,,,,,,,,,,,,,,,,,ABC-COL-0070,,,,,,30.00,CO_OWNER,Lakshmi Banerjee,CJQTK1171M,2,INDIVIDUAL,,,,,,,,,,,,OWNERSHIP,,,,,,,,,,,,,,,,,2016-09-19,SALE_DEED,,,,,,,,
OWNERSHIP,,,,,,,,,,,,,,,,,,,,,,,,,,,,,,,,,,,,,,,,,,,,,,,,,,,,,,,,,,ABC-COL-0071,,,,,,100.00,PRIMARY_OWNER,Meera Iyer,ZRZCB7887X,1,INDIVIDUAL,,,,,,,,,,,,OWNERSHIP,,,,,,,,,,,,,,,,,2018-11-19,SALE_DEED,,,,,,,,
OWNERSHIP,,,,,,,,,,,,,,,,,,,,,,,,,,,,,,,,,,,,,,,,,,,,,,,,,,,,,,,,,,ABC-COL-0072,,,,,,100.00,PRIMARY_OWNER,Sanjay Kumar,AAPLK7984C,1,INDIVIDUAL,,,,,,,,,,,,OWNERSHIP,,,,,,,,,,,,,,,,,2018-12-15,AGREEMENT_TO_SELL,,,,,,,,
OWNERSHIP,,,,,,,,,,,,,,,,,,,,,,,,,,,,,,,,,,,,,,,,,,,,,,,,,,,,,,,,,,ABC-COL-0073,,,,,,100.00,PRIMARY_OWNER,Pooja Desai,BJDVS8081J,1,INDIVIDUAL,,,,,,,,,,,,OWNERSHIP,,,,,,,,,,,,,,,,,2020-01-03,GIFT_DEED,,,,,,,,
OWNERSHIP,,,,,,,,,,,,,,,,,,,,,,,,,,,,,,,,,,,,,,,,,,,,,,,,,,,,,,,,,,ABC-COL-0074,,,,,,100.00,PRIMARY_OWNER,Karthik Joshi,CSTEA8178Q,1,INDIVIDUAL,,,,,,,,,,,,OWNERSHIP,,,,,,,,,,,,,,,,,2020-10-19,SALE_DEED,,,,,,,,
OWNERSHIP,,,,,,,,,,,,,,,,,,,,,,,,,,,,,,,,,,,,,,,,,,,,,,,,,,,,,,,,,,ABC-COL-0075,,,,,,100.00,PRIMARY_OWNER,Lakshmi Kulkarni,DBHPH8275V,1,INDIVIDUAL,,,,,,,,,,,,OWNERSHIP,,,,,,,,,,,,,,,,,2022-05-19,ALLOTMENT_LETTER,,,,,,,,
BORROWER,,,,,,,1966-02-02,priya.iyer1@email.example.in,9700000001,Priya Iyer,BJPJH1097F,INDIVIDUAL,BR-MUM-002,,,,,,,,,,,,,,N,,,,,,,,,,,,,,,,,,,,,,,,,,,ABC-CIF-100001,,,ABC-HL-0001,ABC-COL-0001,,,,,,,,,,,,,,,,,,,,,,,BORROWER,WEST-01,,,,,,,,,,,,,,,,,,,,,,,,,
BORROWER,,,,,,,1967-03-03,amit.kumar2@email.example.in,9700000002,Amit Kumar,CSDTQ1194M,INDIVIDUAL,BR-MUM-003,,,,,,,,,,,,,,N,,,,,,,,,,,,,,,,,,,,,,,,,,,ABC-CIF-100002,,,ABC-HL-0002,ABC-COL-0002,,,,,,,,,,,,,,,,,,,,,,,BORROWER,WEST-01,,,,,,,,,,,,,,,,,,,,,,,,,
BORROWER,,,,,,,1968-04-04,sneha.desai3@email.example.in,9700000003,Sneha Desai,DBTCY1291T,INDIVIDUAL,BR-PUN-004,,,,,,,,,,,,,,N,,,,,,,,,,,,,,,,,,,,,,,,,,,ABC-CIF-100003,,,ABC-HL-0003,ABC-COL-0003,,,,,,,,,,,,,,,,,,,,,,,BORROWER,WEST-01,,,,,,,,,,,,,,,,,,,,,,,,,
BORROWER,,,,,,,1969-05-05,vikram.joshi4@email.example.in,9700000004,Vikram Joshi,EKHMF1388Y,INDIVIDUAL,BR-THA-005,,,,,,,,,,,,,,N,,,,,,,,,,,,,,,,,,,,,,,,,,,ABC-CIF-100004,,,ABC-HL-0004,ABC-COL-0004,,,,,,,,,,,,,,,,,,,,,,,BORROWER,WEST-01,,,,,,,,,,,,,,,,,,,,,,,,,
BORROWER,,,,,,,1970-06-06,anita.kulkarni5@email.example.in,9700000005,Anita Kulkarni,FTXWP1485E,INDIVIDUAL,BR-NGP-006,,,,,,,,,,,,,,Y,,,,,,,,,,,,,,,,,,,,,,,,,,,ABC-CIF-100005,,,ABC-HL-0005,ABC-COL-0005,,,,,,,,,,,,,,,,,,,,,,,BORROWER,WEST-02,,,,,,,,,,,,,,,,,,,,,,,,,
BORROWER,,,,,,,1971-07-07,suresh.das6@email.example.in,9700000006,Suresh Das,GCMEW1582L,INDIVIDUAL,BR-BLR-007,,,,,,,,,,,,,,N,,,,,,,,,,,,,,,,,,,,,,,,,,,ABC-CIF-100006,,,ABC-HL-0006,ABC-COL-0006,,,,,,,,,,,,,,,,,,,,,,,BORROWER,SOUTH-01,,,,,,,,,,,,,,,,,,,,,,,,,
BORROWER,,,,,,,1972-08-08,kavita.malhotra7@email.example.in,9700000007,Kavita Malhotra,HLBPE1679R,INDIVIDUAL,BR-BLR-008,,,,,,,,,,,,,,N,,,,,,,,,,,,,,,,,,,,,,,,,,,ABC-CIF-100007,,,ABC-HL-0007,ABC-COL-0007,,,,,,,,,,,,,,,,,,,,,,,BORROWER,SOUTH-01,,,,,,,,,,,,,,,,,,,,,,,,,
BORROWER,,,,,,,1973-09-09,rahul.saxena8@email.example.in,9700000008,Rahul Saxena,JUQYM1776X,INDIVIDUAL,BR-MYS-009,,,,,,,,,,,,,,N,,,,,,,,,,,,,,,,,,,,,,,,,,,ABC-CIF-100008,,,ABC-HL-0008,ABC-COL-0008,,,,,,,,,,,,,,,,,,,,,,,BORROWER,SOUTH-01,,,,,,,,,,,,,,,,,,,,,,,,,
BORROWER,,,,,,,1974-10-10,deepa.hegde9@email.example.in,9700000009,Deepa Hegde,KDEHV1873D,INDIVIDUAL,BR-MAA-010,,,,,,,,,,,,,,N,,,,,,,,,,,,,,,,,,,,,,,,,,,ABC-CIF-100009,,,ABC-HL-0009,ABC-COL-0009,,,,,,,,,,,,,,,,,,,,,,,BORROWER,SOUTH-02,,,,,,,,,,,,,,,,,,,,,,,,,
BORROWER,,,,,,,1975-11-11,arun.sharma10@email.example.in,9700000010,Arun Sharma,LMUSC1970K,INDIVIDUAL,BR-CJB-011,,,,,,,,,,,,,,Y,,,,,,,,,,,,,,,,,,,,,,,,,,,ABC-CIF-100010,,,ABC-HL-0010,ABC-COL-0010,,,,,,,,,,,,,,,,,,,,,,,BORROWER,SOUTH-02,,,,,,,,,,,,,,,,,,,,,,,,,
BORROWER,,,,,,,1976-12-12,meera.iyer11@email.example.in,9700000011,Meera Iyer,MVJBL2067Q,INDIVIDUAL,BR-HYD-012,,,,,,,,,,,,,,N,,,,,,,,,,,,,,,,,,,,,,,,,,,ABC-CIF-100011,,,ABC-HL-0011,ABC-COL-0011,,,,,,,,,,,,,,,,,,,,,,,BORROWER,SOUTH-03,,,,,,,,,,,,,,,,,,,,,,,,,
BORROWER,,,,,,,1977-01-13,sanjay.kumar12@email.example.in,9700000012,Sanjay Kumar,NEYKT2164W,INDIVIDUAL,BR-HYD-001,,,,,,,,,,,,,,N,,,,,,,,,,,,,,,,,,,,,,,,,,,ABC-CIF-100012,,,ABC-HL-0012,ABC-COL-0012,,,,,,,,,,,,,,,,,,,,,,,BORROWER,SOUTH-03,,,,,,,,,,,,,,,,,,,,,,,,,
BORROWER,,,,,,,1978-02-14,pooja.desai13@email.example.in,9700000013,Pooja Desai,PNNUB2261C,INDIVIDUAL,BR-DEL-002,,,,,,,,,,,,,,N,,,,,,,,,,,,,,,,,,,,,,,,,,,ABC-CIF-100013,,,ABC-HL-0013,ABC-COL-0013,,,,,,,,,,,,,,,,,,,,,,,BORROWER,NORTH-01,,,,,,,,,,,,,,,,,,,,,,,,,
BORROWER,,,,,,,1979-03-15,karthik.joshi14@email.example.in,9700000014,Karthik Joshi,QWCDJ2358H,INDIVIDUAL,BR-DEL-003,,,,,,,,,,,,,,N,,,,,,,,,,,,,,,,,,,,,,,,,,,ABC-CIF-100014,,,ABC-HL-0014,ABC-COL-0014,,,,,,,,,,,,,,,,,,,,,,,BORROWER,NORTH-01,,,,,,,,,,,,,,,,,,,,,,,,,
BORROWER,,,,,,,1980-04-16,lakshmi.kulkarni15@email.example.in,9700000015,Lakshmi Kulkarni,RFRNR2455P,INDIVIDUAL,BR-GGN-004,,,,,,,,,,,,,,Y,,,,,,,,,,,,,,,,,,,,,,,,,,,ABC-CIF-100015,,,ABC-HL-0015,ABC-COL-0015,,,,,,,,,,,,,,,,,,,,,,,BORROWER,NORTH-02,,,,,,,,,,,,,,,,,,,,,,,,,
BORROWER,,,,,,,1981-05-17,manoj.das16@email.example.in,9700000016,Manoj Das,SPFXZ2552V,INDIVIDUAL,BR-FBD-005,,,,,,,,,,,,,,N,,,,,,,,,,,,,,,,,,,,,,,,,,,ABC-CIF-100016,,,ABC-HL-0016,ABC-COL-0016,,,,,,,,,,,,,,,,,,,,,,,BORROWER,NORTH-02,,,,,,,,,,,,,,,,,,,,,,,,,
BORROWER,,,,,,,,accounts17@metro.example.in,,Metro Logistics Partnership,AABCM9012N,PARTNERSHIP,BR-NOI-006,,,,,,,,,,,,,,N,,,,,,,,,,,,,,,,,,,,,,,,,,,ABC-CIF-100017,,,ABC-HL-0017,ABC-COL-0017,,,,,,,,,,,,,,,,,,,,,,,BORROWER,NORTH-03,,,,,,,,,,,,,,,,,,,,,,,,,
BORROWER,,,,,,,1983-07-19,ravi.saxena18@email.example.in,9700000018,Ravi Saxena,UGKQQ2746G,INDIVIDUAL,BR-LKO-007,,,,,,,,,,,,,,N,,,,,,,,,,,,,,,,,,,,,,,,,,,ABC-CIF-100018,,,ABC-HL-0018,ABC-COL-0018,,,,,,,,,,,,,,,,,,,,,,,BORROWER,NORTH-03,,,,,,,,,,,,,,,,,,,,,,,,,
BORROWER,,,,,,,1984-08-20,neha.hegde19@email.example.in,9700000019,Neha Hegde,VQZZX2843N,INDIVIDUAL,BR-CCU-008,,,,,,,,,,,,,,N,,,,,,,,,,,,,,,,,,,,,,,,,,,ABC-CIF-100019,,,ABC-HL-0019,ABC-COL-0019,,,,,,,,,,,,,,,,,,,,,,,BORROWER,EAST-01,,,,,,,,,,,,,,,,,,,,,,,,,
BORROWER,,,,,,,1985-09-21,ashok.sharma20@email.example.in,9700000020,Ashok Sharma,WYPJF2940U,INDIVIDUAL,BR-AMD-009,,,,,,,,,,,,,,Y,,,,,,,,,,,,,,,,,,,,,,,,,,,ABC-CIF-100020,,,ABC-HL-0020,ABC-COL-0020,,,,,,,,,,,,,,,,,,,,,,,BORROWER,WEST-03,,,,,,,,,,,,,,,,,,,,,,,,,
BORROWER,,,,,,,1986-10-22,sunita.iyer21@email.example.in,9700000021,Sunita Iyer,XHDTN3037Z,INDIVIDUAL,BR-SUR-010,,,,,,,,,,,,,,N,,,,,,,,,,,,,,,,,,,,,,,,,,,ABC-CIF-100021,,,ABC-HL-0021,ABC-COL-0021,,,,,,,,,,,,,,,,,,,,,,,BORROWER,WEST-03,,,,,,,,,,,,,,,,,,,,,,,,,
BORROWER,,,,,,,1987-11-23,gopal.kumar22@email.example.in,9700000022,Gopal Kumar,YRSCW3134F,INDIVIDUAL,BR-BDQ-011,,,,,,,,,,,,,,N,,,,,,,,,,,,,,,,,,,,,,,,,,,ABC-CIF-100022,,,ABC-HL-0022,ABC-COL-0022,,,,,,,,,,,,,,,,,,,,,,,BORROWER,WEST-03,,,,,,,,,,,,,,,,,,,,,,,,,
BORROWER,,,,,,,1988-12-24,rekha.desai23@email.example.in,9700000023,Rekha Desai,ZZGLD3231M,INDIVIDUAL,BR-JAI-012,,,,,,,,,,,,,,N,,,,,,,,,,,,,,,,,,,,,,,,,,,ABC-CIF-100023,,,ABC-HL-0023,ABC-COL-0023,,,,,,,,,,,,,,,,,,,,,,,BORROWER,NORTH-04,,,,,,,,,,,,,,,,,,,,,,,,,
BORROWER,,,,,,,1989-01-25,harish.joshi24@email.example.in,9700000024,Harish Joshi,AJWVM3328S,INDIVIDUAL,BR-UDR-001,,,,,,,,,,,,,,N,,,,,,,,,,,,,,,,,,,,,,,,,,,ABC-CIF-100024,,,ABC-HL-0024,ABC-COL-0024,,,,,,,,,,,,,,,,,,,,,,,BORROWER,NORTH-04,,,,,,,,,,,,,,,,,,,,,,,,,
BORROWER,,,,,,,1990-02-26,anjali.kulkarni25@email.example.in,9700000025,Anjali Kulkarni,BSLEU3425Y,INDIVIDUAL,BR-IDR-002,,,,,,,,,,,,,,Y,,,,,,,,,,,,,,,,,,,,,,,,,,,ABC-CIF-100025,,,ABC-HL-0025,ABC-COL-0025,,,,,,,,,,,,,,,,,,,,,,,BORROWER,CENTRAL-01,,,,,,,,,,,,,,,,,,,,,,,,,
BORROWER,,,,,,,1991-03-27,pradeep.das26@email.example.in,9700000026,Pradeep Das,CAAPC3522E,INDIVIDUAL,BR-BHO-003,,,,,,,,,,,,,,N,,,,,,,,,,,,,,,,,,,,,,,,,,,ABC-CIF-100026,,,ABC-HL-0026,ABC-COL-0026,,,,,,,,,,,,,,,,,,,,,,,BORROWER,CENTRAL-01,,,,,,,,,,,,,,,,,,,,,,,,,
BORROWER,,,,,,,1992-04-28,nisha.malhotra27@email.example.in,9700000027,Nisha Malhotra,DKQYK3619L,INDIVIDUAL,BR-COK-004,,,,,,,,,,,,,,N,,,,,,,,,,,,,,,,,,,,,,,,,,,ABC-CIF-100027,,,ABC-HL-0027,ABC-COL-0027,,,,,,,,,,,,,,,,,,,,,,,BORROWER,SOUTH-04,,,,,,,,,,,,,,,,,,,,,,,,,
BORROWER,,,,,,,1993-05-01,sunil.saxena28@email.example.in,9700000028,Sunil Saxena,ETEGS3716R,INDIVIDUAL,BR-CHD-005,,,,,,,,,,,,,,N,,,,,,,,,,,,,,,,,,,,,,,,,,,ABC-CIF-100028,,,ABC-HL-0028,ABC-COL-0028,,,,,,,,,,,,,,,,,,,,,,,BORROWER,NORTH-05,,,,,,,,,,,,,,,,,,,,,,,,,
BORROWER,,,,,,,1994-06-02,geeta.hegde29@email.example.in,9700000029,Geeta Hegde,FBTRA3813X,INDIVIDUAL,BR-LDH-006,,,,,,,,,,,,,,N,,,,,,,,,,,,,,,,,,,,,,,,,,,ABC-CIF-100029,,,ABC-HL-0029,ABC-COL-0029,,,,,,,,,,,,,,,,,,,,,,,BORROWER,NORTH-05,,,,,,,,,,,,,,,,,,,,,,,,,
BORROWER,,,,,,,1995-07-03,rajesh.sharma30@email.example.in,9700000030,Rajesh Sharma,GLHAH3910D,INDIVIDUAL,BR-PAT-007,,,,,,,,,,,,,,Y,,,,,,,,,,,,,,,,,,,,,,,,,,,ABC-CIF-100030,,,ABC-HL-0030,ABC-COL-0030,,,,,,,,,,,,,,,,,,,,,,,BORROWER,EAST-02,,,,,,,,,,,,,,,,,,,,,,,,,
BORROWER,,,,,,,1996-08-04,priya.iyer31@email.example.in,9700000031,Priya Iyer,HUXKR4007J,INDIVIDUAL,BR-RNC-008,,,,,,,,,,,,,,N,,,,,,,,,,,,,,,,,,,,,,,,,,,ABC-CIF-100031,,,ABC-HL-0031,ABC-COL-0031,,,,,,,,,,,,,,,,,,,,,,,BORROWER,EAST-03,,,,,,,,,,,,,,,,,,,,,,,,,
BORROWER,,,,,,,1997-09-05,amit.kumar32@email.example.in,9700000032,Amit Kumar,JCMUY4104Q,INDIVIDUAL,BR-BBI-009,,,,,,,,,,,,,,N,,,,,,,,,,,,,,,,,,,,,,,,,,,ABC-CIF-100032,,,ABC-HL-0032,ABC-COL-0032,,,,,,,,,,,,,,,,,,,,,,,BORROWER,EAST-04,,,,,,,,,,,,,,,,,,,,,,,,,
BORROWER,,,,,,,1998-10-06,sneha.desai33@email.example.in,9700000033,Sneha Desai,KMBDG4201W,INDIVIDUAL,BR-GUW-010,,,,,,,,,,,,,,N,,,,,,,,,,,,,,,,,,,,,,,,,,,ABC-CIF-100033,,,ABC-HL-0033,ABC-COL-0033,,,,,,,,,,,,,,,,,,,,,,,BORROWER,EAST-05,,,,,,,,,,,,,,,,,,,,,,,,,
BORROWER,,,,,,,,accounts34@coastal.example.in,,Coastal Exports LLP,AABCC7890Q,LLP,BR-DDN-011,,,,,,,,,,,,,,N,,,,,,,,,,,,,,,,,,,,,,,,,,,ABC-CIF-100034,,,ABC-HL-0034,ABC-COL-0034,,,,,,,,,,,,,,,,,,,,,,,BORROWER,NORTH-06,,,,,,,,,,,,,,,,,,,,,,,,,
BORROWER,,,,,,,1965-12-08,anita.kulkarni35@email.example.in,9700000035,Anita Kulkarni,MDFWX4395H,INDIVIDUAL,BR-GOA-012,,,,,,,,,,,,,,Y,,,,,,,,,,,,,,,,,,,,,,,,,,,ABC-CIF-100035,,,ABC-HL-0035,ABC-COL-0035,,,,,,,,,,,,,,,,,,,,,,,BORROWER,WEST-04,,,,,,,,,,,,,,,,,,,,,,,,,
BORROWER,,,,,,,1966-01-09,suresh.das36@email.example.in,9700000036,Suresh Das,NNUFE4492P,INDIVIDUAL,BR-VIZ-001,,,,,,,,,,,,,,N,,,,,,,,,,,,,,,,,,,,,,,,,,,ABC-CIF-100036,,,ABC-HL-0036,ABC-COL-0036,,,,,,,,,,,,,,,,,,,,,,,BORROWER,SOUTH-05,,,,,,,,,,,,,,,,,,,,,,,,,
BORROWER,,,,,,,1967-02-10,kavita.malhotra37@email.example.in,9700000037,Kavita Malhotra,PWJQN4589V,INDIVIDUAL,BR-VJA-002,,,,,,,,,,,,,,N,,,,,,,,,,,,,,,,,,,,,,,,,,,ABC-CIF-100037,,,ABC-HL-0037,ABC-COL-0037,,,,,,,,,,,,,,,,,,,,,,,BORROWER,SOUTH-05,,,,,,,,,,,,,,,,,,,,,,,,,
BORROWER,,,,,,,1968-03-11,rahul.saxena38@email.example.in,9700000038,Rahul Saxena,QEYZV4686A,INDIVIDUAL,BR-ATQ-003,,,,,,,,,,,,,,N,,,,,,,,,,,,,,,,,,,,,,,,,,,ABC-CIF-100038,,,ABC-HL-0038,ABC-COL-0038,,,,,,,,,,,,,,,,,,,,,,,BORROWER,NORTH-05,,,,,,,,,,,,,,,,,,,,,,,,,
BORROWER,,,,,,,1969-04-12,deepa.hegde39@email.example.in,9700000039,Deepa Hegde,RPNHD4783G,INDIVIDUAL,BR-NSK-004,,,,,,,,,,,,,,N,,,,,,,,,,,,,,,,,,,,,,,,,,,ABC-CIF-100039,,,ABC-HL-0039,ABC-COL-0039,,,,,,,,,,,,,,,,,,,,,,,BORROWER,WEST-01,,,,,,,,,,,,,,,,,,,,,,,,,
BORROWER,,,,,,,1970-05-13,arun.sharma40@email.example.in,9700000040,Arun Sharma,SXCSL4880N,INDIVIDUAL,BR-JDH-005,,,,,,,,,,,,,,Y,,,,,,,,,,,,,,,,,,,,,,,,,,,ABC-CIF-100040,,,ABC-HL-0040,ABC-COL-0040,,,,,,,,,,,,,,,,,,,,,,,BORROWER,NORTH-04,,,,,,,,,,,,,,,,,,,,,,,,,
BORROWER,,,,,,,1971-06-14,meera.iyer41@email.example.in,9700000041,Meera Iyer,TFSBT4977T,INDIVIDUAL,BR-LDH-006,,,,,,,,,,,,,,N,,,,,,,,,,,,,,,,,,,,,,,,,,,ABC-CIF-100041,,,ABC-HL-0041,ABC-COL-0041,,,,,,,,,,,,,,,,,,,,,,,BORROWER,NORTH-05,,,,,,,,,,,,,,,,,,,,,,,,,
BORROWER,,,,,,,1972-07-15,sanjay.kumar42@email.example.in,9700000042,Sanjay Kumar,UQGLB5074Z,INDIVIDUAL,BR-NGR-007,,,,,,,,,,,,,,N,,,,,,,,,,,,,,,,,,,,,,,,,,,ABC-CIF-100042,,,ABC-HL-0042,ABC-COL-0042,,,,,,,,,,,,,,,,,,,,,,,BORROWER,NORTH-04,,,,,,,,,,,,,,,,,,,,,,,,,
BORROWER,,,,,,,1973-08-16,pooja.desai43@email.example.in,9700000043,Pooja Desai,VYVVJ5171F,INDIVIDUAL,BR-MUM-008,,,,,,,,,,,,,,N,,,,,,,,,,,,,,,,,,,,,,,,,,,ABC-CIF-100043,,,ABC-HL-0043,ABC-COL-0043,,,,,,,,,,,,,,,,,,,,,,,BORROWER,WEST-01,,,,,,,,,,,,,,,,,,,,,,,,,
BORROWER,,,,,,,1974-09-17,karthik.joshi44@email.example.in,9700000044,Karthik Joshi,WGKES5268M,INDIVIDUAL,BR-MUM-009,,,,,,,,,,,,,,N,,,,,,,,,,,,,,,,,,,,,,,,,,,ABC-CIF-100044,,,ABC-HL-0044,ABC-COL-0044,,,,,,,,,,,,,,,,,,,,,,,BORROWER,WEST-01,,,,,,,,,,,,,,,,,,,,,,,,,
BORROWER,,,,,,,1975-10-18,lakshmi.kulkarni45@email.example.in,9700000045,Lakshmi Kulkarni,XRZNZ5365S,INDIVIDUAL,BR-PUN-010,,,,,,,,,,,,,,Y,,,,,,,,,,,,,,,,,,,,,,,,,,,ABC-CIF-100045,,,ABC-HL-0045,ABC-COL-0045,,,,,,,,,,,,,,,,,,,,,,,BORROWER,WEST-01,,,,,,,,,,,,,,,,,,,,,,,,,
BORROWER,,,,,,,1976-11-19,manoj.das46@email.example.in,9700000046,Manoj Das,YZPXH5462Y,INDIVIDUAL,BR-THA-011,,,,,,,,,,,,,,N,,,,,,,,,,,,,,,,,,,,,,,,,,,ABC-CIF-100046,,,ABC-HL-0046,ABC-COL-0046,,,,,,,,,,,,,,,,,,,,,,,BORROWER,WEST-01,,,,,,,,,,,,,,,,,,,,,,,,,
BORROWER,,,,,,,1977-12-20,divya.malhotra47@email.example.in,9700000047,Divya Malhotra,ZHDGQ5559E,INDIVIDUAL,BR-NGP-012,,,,,,,,,,,,,,N,,,,,,,,,,,,,,,,,,,,,,,,,,,ABC-CIF-100047,,,ABC-HL-0047,ABC-COL-0047,,,,,,,,,,,,,,,,,,,,,,,BORROWER,WEST-02,,,,,,,,,,,,,,,,,,,,,,,,,
BORROWER,,,,,,,1978-01-21,ravi.saxena48@email.example.in,9700000048,Ravi Saxena,ASTRY5656K,INDIVIDUAL,BR-BLR-001,,,,,,,,,,,,,,N,,,,,,,,,,,,,,,,,,,,,,,,,,,ABC-CIF-100048,,,ABC-HL-0048,ABC-COL-0048,,,,,,,,,,,,,,,,,,,,,,,BORROWER,SOUTH-01,,,,,,,,,,,,,,,,,,,,,,,,,
BORROWER,,,,,,,1979-02-22,neha.hegde49@email.example.in,9700000049,Neha Hegde,BAHAF5753R,INDIVIDUAL,BR-BLR-002,,,,,,,,,,,,,,N,,,,,,,,,,,,,,,,,,,,,,,,,,,ABC-CIF-100049,,,ABC-HL-0049,ABC-COL-0049,,,,,,,,,,,,,,,,,,,,,,,BORROWER,SOUTH-01,,,,,,,,,,,,,,,,,,,,,,,,,
BORROWER,,,,,,,1980-03-23,ashok.sharma50@email.example.in,9700000050,Ashok Sharma,CJWJP5850X,INDIVIDUAL,BR-MYS-003,,,,,,,,,,,,,,Y,,,,,,,,,,,,,,,,,,,,,,,,,,,ABC-CIF-100050,,,ABC-HL-0050,ABC-COL-0050,,,,,,,,,,,,,,,,,,,,,,,BORROWER,SOUTH-01,,,,,,,,,,,,,,,,,,,,,,,,,
BORROWER,,,,,,,,accounts51@greenfield.example.in,,Greenfield Developers Pvt Ltd,AABCG5678M,PRIVATE_LIMITED,BR-MAA-004,,,,,,,,,,,,,,N,,,,,,,,,,,,,,,,,,,,,,,,,,,ABC-CIF-100051,,,ABC-HL-0051,ABC-COL-0051,,,,,,,,,,,,,,,,,,,,,,,BORROWER,SOUTH-02,,,,,,,,,,,,,,,,,,,,,,,,,
BORROWER,,,,,,,1982-05-25,gopal.kumar52@email.example.in,9700000052,Gopal Kumar,EBACE6044J,INDIVIDUAL,BR-CJB-005,,,,,,,,,,,,,,N,,,,,,,,,,,,,,,,,,,,,,,,,,,ABC-CIF-100052,,,ABC-HL-0052,ABC-COL-0052,,,,,,,,,,,,,,,,,,,,,,,BORROWER,SOUTH-02,,,,,,,,,,,,,,,,,,,,,,,,,
BORROWER,,,,,,,1983-06-26,rekha.desai53@email.example.in,9700000053,Rekha Desai,FKQMM6141Q,INDIVIDUAL,BR-HYD-006,,,,,,,,,,,,,,N,,,,,,,,,,,,,,,,,,,,,,,,,,,ABC-CIF-100053,,,ABC-HL-0053,ABC-COL-0053,,,,,,,,,,,,,,,,,,,,,,,BORROWER,SOUTH-03,,,,,,,,,,,,,,,,,,,,,,,,,
BORROWER,,,,,,,1984-07-27,harish.joshi54@email.example.in,9700000054,Harish Joshi,GUEWU6238W,INDIVIDUAL,BR-HYD-007,,,,,,,,,,,,,,N,,,,,,,,,,,,,,,,,,,,,,,,,,,ABC-CIF-100054,,,ABC-HL-0054,ABC-COL-0054,,,,,,,,,,,,,,,,,,,,,,,BORROWER,SOUTH-03,,,,,,,,,,,,,,,,,,,,,,,,,
BORROWER,,,,,,,1985-08-28,anjali.kulkarni55@email.example.in,9700000055,Anjali Kulkarni,HCUFC6335B,INDIVIDUAL,BR-DEL-008,,,,,,,,,,,,,,Y,,,,,,,,,,,,,,,,,,,,,,,,,,,ABC-CIF-100055,,,ABC-HL-0055,ABC-COL-0055,,,,,,,,,,,,,,,,,,,,,,,BORROWER,NORTH-01,,,,,,,,,,,,,,,,,,,,,,,,,
BORROWER,,,,,,,1986-09-01,pradeep.das56@email.example.in,9700000056,Pradeep Das,JLJPK6432H,INDIVIDUAL,BR-DEL-009,,,,,,,,,,,,,,N,,,,,,,,,,,,,,,,,,,,,,,,,,,ABC-CIF-100056,,,ABC-HL-0056,ABC-COL-0056,,,,,,,,,,,,,,,,,,,,,,,BORROWER,NORTH-01,,,,,,,,,,,,,,,,,,,,,,,,,
BORROWER,,,,,,,1987-10-02,nisha.malhotra57@email.example.in,9700000057,Nisha Malhotra,KVXYT6529P,INDIVIDUAL,BR-GGN-010,,,,,,,,,,,,,,N,,,,,,,,,,,,,,,,,,,,,,,,,,,ABC-CIF-100057,,,ABC-HL-0057,ABC-COL-0057,,,,,,,,,,,,,,,,,,,,,,,BORROWER,NORTH-02,,,,,,,,,,,,,,,,,,,,,,,,,
BORROWER,,,,,,,1988-11-03,sunil.saxena58@email.example.in,9700000058,Sunil Saxena,LDMHA6626U,INDIVIDUAL,BR-FBD-011,,,,,,,,,,,,,,N,,,,,,,,,,,,,,,,,,,,,,,,,,,ABC-CIF-100058,,,ABC-HL-0058,ABC-COL-0058,,,,,,,,,,,,,,,,,,,,,,,BORROWER,NORTH-02,,,,,,,,,,,,,,,,,,,,,,,,,
BORROWER,,,,,,,1989-12-04,geeta.hegde59@email.example.in,9700000059,Geeta Hegde,MMBSJ6723A,INDIVIDUAL,BR-NOI-012,,,,,,,,,,,,,,N,,,,,,,,,,,,,,,,,,,,,,,,,,,ABC-CIF-100059,,,ABC-HL-0059,ABC-COL-0059,,,,,,,,,,,,,,,,,,,,,,,BORROWER,NORTH-03,,,,,,,,,,,,,,,,,,,,,,,,,
BORROWER,,,,,,,1990-01-05,rajesh.sharma60@email.example.in,9700000060,Rajesh Sharma,NWRBR6820G,INDIVIDUAL,BR-LKO-001,,,,,,,,,,,,,,Y,,,,,,,,,,,,,,,,,,,,,,,,,,,ABC-CIF-100060,,,ABC-HL-0060,ABC-COL-0060,,,,,,,,,,,,,,,,,,,,,,,BORROWER,NORTH-03,,,,,,,,,,,,,,,,,,,,,,,,,
BORROWER,,,,,,,1991-02-06,priya.iyer61@email.example.in,9700000061,Priya Iyer,PEFKZ6917N,INDIVIDUAL,BR-CCU-002,,,,,,,,,,,,,,N,,,,,,,,,,,,,,,,,,,,,,,,,,,ABC-CIF-100061,,,ABC-HL-0061,ABC-COL-0061,,,,,,,,,,,,,,,,,,,,,,,BORROWER,EAST-01,,,,,,,,,,,,,,,,,,,,,,,,,
BORROWER,,,,,,,1992-03-07,amit.kumar62@email.example.in,9700000062,Amit Kumar,QNVUG7014T,INDIVIDUAL,BR-AMD-003,,,,,,,,,,,,,,N,,,,,,,,,,,,,,,,,,,,,,,,,,,ABC-CIF-100062,,,ABC-HL-0062,ABC-COL-0062,,,,,,,,,,,,,,,,,,,,,,,BORROWER,WEST-03,,,,,,,,,,,,,,,,,,,,,,,,,
BORROWER,,,,,,,1993-04-08,sneha.desai63@email.example.in,9700000063,Sneha Desai,RXKDQ7111Z,INDIVIDUAL,BR-SUR-004,,,,,,,,,,,,,,N,,,,,,,,,,,,,,,,,,,,,,,,,,,ABC-CIF-100063,,,ABC-HL-0063,ABC-COL-0063,,,,,,,,,,,,,,,,,,,,,,,BORROWER,WEST-03,,,,,,,,,,,,,,,,,,,,,,,,,
BORROWER,,,,,,,1994-05-09,vikram.joshi64@email.example.in,9700000064,Vikram Joshi,SFYNX7208F,INDIVIDUAL,BR-BDQ-005,,,,,,,,,,,,,,N,,,,,,,,,,,,,,,,,,,,,,,,,,,ABC-CIF-100064,,,ABC-HL-0064,ABC-COL-0064,,,,,,,,,,,,,,,,,,,,,,,BORROWER,WEST-03,,,,,,,,,,,,,,,,,,,,,,,,,
BORROWER,,,,,,,1995-06-10,anita.kulkarni65@email.example.in,9700000065,Anita Kulkarni,TPNXF7305L,INDIVIDUAL,BR-JAI-006,,,,,,,,,,,,,,Y,,,,,,,,,,,,,,,,,,,,,,,,,,,ABC-CIF-100065,,,ABC-HL-0065,ABC-COL-0065,,,,,,,,,,,,,,,,,,,,,,,BORROWER,NORTH-04,,,,,,,,,,,,,,,,,,,,,,,,,
BORROWER,,,,,,,1996-07-11,suresh.das66@email.example.in,9700000066,Suresh Das,UYCGN7402S,INDIVIDUAL,BR-UDR-007,,,,,,,,,,,,,,N,,,,,,,,,,,,,,,,,,,,,,,,,,,ABC-CIF-100066,,,ABC-HL-0066,ABC-COL-0066,,,,,,,,,,,,,,,,,,,,,,,BORROWER,NORTH-04,,,,,,,,,,,,,,,,,,,,,,,,,
BORROWER,,,,,,,1997-08-12,kavita.malhotra67@email.example.in,9700000067,Kavita Malhotra,VGSQV7499Y,INDIVIDUAL,BR-IDR-008,,,,,,,,,,,,,,N,,,,,,,,,,,,,,,,,,,,,,,,,,,ABC-CIF-100067,,,ABC-HL-0067,ABC-COL-0067,,,,,,,,,,,,,,,,,,,,,,,BORROWER,CENTRAL-01,,,,,,,,,,,,,,,,,,,,,,,,,
BORROWER,,,,,,,,accounts68@heritage.example.in,,Heritage Builders Pvt Ltd,AABCH3456P,PRIVATE_LIMITED,BR-BHO-009,,,,,,,,,,,,,,N,,,,,,,,,,,,,,,,,,,,,,,,,,,ABC-CIF-100068,,,ABC-HL-0068,ABC-COL-0068,,,,,,,,,,,,,,,,,,,,,,,BORROWER,CENTRAL-01,,,,,,,,,,,,,,,,,,,,,,,,,
BORROWER,,,,,,,1999-10-14,deepa.hegde69@email.example.in,9700000069,Deepa Hegde,XZWJL7693K,INDIVIDUAL,BR-COK-010,,,,,,,,,,,,,,N,,,,,,,,,,,,,,,,,,,,,,,,,,,ABC-CIF-100069,,,ABC-HL-0069,ABC-COL-0069,,,,,,,,,,,,,,,,,,,,,,,BORROWER,SOUTH-04,,,,,,,,,,,,,,,,,,,,,,,,,
BORROWER,,,,,,,1965-11-15,arun.sharma70@email.example.in,9700000070,Arun Sharma,YHLTU7790R,INDIVIDUAL,BR-CHD-011,,,,,,,,,,,,,,Y,,,,,,,,,,,,,,,,,,,,,,,,,,,ABC-CIF-100070,,,ABC-HL-0070,ABC-COL-0070,,,,,,,,,,,,,,,,,,,,,,,BORROWER,NORTH-05,,,,,,,,,,,,,,,,,,,,,,,,,
BORROWER,,,,,,,1966-12-16,meera.iyer71@email.example.in,9700000071,Meera Iyer,ZRZCB7887X,INDIVIDUAL,BR-LDH-012,,,,,,,,,,,,,,N,,,,,,,,,,,,,,,,,,,,,,,,,,,ABC-CIF-100071,,,ABC-HL-0071,ABC-COL-0071,,,,,,,,,,,,,,,,,,,,,,,BORROWER,NORTH-05,,,,,,,,,,,,,,,,,,,,,,,,,
BORROWER,,,,,,,1967-01-17,sanjay.kumar72@email.example.in,9700000072,Sanjay Kumar,AAPLK7984C,INDIVIDUAL,BR-PAT-001,,,,,,,,,,,,,,N,,,,,,,,,,,,,,,,,,,,,,,,,,,ABC-CIF-100072,,,ABC-HL-0072,ABC-COL-0072,,,,,,,,,,,,,,,,,,,,,,,BORROWER,EAST-02,,,,,,,,,,,,,,,,,,,,,,,,,
BORROWER,,,,,,,1968-02-18,pooja.desai73@email.example.in,9700000073,Pooja Desai,BJDVS8081J,INDIVIDUAL,BR-RNC-002,,,,,,,,,,,,,,N,,,,,,,,,,,,,,,,,,,,,,,,,,,ABC-CIF-100073,,,ABC-HL-0073,ABC-COL-0073,,,,,,,,,,,,,,,,,,,,,,,BORROWER,EAST-03,,,,,,,,,,,,,,,,,,,,,,,,,
BORROWER,,,,,,,1969-03-19,karthik.joshi74@email.example.in,9700000074,Karthik Joshi,CSTEA8178Q,INDIVIDUAL,BR-BBI-003,,,,,,,,,,,,,,N,,,,,,,,,,,,,,,,,,,,,,,,,,,ABC-CIF-100074,,,ABC-HL-0074,ABC-COL-0074,,,,,,,,,,,,,,,,,,,,,,,BORROWER,EAST-04,,,,,,,,,,,,,,,,,,,,,,,,,
BORROWER,,,,,,,1970-04-20,lakshmi.kulkarni75@email.example.in,9700000075,Lakshmi Kulkarni,DBHPH8275V,INDIVIDUAL,BR-GUW-004,,,,,,,,,,,,,,Y,,,,,,,,,,,,,,,,,,,,,,,,,,,ABC-CIF-100075,,,ABC-HL-0075,ABC-COL-0075,,,,,,,,,,,,,,,,,,,,,,,BORROWER,EAST-05,,,,,,,,,,,,,,,,,,,,,,,,,
CO_BORROWER,,,,,,,,,,,,,,,,,,,,,,,,,,,,Rahul Kulkarni,ZRGZK2055Q,BUSINESS_PARTNER,1,,,,,,,,,,,,,,,,,,,,,,,,,,ABC-HL-0005,,,,,,,,,,,,,,,,,,,,,,,,CO_BORROWER,,,,,,,,,,,,,,,,,,,,,,,,,,
CO_BORROWER,,,,,,,,,,,,,,,,,,,,,,,,,,,,Pooja Sharma,YHPZU3110E,BUSINESS_PARTNER,1,,,,,,,,,,,,,,,,,,,,,,,,,,ABC-HL-0010,,,,,,,,,,,,,,,,,,,,,,,,CO_BORROWER,,,,,,,,,,,,,,,,,,,,,,,,,,
CO_BORROWER,,,,,,,,,,,,,,,,,,,,,,,,,,,,Ravi Kulkarni,XZWZD4165U,SIBLING,1,,,,,,,,,,,,,,,,,,,,,,,,,,ABC-HL-0015,,,,,,,,,,,,,,,,,,,,,,,,CO_BORROWER,,,,,,,,,,,,,,,,,,,,,,,,,,
CO_BORROWER,,,,,,,,,,,,,,,,,,,,,,,,,,,,Rekha Sharma,WQCZN5220J,PARENT,1,,,,,,,,,,,,,,,,,,,,,,,,,,ABC-HL-0020,,,,,,,,,,,,,,,,,,,,,,,,CO_BORROWER,,,,,,,,,,,,,,,,,,,,,,,,,,
CO_BORROWER,,,,,,,,,,,,,,,,,,,,,,,,,,,,Sunil Kulkarni,VGKZX6275Y,PARENT,1,,,,,,,,,,,,,,,,,,,,,,,,,,ABC-HL-0025,,,,,,,,,,,,,,,,,,,,,,,,CO_BORROWER,,,,,,,,,,,,,,,,,,,,,,,,,,
CO_BORROWER,,,,,,,,,,,,,,,,,,,,,,,,,,,,Sneha Sharma,UYSZG7330N,SIBLING,1,,,,,,,,,,,,,,,,,,,,,,,,,,ABC-HL-0030,,,,,,,,,,,,,,,,,,,,,,,,CO_BORROWER,,,,,,,,,,,,,,,,,,,,,,,,,,
CO_BORROWER,,,,,,,,,,,,,,,,,,,,,,,,,,,,Rahul Kulkarni,TPZZS8385C,PARENT,1,,,,,,,,,,,,,,,,,,,,,,,,,,ABC-HL-0035,,,,,,,,,,,,,,,,,,,,,,,,CO_BORROWER,,,,,,,,,,,,,,,,,,,,,,,,,,
CO_BORROWER,,,,,,,,,,,,,,,,,,,,,,,,,,,,Pooja Sharma,SFFZB9440S,BUSINESS_PARTNER,1,,,,,,,,,,,,,,,,,,,,,,,,,,ABC-HL-0040,,,,,,,,,,,,,,,,,,,,,,,,CO_BORROWER,,,,,,,,,,,,,,,,,,,,,,,,,,
CO_BORROWER,,,,,,,,,,,,,,,,,,,,,,,,,,,,Ravi Kulkarni,RXNZL1496G,SPOUSE,1,,,,,,,,,,,,,,,,,,,,,,,,,,ABC-HL-0045,,,,,,,,,,,,,,,,,,,,,,,,CO_BORROWER,,,,,,,,,,,,,,,,,,,,,,,,,,
CO_BORROWER,,,,,,,,,,,,,,,,,,,,,,,,,,,,Rekha Sharma,QNVZV2551W,BUSINESS_PARTNER,1,,,,,,,,,,,,,,,,,,,,,,,,,,ABC-HL-0050,,,,,,,,,,,,,,,,,,,,,,,,CO_BORROWER,,,,,,,,,,,,,,,,,,,,,,,,,,
CO_BORROWER,,,,,,,,,,,,,,,,,,,,,,,,,,,,Sunil Kulkarni,PEBZE3606L,BUSINESS_PARTNER,1,,,,,,,,,,,,,,,,,,,,,,,,,,ABC-HL-0055,,,,,,,,,,,,,,,,,,,,,,,,CO_BORROWER,,,,,,,,,,,,,,,,,,,,,,,,,,
CO_BORROWER,,,,,,,,,,,,,,,,,,,,,,,,,,,,Sneha Sharma,NWJYP4661A,SPOUSE,1,,,,,,,,,,,,,,,,,,,,,,,,,,ABC-HL-0060,,,,,,,,,,,,,,,,,,,,,,,,CO_BORROWER,,,,,,,,,,,,,,,,,,,,,,,,,,
CO_BORROWER,,,,,,,,,,,,,,,,,,,,,,,,,,,,Rahul Kulkarni,MMRYZ5716Q,SPOUSE,1,,,,,,,,,,,,,,,,,,,,,,,,,,ABC-HL-0065,,,,,,,,,,,,,,,,,,,,,,,,CO_BORROWER,,,,,,,,,,,,,,,,,,,,,,,,,,
CO_BORROWER,,,,,,,,,,,,,,,,,,,,,,,,,,,,Pooja Sharma,LDYYJ6771E,SPOUSE,1,,,,,,,,,,,,,,,,,,,,,,,,,,ABC-HL-0070,,,,,,,,,,,,,,,,,,,,,,,,CO_BORROWER,,,,,,,,,,,,,,,,,,,,,,,,,,
CO_BORROWER,,,,,,,,,,,,,,,,,,,,,,,,,,,,Ravi Kulkarni,KVEYT7826U,SIBLING,1,,,,,,,,,,,,,,,,,,,,,,,,,,ABC-HL-0075,,,,,,,,,,,,,,,,,,,,,,,,CO_BORROWER,,,,,,,,,,,,,,,,,,,,,,,,,,
LOAN_ACCOUNT,ACTIVE,2026-03-31,,,,,,,,,,,,,,,,,,,,,,,,,,,,,,,2236797.41,,,2019-03-15,,0,20503.98,,,,,,8.3000,,,,,,,,,,,,ABC-HL-0001,ABC-COL-0001,,STANDARD,,,,,,,,,,,,,,PLOT_LOAN,,,,,,,LOAN_ACCOUNT,,,,,,,,2674269.95,2019-02-02,,,,,,121,,,,,,,,,,,
LOAN_ACCOUNT,ACTIVE,2026-03-31,,,,,,,,,,,,,,,,,,,,,,,,,,,,,,,23234694.87,,,2020-05-05,,0,212984.70,,,,,,8.3500,,,,,,,,,,,,ABC-HL-0002,ABC-COL-0002,,STANDARD,,,,,,,,,,,,,,HOME_LOAN,,,,,,,LOAN_ACCOUNT,,,,,,,,43911663.11,2020-03-03,,,,,,122,,,,,,,,,,,
LOAN_ACCOUNT,ACTIVE,2026-03-31,,,,,,,,,,,,,,,,,,,,,,,,,,,,,,,8161550.19,,,2021-04-28,,0,74814.21,,,,,,8.4000,,,,,,,,,,,,ABC-HL-0003,ABC-COL-0003,,SMA0,,,,,,,,,,,,,,HOME_LOAN,,,,,,,LOAN_ACCOUNT,,,,,,,,11376913.69,2021-04-04,,,,,,123,,,,,,,,,,,
LOAN_ACCOUNT,ACTIVE,2026-03-31,,,,,,,,,,,,,,,,,,,,,,,,,,,,,,,11087371.24,,,2022-07-28,,0,101634.24,,,,,,8.4500,,,,,,,,,,,,ABC-HL-0004,ABC-COL-0004,,SMA1,,,,,,,,,,,,,,LAP,,,,,,,LOAN_ACCOUNT,,,,,,,,15177452.02,2022-05-05,,,,,,124,,,,,,,,,,,
LOAN_ACCOUNT,ACTIVE,2026-03-31,,,,,,,,,,,,,,,,,,,,,,,,,,,,,,,17664061.38,,,2023-07-30,,0,161920.56,,,,,,8.5000,,,,,,,,,,,,ABC-HL-0005,ABC-COL-0005,,SMA2,,,,,,,,,,,,,,PLOT_LOAN,,,,,,,LOAN_ACCOUNT,,,,,,,,32728578.77,2023-06-06,,,,,,125,,,,,,,,,,,
LOAN_ACCOUNT,ACTIVE,2026-03-31,,,,,,,,,,,,,,,,,,,,,,,,,,,,,,,10615378.59,,,2024-08-26,,0,97307.64,,,,,,8.5500,,,,,,,,,,,,ABC-HL-0006,ABC-COL-0006,,SUB_STANDARD,,,,,,,,,,,,,,PLOT_LOAN,,,,,,,LOAN_ACCOUNT,,,,,,,,29466454.08,2024-07-07,,,,,,126,,,,,,,,,,,
LOAN_ACCOUNT,ACTIVE,2026-03-31,,,,,,,,,,,,,,,,,,,,,,,,,,,,,,,10167057.18,,,2018-10-03,,0,93198.02,,,,,,8.6000,,,,,,,,,,,,ABC-HL-0007,ABC-COL-0007,,DOUBTFUL,,,,,,,,,,,,,,HOME_LOAN,,,,,,,LOAN_ACCOUNT,,,,,,,,11233855.68,2018-08-08,,,,,,127,,,,,,,,,,,
LOAN_ACCOUNT,WRITTEN_OFF,2026-03-31,,,,,,,,,,,,,,,,,,,,,,,,,,,,,,,0.00,,,2019-11-02,,120,0.00,,,,,,8.6500,,,,,,,,,,,,ABC-HL-0008,ABC-COL-0008,,LOSS,,,,,,,,,,,,,,HOME_LOAN,,,,,,,LOAN_ACCOUNT,,,,,,,,19471304.95,2019-09-09,,,,,,128,,,,,,,,,,,
LOAN_ACCOUNT,ACTIVE,2026-03-31,,,,,,,,,,,,,,,,,,,,,,,,,,,,,,,12696587.47,,,2020-11-25,,0,116385.39,,,,,,8.7000,,,,,,,,,,,,ABC-HL-0009,ABC-COL-0009,,STANDARD,,,,,,,,,,,,,,HOME_LOAN,,,,,,,LOAN_ACCOUNT,,,,,,,,14696326.06,2020-10-10,,,,,,129,,,,,,,,,,,
LOAN_ACCOUNT,ACTIVE,2026-03-31,,,,,,,,,,,,,,,,,,,,,,,,,,,,,,,21255725.68,,,2022-02-03,,0,194844.15,,,,,,8.7500,,,,,,,,,,,,ABC-HL-0010,ABC-COL-0010,,STANDARD,,,,,,,,,,,,,,HOME_LOAN,,,,,,,LOAN_ACCOUNT,,,,,,,,25538269.32,2021-11-11,,,,,,130,,,,,,,,,,,
LOAN_ACCOUNT,ACTIVE,2026-03-31,,,,,,,,,,,,,,,,,,,,,,,,,,,,,,,15810389.58,,,2023-02-22,,11,144928.57,,,,,,8.8000,,,,,,,,,,,,ABC-HL-0011,ABC-COL-0011,,SMA0,,,,,,,,,,,,,,HOME_LOAN,,,,,,,LOAN_ACCOUNT,,,,,,,,21405212.00,2022-12-12,,,,,,131,,,,,,,,,,,
LOAN_ACCOUNT,ACTIVE,2026-03-31,,,,,,,,,,,,,,,,,,,,,,,,,,,,,,,5228537.80,,,2023-03-09,,0,47928.26,,,,,,8.8500,,,,,,,,,,,,ABC-HL-0012,ABC-COL-0012,,SMA1,,,,,,,,,,,,,,HOME_LOAN,,,,,,,LOAN_ACCOUNT,,,,,,,,9908032.78,2023-01-13,,,,,,132,,,,,,,,,,,
LOAN_ACCOUNT,ACTIVE,2026-03-31,,,,,,,,,,,,,,,,,,,,,,,,,,,,,,,8811972.77,,,2024-04-28,,0,80776.42,,,,,,8.9000,,,,,,,,,,,,ABC-HL-0013,ABC-COL-0013,,SMA2,,,,,,,,,,,,,,HOME_LOAN,,,,,,,LOAN_ACCOUNT,,,,,,,,18120863.04,2024-02-14,,,,,,133,,,,,,,,,,,
LOAN_ACCOUNT,CLOSED,2026-03-31,,,,,,,,,,,,,,,,,,,,,,,,,,,,,,,0.00,,,2018-06-04,,0,0.00,,,,,,8.9500,,,,,,,,,,,,ABC-HL-0014,ABC-COL-0014,,SUB_STANDARD,,,,,,,,,,,,,,CONSTRUCTION_LOAN,,,,,,,LOAN_ACCOUNT,,,,,,,,24284178.12,2018-03-15,,,,,,134,,,,,,,,,,,
LOAN_ACCOUNT,WRITTEN_OFF,2026-03-31,,,,,,,,,,,,,,,,,,,,,,,,,,,,,,,0.00,,,2019-06-17,,120,0.00,,,,,,9.0000,,,,,,,,,,,,ABC-HL-0015,ABC-COL-0015,,LOSS,,,,,,,,,,,,,,LAP,,,,,,,LOAN_ACCOUNT,,,,,,,,43918473.23,2019-04-16,,,,,,135,,,,,,,,,,,
LOAN_ACCOUNT,ACTIVE,2026-03-31,,,,,,,,,,,,,,,,,,,,,,,,,,,,,,,27867844.24,,,2020-06-07,,0,255455.24,,,,,,9.0500,,,,,,,,,,,,ABC-HL-0016,ABC-COL-0016,,STANDARD,,,,,,,,,,,,,,COMMERCIAL_PROPERTY_LOAN,,,,,,,LOAN_ACCOUNT,,,,,,,,39994463.27,2020-05-17,,,,,,136,,,,,,,,,,,
LOAN_ACCOUNT,ACTIVE,2026-03-31,,,,,,,,,,,,,,,,,,,,,,,,,,,,,,,14286880.97,,,2021-07-10,,0,130963.08,,,,,,9.1000,,,,,,,,,,,,ABC-HL-0017,ABC-COL-0017,,STANDARD,,,,,,,,,,,,,,PLOT_LOAN,,,,,,,LOAN_ACCOUNT,,,,,,,,28599305.45,2021-06-18,,,,,,137,,,,,,,,,,,
LOAN_ACCOUNT,ACTIVE,2026-03-31,,,,,,,,,,,,,,,,,,,,,,,,,,,,,,,14505200.38,,,2022-10-11,,0,132964.34,,,,,,9.1500,,,,,,,,,,,,ABC-HL-0018,ABC-COL-0018,,STANDARD,,,,,,,,,,,,,,PLOT_LOAN,,,,,,,LOAN_ACCOUNT,,,,,,,,35732810.11,2022-07-19,,,,,,138,,,,,,,,,,,
LOAN_ACCOUNT,ACTIVE,2026-03-31,,,,,,,,,,,,,,,,,,,,,,,,,,,,,,,7399928.31,,,2023-11-10,,0,67832.68,,,,,,9.2000,,,,,,,,,,,,ABC-HL-0019,ABC-COL-0019,,SMA0,,,,,,,,,,,,,,HOME_LOAN,,,,,,,LOAN_ACCOUNT,,,,,,,,8996459.95,2023-08-20,,,,,,139,,,,,,,,,,,
LOAN_ACCOUNT,ACTIVE,2026-03-31,,,,,,,,,,,,,,,,,,,,,,,,,,,,,,,20172354.68,,,2024-10-26,,0,184913.25,,,,,,9.2500,,,,,,,,,,,,ABC-HL-0020,ABC-COL-0020,,SMA1,,,,,,,,,,,,,,COMMERCIAL_PROPERTY_LOAN,,,,,,,LOAN_ACCOUNT,,,,,,,,39769703.84,2024-09-21,,,,,,140,,,,,,,,,,,
LOAN_ACCOUNT,ACTIVE,2026-03-31,,,,,,,,,,,,,,,,,,,,,,,,,,,,,,,21750510.14,,,2018-12-01,,0,199379.68,,,,,,9.3000,,,,,,,,,,,,ABC-HL-0021,ABC-COL-0021,,SMA2,,,,,,,,,,,,,,HOME_LOAN,,,,,,,LOAN_ACCOUNT,,,,,,,,23883304.92,2018-10-22,,,,,,141,,,,,,,,,,,
LOAN_ACCOUNT,CLOSED,2026-03-31,,,,,,,,,,,,,,,,,,,,,,,,,,,,,,,0.00,,,2020-01-03,,0,0.00,,,,,,9.3500,,,,,,,,,,,,ABC-HL-0022,ABC-COL-0022,,SUB_STANDARD,,,,,,,,,,,,,,HOME_LOAN,,,,,,,LOAN_ACCOUNT,,,,,,,,44007037.00,2019-11-23,,,,,,142,,,,,,,,,,,
LOAN_ACCOUNT,ACTIVE,2026-03-31,,,,,,,,,,,,,,,,,,,,,,,,,,,,,,,23342599.71,,,2021-03-24,,0,213973.83,,,,,,9.4000,,,,,,,,,,,,ABC-HL-0023,ABC-COL-0023,,DOUBTFUL,,,,,,,,,,,,,,HOME_LOAN,,,,,,,LOAN_ACCOUNT,,,,,,,,26082680.51,2020-12-24,,,,,,143,,,,,,,,,,,
LOAN_ACCOUNT,ACTIVE,2026-03-31,,,,,,,,,,,,,,,,,,,,,,,,,,,,,,,37511609.26,,,2021-04-14,,0,343856.42,,,,,,9.4500,,,,,,,,,,,,ABC-HL-0024,ABC-COL-0024,,STANDARD,,,,,,,,,,,,,,COMMERCIAL_PROPERTY_LOAN,,,,,,,LOAN_ACCOUNT,,,,,,,,41238311.58,2021-01-25,,,,,,144,,,,,,,,,,,
LOAN_ACCOUNT,ACTIVE,2026-03-31,,,,,,,,,,,,,,,,,,,,,,,,,,,,,,,4720701.58,,,2022-04-28,,0,43273.10,,,,,,9.5000,,,,,,,,,,,,ABC-HL-0025,ABC-COL-0025,,STANDARD,,,,,,,,,,,,,,LAP,,,,,,,LOAN_ACCOUNT,,,,,,,,5520384.05,2022-02-01,,,,,,145,,,,,,,,,,,
LOAN_ACCOUNT,ACTIVE,2026-03-31,,,,,,,,,,,,,,,,,,,,,,,,,,,,,,,23412170.62,,,2023-03-28,,0,214611.56,,,,,,9.5500,,,,,,,,,,,,ABC-HL-0026,ABC-COL-0026,,STANDARD,,,,,,,,,,,,,,HOME_LOAN,,,,,,,LOAN_ACCOUNT,,,,,,,,36297269.99,2023-03-02,,,,,,146,,,,,,,,,,,
LOAN_ACCOUNT,ACTIVE,2026-03-31,,,,,,,,,,,,,,,,,,,,,,,,,,,,,,,7853592.16,,,2024-05-11,,0,71991.26,,,,,,9.6000,,,,,,,,,,,,ABC-HL-0027,ABC-COL-0027,,SMA0,,,,,,,,,,,,,,HOME_LOAN,,,,,,,LOAN_ACCOUNT,,,,,,,,17598334.15,2024-04-03,,,,,,147,,,,,,,,,,,
LOAN_ACCOUNT,SETTLED,2026-03-31,,,,,,,,,,,,,,,,,,,,,,,,,,,,,,,0.00,,,2018-06-23,,0,0.00,,,,,,9.6500,,,,,,,,,,,,ABC-HL-0028,ABC-COL-0028,,SMA1,,,,,,,,,,,,,,PLOT_LOAN,,,,,,,LOAN_ACCOUNT,,,,,,,,15148820.15,2018-05-04,,,,,,148,,,,,,,,,,,
LOAN_ACCOUNT,ACTIVE,2026-03-31,,,,,,,,,,,,,,,,,,,,,,,,,,,,,,,2975404.14,,,2019-08-19,,0,27274.54,,,,,,9.7000,,,,,,,,,,,,ABC-HL-0029,ABC-COL-0029,,SMA2,,,,,,,,,,,,,,PLOT_LOAN,,,,,,,LOAN_ACCOUNT,,,,,,,,6268048.35,2019-06-05,,,,,,149,,,,,,,,,,,
LOAN_ACCOUNT,ACTIVE,2026-03-31,,,,,,,,,,,,,,,,,,,,,,,,,,,,,,,7461987.57,,,2020-08-12,,0,68401.55,,,,,,9.7500,,,,,,,,,,,,ABC-HL-0030,ABC-COL-0030,,SUB_STANDARD,,,,,,,,,,,,,,HOME_LOAN,,,,,,,LOAN_ACCOUNT,,,,,,,,11114167.86,2020-07-06,,,,,,150,,,,,,,,,,,
LOAN_ACCOUNT,ACTIVE,2026-03-31,,,,,,,,,,,,,,,,,,,,,,,,,,,,,,,35672361.71,,,2021-10-01,,0,326996.65,,,,,,9.8000,,,,,,,,,,,,ABC-HL-0031,ABC-COL-0031,,DOUBTFUL,,,,,,,,,,,,,,HOME_LOAN,,,,,,,LOAN_ACCOUNT,,,,,,,,39749064.71,2021-08-07,,,,,,151,,,,,,,,,,,
LOAN_ACCOUNT,ACTIVE,2026-03-31,,,,,,,,,,,,,,,,,,,,,,,,,,,,,,,8609724.36,,,2022-10-18,,0,78922.47,,,,,,9.8500,,,,,,,,,,,,ABC-HL-0032,ABC-COL-0032,,STANDARD,,,,,,,,,,,,,,HOME_LOAN,,,,,,,LOAN_ACCOUNT,,,,,,,,23886711.35,2022-09-08,,,,,,152,,,,,,,,,,,
LOAN_ACCOUNT,ACTIVE,2026-03-31,,,,,,,,,,,,,,,,,,,,,,,,,,,,,,,6644313.92,,,2023-11-17,,33,60906.21,,,,,,9.9000,,,,,,,,,,,,ABC-HL-0033,ABC-COL-0033,,STANDARD,,,,,,,,,,,,,,HOME_LOAN,,,,,,,LOAN_ACCOUNT,,,,,,,,12679016.67,2023-10-09,,,,,,153,,,,,,,,,,,
LOAN_ACCOUNT,ACTIVE,2026-03-31,,,,,,,,,,,,,,,,,,,,,,,,,,,,,,,10031846.18,,,2025-01-26,,0,91958.59,,,,,,9.9500,,,,,,,,,,,,ABC-HL-0034,ABC-COL-0034,,STANDARD,,,,,,,,,,,,,,HOME_LOAN,,,,,,,LOAN_ACCOUNT,,,,,,,,21803779.30,2024-11-10,,,,,,154,,,,,,,,,,,
LOAN_ACCOUNT,ACTIVE,2026-03-31,,,,,,,,,,,,,,,,,,,,,,,,,,,,,,,17191266.13,,,2019-03-11,,0,157586.61,,,,,,10.0000,,,,,,,,,,,,ABC-HL-0035,ABC-COL-0035,,SMA0,,,,,,,,,,,,,,COMMERCIAL_PROPERTY_LOAN,,,,,,,LOAN_ACCOUNT,,,,,,,,43055415.64,2018-12-11,,,,,,155,,,,,,,,,,,
LOAN_ACCOUNT,ACTIVE,2026-03-31,,,,,,,,,,,,,,,,,,,,,,,,,,,,,,,1336709.21,,,2019-03-05,,0,9425.51,,,,,,10.0500,,,,,,,,,,,,ABC-HL-0036,ABC-COL-0036,,SMA1,,,,,,,,,,,,,,LAP,,,,,,,LOAN_ACCOUNT,,,,,,,,2867544.13,2019-01-12,,,,,,156,,,,,,,,,,,
LOAN_ACCOUNT,WRITTEN_OFF,2026-03-31,,,,,,,,,,,,,,,,,,,,,,,,,,,,,,,0.00,,,2020-05-06,,120,0.00,,,,,,10.1000,,,,,,,,,,,,ABC-HL-0037,ABC-COL-0037,,LOSS,,,,,,,,,,,,,,HOME_LOAN,,,,,,,LOAN_ACCOUNT,,,,,,,,43361205.04,2020-02-13,,,,,,157,,,,,,,,,,,
LOAN_ACCOUNT,ACTIVE,2026-03-31,,,,,,,,,,,,,,,,,,,,,,,,,,,,,,,34040809.39,,,2021-05-17,,0,240031.35,,,,,,10.1500,,,,,,,,,,,,ABC-HL-0038,ABC-COL-0038,,SUB_STANDARD,,,,,,,,,,,,,,PLOT_LOAN,,,,,,,LOAN_ACCOUNT,,,,,,,,42223677.15,2021-03-14,,,,,,158,,,,,,,,,,,
LOAN_ACCOUNT,CLOSED,2026-03-31,,,,,,,,,,,,,,,,,,,,,,,,,,,,,,,0.00,,,2022-05-27,,0,0.00,,,,,,10.2000,,,,,,,,,,,,ABC-HL-0039,ABC-COL-0039,,DOUBTFUL,,,,,,,,,,,,,,HOME_LOAN,,,,,,,LOAN_ACCOUNT,,,,,,,,15048841.99,2022-04-15,,,,,,159,,,,,,,,,,,
LOAN_ACCOUNT,SETTLED,2026-03-31,,,,,,,,,,,,,,,,,,,,,,,,,,,,,,,0.00,,,2023-06-07,,0,0.00,,,,,,8.2500,,,,,,,,,,,,ABC-HL-0040,ABC-COL-0040,,STANDARD,,,,,,,,,,,,,,COMMERCIAL_PROPERTY_LOAN,,,,,,,LOAN_ACCOUNT,,,,,,,,39472440.70,2023-05-16,,,,,,160,,,,,,,,,,,
LOAN_ACCOUNT,ACTIVE,2026-03-31,,,,,,,,,,,,,,,,,,,,,,,,,,,,,,,8444492.87,,,2024-07-25,,0,59544.50,,,,,,8.3000,,,,,,,,,,,,ABC-HL-0041,ABC-COL-0041,,STANDARD,,,,,,,,,,,,,,LAP,,,,,,,LOAN_ACCOUNT,,,,,,,,12818325.90,2024-06-17,,,,,,161,,,,,,,,,,,
LOAN_ACCOUNT,ACTIVE,2026-03-31,,,,,,,,,,,,,,,,,,,,,,,,,,,,,,,3957917.39,,,2018-08-11,,0,27908.39,,,,,,8.3500,,,,,,,,,,,,ABC-HL-0042,ABC-COL-0042,,STANDARD,,,,,,,,,,,,,,CONSTRUCTION_LOAN,,,,,,,LOAN_ACCOUNT,,,,,,,,4071200.26,2018-07-18,,,,,,162,,,,,,,,,,,
LOAN_ACCOUNT,ACTIVE,2026-03-31,,,,,,,,,,,,,,,,,,,,,,,,,,,,,,,14489637.75,,,2019-09-28,,0,102170.52,,,,,,8.4000,,,,,,,,,,,,ABC-HL-0043,ABC-COL-0043,,SMA0,,,,,,,,,,,,,,COMMERCIAL_PROPERTY_LOAN,,,,,,,LOAN_ACCOUNT,,,,,,,,28191187.02,2019-08-19,,,,,,163,,,,,,,,,,,
LOAN_ACCOUNT,SETTLED,2026-03-31,,,,,,,,,,,,,,,,,,,,,,,,,,,,,,,0.00,,,2020-10-13,,0,0.00,,,,,,8.4500,,,,,,,,,,,,ABC-HL-0044,ABC-COL-0044,,SMA1,,,,,,,,,,,,,,PLOT_LOAN,,,,,,,LOAN_ACCOUNT,,,,,,,,25381892.46,2020-09-20,,,,,,164,,,,,,,,,,,
LOAN_ACCOUNT,ACTIVE,2026-03-31,,,,,,,,,,,,,,,,,,,,,,,,,,,,,,,27923110.60,,,2022-01-07,,0,196893.73,,,,,,8.5000,,,,,,,,,,,,ABC-HL-0045,ABC-COL-0045,,SMA2,,,,,,,,,,,,,,HOME_LOAN,,,,,,,LOAN_ACCOUNT,,,,,,,,28552584.08,2021-10-21,,,,,,165,,,,,,,,,,,
LOAN_ACCOUNT,ACTIVE,2026-03-31,,,,,,,,,,,,,,,,,,,,,,,,,,,,,,,27684858.97,,,2023-01-15,,0,195213.75,,,,,,8.5500,,,,,,,,,,,,ABC-HL-0046,ABC-COL-0046,,SUB_STANDARD,,,,,,,,,,,,,,COMMERCIAL_PROPERTY_LOAN,,,,,,,LOAN_ACCOUNT,,,,,,,,28732162.67,2022-11-22,,,,,,166,,,,,,,,,,,
LOAN_ACCOUNT,RESTRUCTURED,2026-03-31,,,,,,,,,,,,,,,,,,,,,,,,,,,,,,,13586962.04,,,2024-02-18,,0,95805.50,,,,,,8.6000,,,,,,,,,,,,ABC-HL-0047,ABC-COL-0047,,SUB_STANDARD,,,,,,,,,,,,,,HOME_LOAN,,,,,,,LOAN_ACCOUNT,,,,,,,,17915405.65,2023-12-23,,,,,,167,,,,,,,,,,,
LOAN_ACCOUNT,RESTRUCTURED,2026-03-31,,,,,,,,,,,,,,,,,,,,,,,,,,,,,,,9228397.88,,,2024-04-05,,0,65072.04,,,,,,8.6500,,,,,,,,,,,,ABC-HL-0048,ABC-COL-0048,,SUB_STANDARD,,,,,,,,,,,,,,HOME_LOAN,,,,,,,LOAN_ACCOUNT,,,,,,,,22914736.28,2024-01-24,,,,,,168,,,,,,,,,,,
LOAN_ACCOUNT,ACTIVE,2026-03-31,,,,,,,,,,,,,,,,,,,,,,,,,,,,,,,12599440.08,,,2018-05-04,,0,88842.21,,,,,,8.7000,,,,,,,,,,,,ABC-HL-0049,ABC-COL-0049,,STANDARD,,,,,,,,,,,,,,PLOT_LOAN,,,,,,,LOAN_ACCOUNT,,,,,,,,29119894.40,2018-02-25,,,,,,169,,,,,,,,,,,
LOAN_ACCOUNT,ACTIVE,2026-03-31,,,,,,,,,,,,,,,,,,,,,,,,,,,,,,,23665757.28,,,2019-03-28,,0,166873.93,,,,,,8.7500,,,,,,,,,,,,ABC-HL-0050,ABC-COL-0050,,STANDARD,,,,,,,,,,,,,,COMMERCIAL_PROPERTY_LOAN,,,,,,,LOAN_ACCOUNT,,,,,,,,26532973.76,2019-03-01,,,,,,170,,,,,,,,,,,
LOAN_ACCOUNT,ACTIVE,2026-03-31,,,,,,,,,,,,,,,,,,,,,,,,,,,,,,,11861334.26,,,2020-05-13,,0,83637.61,,,,,,8.8000,,,,,,,,,,,,ABC-HL-0051,ABC-COL-0051,,SMA0,,,,,,,,,,,,,,PLOT_LOAN,,,,,,,LOAN_ACCOUNT,,,,,,,,12688317.95,2020-04-02,,,,,,171,,,,,,,,,,,
LOAN_ACCOUNT,ACTIVE,2026-03-31,,,,,,,,,,,,,,,,,,,,,,,,,,,,,,,12733893.92,,,2021-05-24,,0,89790.28,,,,,,8.8500,,,,,,,,,,,,ABC-HL-0052,ABC-COL-0052,,SMA1,,,,,,,,,,,,,,HOME_LOAN,,,,,,,LOAN_ACCOUNT,,,,,,,,15722239.73,2021-05-03,,,,,,172,,,,,,,,,,,
LOAN_ACCOUNT,ACTIVE,2026-03-31,,,,,,,,,,,,,,,,,,,,,,,,,,,,,,,25142594.41,,,2022-08-09,,0,177287.52,,,,,,8.9000,,,,,,,,,,,,ABC-HL-0053,ABC-COL-0053,,SMA2,,,,,,,,,,,,,,PLOT_LOAN,,,,,,,LOAN_ACCOUNT,,,,,,,,35326273.42,2022-06-04,,,,,,173,,,,,,,,,,,
LOAN_ACCOUNT,ACTIVE,2026-03-31,,,,,,,,,,,,,,,,,,,,,,,,,,,,,,,2930507.67,,,2023-08-07,,0,20663.84,,,,,,8.9500,,,,,,,,,,,,ABC-HL-0054,ABC-COL-0054,,SUB_STANDARD,,,,,,,,,,,,,,LAP,,,,,,,LOAN_ACCOUNT,,,,,,,,7065350.84,2023-07-05,,,,,,174,,,,,,,,,,,
LOAN_ACCOUNT,ACTIVE,2026-03-31,,,,,,,,,,,,,,,,,,,,,,,,,,,,,,,15045817.63,,,2024-09-26,,55,106092.30,,,,,,9.0000,,,,,,,,,,,,ABC-HL-0055,ABC-COL-0055,,DOUBTFUL,,,,,,,,,,,,,,LAP,,,,,,,LOAN_ACCOUNT,,,,,,,,40812313.21,2024-08-06,,,,,,175,,,,,,,,,,,
LOAN_ACCOUNT,ACTIVE,2026-03-31,,,,,,,,,,,,,,,,,,,,,,,,,,,,,,,22877649.88,,,2018-12-01,,0,161316.76,,,,,,9.0500,,,,,,,,,,,,ABC-HL-0056,ABC-COL-0056,,STANDARD,,,,,,,,,,,,,,HOME_LOAN,,,,,,,LOAN_ACCOUNT,,,,,,,,31309411.84,2018-09-07,,,,,,176,,,,,,,,,,,
LOAN_ACCOUNT,ACTIVE,2026-03-31,,,,,,,,,,,,,,,,,,,,,,,,,,,,,,,9634330.93,,,2019-11-09,,0,67934.38,,,,,,9.1000,,,,,,,,,,,,ABC-HL-0057,ABC-COL-0057,,STANDARD,,,,,,,,,,,,,,HOME_LOAN,,,,,,,LOAN_ACCOUNT,,,,,,,,9900826.52,2019-10-08,,,,,,177,,,,,,,,,,,
LOAN_ACCOUNT,CLOSED,2026-03-31,,,,,,,,,,,,,,,,,,,,,,,,,,,,,,,0.00,,,2021-02-03,,0,0.00,,,,,,9.1500,,,,,,,,,,,,ABC-HL-0058,ABC-COL-0058,,STANDARD,,,,,,,,,,,,,,COMMERCIAL_PROPERTY_LOAN,,,,,,,LOAN_ACCOUNT,,,,,,,,32351623.01,2020-11-09,,,,,,178,,,,,,,,,,,
LOAN_ACCOUNT,ACTIVE,2026-03-31,,,,,,,,,,,,,,,,,,,,,,,,,,,,,,,7477112.24,,,2021-12-31,,0,52723.23,,,,,,9.2000,,,,,,,,,,,,ABC-HL-0059,ABC-COL-0059,,SMA0,,,,,,,,,,,,,,HOME_LOAN,,,,,,,LOAN_ACCOUNT,,,,,,,,10209909.45,2021-12-10,,,,,,179,,,,,,,,,,,
LOAN_ACCOUNT,ACTIVE,2026-03-31,,,,,,,,,,,,,,,,,,,,,,,,,,,,,,,19055456.41,,,2022-04-04,,0,134365.40,,,,,,9.2500,,,,,,,,,,,,ABC-HL-0060,ABC-COL-0060,,SMA1,,,,,,,,,,,,,,HOME_LOAN,,,,,,,LOAN_ACCOUNT,,,,,,,,41135519.37,2022-01-11,,,,,,180,,,,,,,,,,,
LOAN_ACCOUNT,ACTIVE,2026-03-31,,,,,,,,,,,,,,,,,,,,,,,,,,,,,,,35068898.32,,,2023-04-10,,0,247280.69,,,,,,9.3000,,,,,,,,,,,,ABC-HL-0061,ABC-COL-0061,,SMA2,,,,,,,,,,,,,,HOME_LOAN,,,,,,,LOAN_ACCOUNT,,,,,,,,39692267.80,2023-02-12,,,,,,181,,,,,,,,,,,
LOAN_ACCOUNT,ACTIVE,2026-03-31,,,,,,,,,,,,,,,,,,,,,,,,,,,,,,,14030461.11,,,2024-05-27,,0,98932.74,,,,,,9.3500,,,,,,,,,,,,ABC-HL-0062,ABC-COL-0062,,SUB_STANDARD,,,,,,,,,,,,,,HOME_LOAN,,,,,,,LOAN_ACCOUNT,,,,,,,,33464993.83,2024-03-13,,,,,,182,,,,,,,,,,,
LOAN_ACCOUNT,ACTIVE,2026-03-31,,,,,,,,,,,,,,,,,,,,,,,,,,,,,,,1605951.91,,,2018-06-03,,0,11324.02,,,,,,9.4000,,,,,,,,,,,,ABC-HL-0063,ABC-COL-0063,,DOUBTFUL,,,,,,,,,,,,,,HOME_LOAN,,,,,,,LOAN_ACCOUNT,,,,,,,,3084690.26,2018-04-14,,,,,,183,,,,,,,,,,,
LOAN_ACCOUNT,SETTLED,2026-03-31,,,,,,,,,,,,,,,,,,,,,,,,,,,,,,,0.00,,,2019-07-11,,0,0.00,,,,,,9.4500,,,,,,,,,,,,ABC-HL-0064,ABC-COL-0064,,STANDARD,,,,,,,,,,,,,,HOME_LOAN,,,,,,,LOAN_ACCOUNT,,,,,,,,7003839.49,2019-05-15,,,,,,184,,,,,,,,,,,
LOAN_ACCOUNT,CLOSED,2026-03-31,,,,,,,,,,,,,,,,,,,,,,,,,,,,,,,0.00,,,2020-09-05,,0,0.00,,,,,,9.5000,,,,,,,,,,,,ABC-HL-0065,ABC-COL-0065,,STANDARD,,,,,,,,,,,,,,COMMERCIAL_PROPERTY_LOAN,,,,,,,LOAN_ACCOUNT,,,,,,,,4221470.47,2020-06-16,,,,,,185,,,,,,,,,,,
LOAN_ACCOUNT,RESTRUCTURED,2026-03-31,,,,,,,,,,,,,,,,,,,,,,,,,,,,,,,17247588.59,,,2021-08-31,,0,121617.61,,,,,,9.5500,,,,,,,,,,,,ABC-HL-0066,ABC-COL-0066,,SUB_STANDARD,,,,,,,,,,,,,,HOME_LOAN,,,,,,,LOAN_ACCOUNT,,,,,,,,25165610.16,2021-07-17,,,,,,186,,,,,,,,,,,
LOAN_ACCOUNT,ACTIVE,2026-03-31,,,,,,,,,,,,,,,,,,,,,,,,,,,,,,,10623727.29,,,2022-10-28,,0,74910.90,,,,,,9.6000,,,,,,,,,,,,ABC-HL-0067,ABC-COL-0067,,SMA0,,,,,,,,,,,,,,PLOT_LOAN,,,,,,,LOAN_ACCOUNT,,,,,,,,13642821.45,2022-08-18,,,,,,187,,,,,,,,,,,
LOAN_ACCOUNT,RESTRUCTURED,2026-03-31,,,,,,,,,,,,,,,,,,,,,,,,,,,,,,,12022938.21,,,2023-11-02,,0,84777.13,,,,,,9.6500,,,,,,,,,,,,ABC-HL-0068,ABC-COL-0068,,SUB_STANDARD,,,,,,,,,,,,,,HOME_LOAN,,,,,,,LOAN_ACCOUNT,,,,,,,,18260994.47,2023-09-19,,,,,,188,,,,,,,,,,,
LOAN_ACCOUNT,ACTIVE,2026-03-31,,,,,,,,,,,,,,,,,,,,,,,,,,,,,,,8760043.47,,,2024-12-08,,0,61769.54,,,,,,9.7000,,,,,,,,,,,,ABC-HL-0069,ABC-COL-0069,,SMA2,,,,,,,,,,,,,,PLOT_LOAN,,,,,,,LOAN_ACCOUNT,,,,,,,,22982290.36,2024-10-20,,,,,,189,,,,,,,,,,,
LOAN_ACCOUNT,ACTIVE,2026-03-31,,,,,,,,,,,,,,,,,,,,,,,,,,,,,,,17704485.36,,,2018-12-11,,0,124839.32,,,,,,9.7500,,,,,,,,,,,,ABC-HL-0070,ABC-COL-0070,,SUB_STANDARD,,,,,,,,,,,,,,HOME_LOAN,,,,,,,LOAN_ACCOUNT,,,,,,,,28536258.79,2018-11-21,,,,,,190,,,,,,,,,,,
LOAN_ACCOUNT,ACTIVE,2026-03-31,,,,,,,,,,,,,,,,,,,,,,,,,,,,,,,16764490.81,,,2020-03-17,,0,118211.15,,,,,,9.8000,,,,,,,,,,,,ABC-HL-0071,ABC-COL-0071,,DOUBTFUL,,,,,,,,,,,,,,HOME_LOAN,,,,,,,LOAN_ACCOUNT,,,,,,,,28814860.38,2019-12-22,,,,,,191,,,,,,,,,,,
LOAN_ACCOUNT,ACTIVE,2026-03-31,,,,,,,,,,,,,,,,,,,,,,,,,,,,,,,8909966.16,,,2020-02-07,,0,51046.68,,,,,,9.8500,,,,,,,,,,,,ABC-HL-0072,ABC-COL-0072,,STANDARD,,,,,,,,,,,,,,COMMERCIAL_PROPERTY_LOAN,,,,,,,LOAN_ACCOUNT,,,,,,,,24750542.64,2020-01-23,,,,,,192,,,,,,,,,,,
LOAN_ACCOUNT,ACTIVE,2026-03-31,,,,,,,,,,,,,,,,,,,,,,,,,,,,,,,5086789.52,,,2021-04-17,,0,29143.06,,,,,,9.9000,,,,,,,,,,,,ABC-HL-0073,ABC-COL-0073,,STANDARD,,,,,,,,,,,,,,HOME_LOAN,,,,,,,LOAN_ACCOUNT,,,,,,,,5784524.81,2021-02-24,,,,,,193,,,,,,,,,,,
LOAN_ACCOUNT,ACTIVE,2026-03-31,,,,,,,,,,,,,,,,,,,,,,,,,,,,,,,28946087.38,,,2022-06-22,,0,165836.96,,,,,,9.9500,,,,,,,,,,,,ABC-HL-0074,ABC-COL-0074,,STANDARD,,,,,,,,,,,,,,HOME_LOAN,,,,,,,LOAN_ACCOUNT,,,,,,,,31969994.13,2022-03-25,,,,,,194,,,,,,,,,,,
LOAN_ACCOUNT,CLOSED,2026-03-31,,,,,,,,,,,,,,,,,,,,,,,,,,,,,,,0.00,,,2023-06-20,,0,0.00,,,,,,10.0000,,,,,,,,,,,,ABC-HL-0075,ABC-COL-0075,,SMA0,,,,,,,,,,,,,,HOME_LOAN,,,,,,,LOAN_ACCOUNT,,,,,,,,4689294.60,2023-04-01,,,,,,195,,,,,,,,,,,
MORTGAGE_CHARGE,,,,,,,,,,,,,,,,2674269.95,,,,1,ACTIVE,SECOND_CHARGE,,,,,,,,,,,,,,,,,,,,,,,,,,,,,,,,,,,ABC-HL-0001,,,,,,,,,,,,,,,Y,XYZ National Bank,,,,,,,,MORTGAGE_CHARGE,,,,,,,,,,,,,,,,,,,,,,,,,,
MORTGAGE_CHARGE,,,,,,,,,,,,,,,,43911663.11,2020-05-24,CHG/2020/60002,,1,ACTIVE,REGISTERED_MORTGAGE,,,,,,,,,,,,,,,,,,,,,,,,,,,,,,,,,,,ABC-HL-0002,,,,,,,,,,,,,,,N,,,,,,,,,MORTGAGE_CHARGE,,,,,,,,,,,,,,,,,,,,,,,,,,
MORTGAGE_CHARGE,,,,,,,,,,,,,,,,11376913.69,,,,1,ACTIVE,EQUITABLE_MORTGAGE,,,,,,,,,,,,,,,,,,,,,,,,,,,,,,,,,,,ABC-HL-0003,,,,,,,,,,,,,,,N,,,,,,,,,MORTGAGE_CHARGE,,,,,,,,,,,,,,,,,,,,,,,,,,
MORTGAGE_CHARGE,,,,,,,,,,,,,,,,15177452.02,,,,1,ACTIVE,PARI_PASSU,,,,,,,,,,,,,,,,,,,,,,,,,,,,,,,,,,,ABC-HL-0004,,,,,,,,,,,,,,,N,,,,,,,,,MORTGAGE_CHARGE,,,,,,,,,,,,,,,,,,,,,,,,,,
MORTGAGE_CHARGE,,,,,,,,,,,,,,,,7588726.01,2022-08-15,CHG-PARI/2022/60004,,2,ACTIVE,PARI_PASSU,,,,,,,,,,,,,,,,,,,,,,,,,,,,,,,,,,,ABC-HL-0004,,,,,,,,,,,,,,,Y,PQR Housing Finance Ltd,,,,,,,,MORTGAGE_CHARGE,,,,,,,,,,,,,,,,,,,,,,,,,,
MORTGAGE_CHARGE,,,,,,,,,,,,,,,,32728578.77,,,,1,ACTIVE,FIRST_CHARGE,,,,,,,,,,,,,,,,,,,,,,,,,,,,,,,,,,,ABC-HL-0005,,,,,,,,,,,,,,,N,,,,,,,,,MORTGAGE_CHARGE,,,,,,,,,,,,,,,,,,,,,,,,,,
MORTGAGE_CHARGE,,,,,,,,,,,,,,,,29466454.08,,,,1,ACTIVE,SECOND_CHARGE,,,,,,,,,,,,,,,,,,,,,,,,,,,,,,,,,,,ABC-HL-0006,,,,,,,,,,,,,,,Y,XYZ National Bank,,,,,,,,MORTGAGE_CHARGE,,,,,,,,,,,,,,,,,,,,,,,,,,
MORTGAGE_CHARGE,,,,,,,,,,,,,,,,11233855.68,2018-10-14,CHG/2018/60007,,1,ACTIVE,REGISTERED_MORTGAGE,,,,,,,,,,,,,,,,,,,,,,,,,,,,,,,,,,,ABC-HL-0007,,,,,,,,,,,,,,,N,,,,,,,,,MORTGAGE_CHARGE,,,,,,,,,,,,,,,,,,,,,,,,,,
MORTGAGE_CHARGE,,,,,,,,,,,,,,,,19471304.95,,,,1,ACTIVE,EQUITABLE_MORTGAGE,,,,,,,,,,,,,,,,,,,,,,,,,,,,,,,,,,,ABC-HL-0008,,,,,,,,,,,,,,,N,,,,,,,,,MORTGAGE_CHARGE,,,,,,,,,,,,,,,,,,,,,,,,,,
MORTGAGE_CHARGE,,,,,,,,,,,,,,,,14696326.06,,,,1,ACTIVE,PARI_PASSU,,,,,,,,,,,,,,,,,,,,,,,,,,,,,,,,,,,ABC-HL-0009,,,,,,,,,,,,,,,N,,,,,,,,,MORTGAGE_CHARGE,,,,,,,,,,,,,,,,,,,,,,,,,,
MORTGAGE_CHARGE,,,,,,,,,,,,,,,,25538269.32,,,,1,ACTIVE,FIRST_CHARGE,,,,,,,,,,,,,,,,,,,,,,,,,,,,,,,,,,,ABC-HL-0010,,,,,,,,,,,,,,,N,,,,,,,,,MORTGAGE_CHARGE,,,,,,,,,,,,,,,,,,,,,,,,,,
MORTGAGE_CHARGE,,,,,,,,,,,,,,,,21405212.00,,,,1,ACTIVE,SECOND_CHARGE,,,,,,,,,,,,,,,,,,,,,,,,,,,,,,,,,,,ABC-HL-0011,,,,,,,,,,,,,,,Y,XYZ National Bank,,,,,,,,MORTGAGE_CHARGE,,,,,,,,,,,,,,,,,,,,,,,,,,
MORTGAGE_CHARGE,,,,,,,,,,,,,,,,9908032.78,2023-04-05,CHG/2023/60012,,1,ACTIVE,REGISTERED_MORTGAGE,,,,,,,,,,,,,,,,,,,,,,,,,,,,,,,,,,,ABC-HL-0012,,,,,,,,,,,,,,,N,,,,,,,,,MORTGAGE_CHARGE,,,,,,,,,,,,,,,,,,,,,,,,,,
MORTGAGE_CHARGE,,,,,,,,,,,,,,,,18120863.04,,,,1,ACTIVE,EQUITABLE_MORTGAGE,,,,,,,,,,,,,,,,,,,,,,,,,,,,,,,,,,,ABC-HL-0013,,,,,,,,,,,,,,,N,,,,,,,,,MORTGAGE_CHARGE,,,,,,,,,,,,,,,,,,,,,,,,,,
MORTGAGE_CHARGE,,,,,,,,,,,,,,,,24284178.12,,,2026-03-31,1,RELEASED,PARI_PASSU,,,,,,,,,,,,,,,,,,,,,,,,,,,,,,,,,,,ABC-HL-0014,,,,,,,,,,,,,,,N,,,,,,,,,MORTGAGE_CHARGE,,,,,,,,,,,,,,,,,,,,,,,,,,
MORTGAGE_CHARGE,,,,,,,,,,,,,,,,43918473.23,,,,1,ACTIVE,FIRST_CHARGE,,,,,,,,,,,,,,,,,,,,,,,,,,,,,,,,,,,ABC-HL-0015,,,,,,,,,,,,,,,N,,,,,,,,,MORTGAGE_CHARGE,,,,,,,,,,,,,,,,,,,,,,,,,,
MORTGAGE_CHARGE,,,,,,,,,,,,,,,,39994463.27,,,,1,ACTIVE,SECOND_CHARGE,,,,,,,,,,,,,,,,,,,,,,,,,,,,,,,,,,,ABC-HL-0016,,,,,,,,,,,,,,,Y,XYZ National Bank,,,,,,,,MORTGAGE_CHARGE,,,,,,,,,,,,,,,,,,,,,,,,,,
MORTGAGE_CHARGE,,,,,,,,,,,,,,,,28599305.45,2021-07-25,CHG/2021/60017,,1,ACTIVE,REGISTERED_MORTGAGE,,,,,,,,,,,,,,,,,,,,,,,,,,,,,,,,,,,ABC-HL-0017,,,,,,,,,,,,,,,N,,,,,,,,,MORTGAGE_CHARGE,,,,,,,,,,,,,,,,,,,,,,,,,,
MORTGAGE_CHARGE,,,,,,,,,,,,,,,,35732810.11,,,,1,ACTIVE,EQUITABLE_MORTGAGE,,,,,,,,,,,,,,,,,,,,,,,,,,,,,,,,,,,ABC-HL-0018,,,,,,,,,,,,,,,N,,,,,,,,,MORTGAGE_CHARGE,,,,,,,,,,,,,,,,,,,,,,,,,,
MORTGAGE_CHARGE,,,,,,,,,,,,,,,,8996459.95,,,,1,ACTIVE,PARI_PASSU,,,,,,,,,,,,,,,,,,,,,,,,,,,,,,,,,,,ABC-HL-0019,,,,,,,,,,,,,,,N,,,,,,,,,MORTGAGE_CHARGE,,,,,,,,,,,,,,,,,,,,,,,,,,
MORTGAGE_CHARGE,,,,,,,,,,,,,,,,39769703.84,,,,1,ACTIVE,FIRST_CHARGE,,,,,,,,,,,,,,,,,,,,,,,,,,,,,,,,,,,ABC-HL-0020,,,,,,,,,,,,,,,N,,,,,,,,,MORTGAGE_CHARGE,,,,,,,,,,,,,,,,,,,,,,,,,,
MORTGAGE_CHARGE,,,,,,,,,,,,,,,,23883304.92,,,,1,ACTIVE,SECOND_CHARGE,,,,,,,,,,,,,,,,,,,,,,,,,,,,,,,,,,,ABC-HL-0021,,,,,,,,,,,,,,,Y,XYZ National Bank,,,,,,,,MORTGAGE_CHARGE,,,,,,,,,,,,,,,,,,,,,,,,,,
MORTGAGE_CHARGE,,,,,,,,,,,,,,,,44007037.00,2020-01-22,CHG/2020/60022,2026-03-31,1,RELEASED,REGISTERED_MORTGAGE,,,,,,,,,,,,,,,,,,,,,,,,,,,,,,,,,,,ABC-HL-0022,,,,,,,,,,,,,,,N,,,,,,,,,MORTGAGE_CHARGE,,,,,,,,,,,,,,,,,,,,,,,,,,
MORTGAGE_CHARGE,,,,,,,,,,,,,,,,26082680.51,,,,1,ACTIVE,EQUITABLE_MORTGAGE,,,,,,,,,,,,,,,,,,,,,,,,,,,,,,,,,,,ABC-HL-0023,,,,,,,,,,,,,,,N,,,,,,,,,MORTGAGE_CHARGE,,,,,,,,,,,,,,,,,,,,,,,,,,
MORTGAGE_CHARGE,,,,,,,,,,,,,,,,41238311.58,,,,1,ACTIVE,PARI_PASSU,,,,,,,,,,,,,,,,,,,,,,,,,,,,,,,,,,,ABC-HL-0024,,,,,,,,,,,,,,,N,,,,,,,,,MORTGAGE_CHARGE,,,,,,,,,,,,,,,,,,,,,,,,,,
MORTGAGE_CHARGE,,,,,,,,,,,,,,,,20619155.79,2021-05-06,CHG-PARI/2021/60024,,2,ACTIVE,PARI_PASSU,,,,,,,,,,,,,,,,,,,,,,,,,,,,,,,,,,,ABC-HL-0024,,,,,,,,,,,,,,,Y,PQR Housing Finance Ltd,,,,,,,,MORTGAGE_CHARGE,,,,,,,,,,,,,,,,,,,,,,,,,,
MORTGAGE_CHARGE,,,,,,,,,,,,,,,,5520384.05,,,,1,ACTIVE,FIRST_CHARGE,,,,,,,,,,,,,,,,,,,,,,,,,,,,,,,,,,,ABC-HL-0025,,,,,,,,,,,,,,,N,,,,,,,,,MORTGAGE_CHARGE,,,,,,,,,,,,,,,,,,,,,,,,,,
MORTGAGE_CHARGE,,,,,,,,,,,,,,,,36297269.99,,,,1,ACTIVE,SECOND_CHARGE,,,,,,,,,,,,,,,,,,,,,,,,,,,,,,,,,,,ABC-HL-0026,,,,,,,,,,,,,,,Y,XYZ National Bank,,,,,,,,MORTGAGE_CHARGE,,,,,,,,,,,,,,,,,,,,,,,,,,
MORTGAGE_CHARGE,,,,,,,,,,,,,,,,17598334.15,2024-05-26,CHG/2024/60027,,1,ACTIVE,REGISTERED_MORTGAGE,,,,,,,,,,,,,,,,,,,,,,,,,,,,,,,,,,,ABC-HL-0027,,,,,,,,,,,,,,,N,,,,,,,,,MORTGAGE_CHARGE,,,,,,,,,,,,,,,,,,,,,,,,,,
MORTGAGE_CHARGE,,,,,,,,,,,,,,,,15148820.15,,,,1,ACTIVE,EQUITABLE_MORTGAGE,,,,,,,,,,,,,,,,,,,,,,,,,,,,,,,,,,,ABC-HL-0028,,,,,,,,,,,,,,,N,,,,,,,,,MORTGAGE_CHARGE,,,,,,,,,,,,,,,,,,,,,,,,,,
MORTGAGE_CHARGE,,,,,,,,,,,,,,,,6268048.35,,,,1,ACTIVE,PARI_PASSU,,,,,,,,,,,,,,,,,,,,,,,,,,,,,,,,,,,ABC-HL-0029,,,,,,,,,,,,,,,N,,,,,,,,,MORTGAGE_CHARGE,,,,,,,,,,,,,,,,,,,,,,,,,,
MORTGAGE_CHARGE,,,,,,,,,,,,,,,,11114167.86,,,,1,ACTIVE,FIRST_CHARGE,,,,,,,,,,,,,,,,,,,,,,,,,,,,,,,,,,,ABC-HL-0030,,,,,,,,,,,,,,,N,,,,,,,,,MORTGAGE_CHARGE,,,,,,,,,,,,,,,,,,,,,,,,,,
MORTGAGE_CHARGE,,,,,,,,,,,,,,,,39749064.71,,,,1,ACTIVE,SECOND_CHARGE,,,,,,,,,,,,,,,,,,,,,,,,,,,,,,,,,,,ABC-HL-0031,,,,,,,,,,,,,,,Y,XYZ National Bank,,,,,,,,MORTGAGE_CHARGE,,,,,,,,,,,,,,,,,,,,,,,,,,
MORTGAGE_CHARGE,,,,,,,,,,,,,,,,23886711.35,2022-11-09,CHG/2022/60032,,1,ACTIVE,REGISTERED_MORTGAGE,,,,,,,,,,,,,,,,,,,,,,,,,,,,,,,,,,,ABC-HL-0032,,,,,,,,,,,,,,,N,,,,,,,,,MORTGAGE_CHARGE,,,,,,,,,,,,,,,,,,,,,,,,,,
MORTGAGE_CHARGE,,,,,,,,,,,,,,,,12679016.67,,,,1,ACTIVE,EQUITABLE_MORTGAGE,,,,,,,,,,,,,,,,,,,,,,,,,,,,,,,,,,,ABC-HL-0033,,,,,,,,,,,,,,,N,,,,,,,,,MORTGAGE_CHARGE,,,,,,,,,,,,,,,,,,,,,,,,,,
MORTGAGE_CHARGE,,,,,,,,,,,,,,,,21803779.30,,,,1,ACTIVE,PARI_PASSU,,,,,,,,,,,,,,,,,,,,,,,,,,,,,,,,,,,ABC-HL-0034,,,,,,,,,,,,,,,N,,,,,,,,,MORTGAGE_CHARGE,,,,,,,,,,,,,,,,,,,,,,,,,,
MORTGAGE_CHARGE,,,,,,,,,,,,,,,,43055415.64,,,,1,ACTIVE,FIRST_CHARGE,,,,,,,,,,,,,,,,,,,,,,,,,,,,,,,,,,,ABC-HL-0035,,,,,,,,,,,,,,,N,,,,,,,,,MORTGAGE_CHARGE,,,,,,,,,,,,,,,,,,,,,,,,,,
MORTGAGE_CHARGE,,,,,,,,,,,,,,,,2867544.13,,,,1,ACTIVE,SECOND_CHARGE,,,,,,,,,,,,,,,,,,,,,,,,,,,,,,,,,,,ABC-HL-0036,,,,,,,,,,,,,,,Y,XYZ National Bank,,,,,,,,MORTGAGE_CHARGE,,,,,,,,,,,,,,,,,,,,,,,,,,
MORTGAGE_CHARGE,,,,,,,,,,,,,,,,43361205.04,2020-06-10,CHG/2020/60037,,1,ACTIVE,REGISTERED_MORTGAGE,,,,,,,,,,,,,,,,,,,,,,,,,,,,,,,,,,,ABC-HL-0037,,,,,,,,,,,,,,,N,,,,,,,,,MORTGAGE_CHARGE,,,,,,,,,,,,,,,,,,,,,,,,,,
MORTGAGE_CHARGE,,,,,,,,,,,,,,,,42223677.15,,,,1,ACTIVE,EQUITABLE_MORTGAGE,,,,,,,,,,,,,,,,,,,,,,,,,,,,,,,,,,,ABC-HL-0038,,,,,,,,,,,,,,,N,,,,,,,,,MORTGAGE_CHARGE,,,,,,,,,,,,,,,,,,,,,,,,,,
MORTGAGE_CHARGE,,,,,,,,,,,,,,,,15048841.99,,,2026-03-31,1,RELEASED,PARI_PASSU,,,,,,,,,,,,,,,,,,,,,,,,,,,,,,,,,,,ABC-HL-0039,,,,,,,,,,,,,,,N,,,,,,,,,MORTGAGE_CHARGE,,,,,,,,,,,,,,,,,,,,,,,,,,
MORTGAGE_CHARGE,,,,,,,,,,,,,,,,39472440.70,,,,1,ACTIVE,FIRST_CHARGE,,,,,,,,,,,,,,,,,,,,,,,,,,,,,,,,,,,ABC-HL-0040,,,,,,,,,,,,,,,N,,,,,,,,,MORTGAGE_CHARGE,,,,,,,,,,,,,,,,,,,,,,,,,,
MORTGAGE_CHARGE,,,,,,,,,,,,,,,,12818325.90,,,,1,ACTIVE,SECOND_CHARGE,,,,,,,,,,,,,,,,,,,,,,,,,,,,,,,,,,,ABC-HL-0041,,,,,,,,,,,,,,,Y,XYZ National Bank,,,,,,,,MORTGAGE_CHARGE,,,,,,,,,,,,,,,,,,,,,,,,,,
MORTGAGE_CHARGE,,,,,,,,,,,,,,,,4071200.26,2018-09-01,CHG/2018/60042,,1,ACTIVE,REGISTERED_MORTGAGE,,,,,,,,,,,,,,,,,,,,,,,,,,,,,,,,,,,ABC-HL-0042,,,,,,,,,,,,,,,N,,,,,,,,,MORTGAGE_CHARGE,,,,,,,,,,,,,,,,,,,,,,,,,,
MORTGAGE_CHARGE,,,,,,,,,,,,,,,,28191187.02,,,,1,ACTIVE,EQUITABLE_MORTGAGE,,,,,,,,,,,,,,,,,,,,,,,,,,,,,,,,,,,ABC-HL-0043,,,,,,,,,,,,,,,N,,,,,,,,,MORTGAGE_CHARGE,,,,,,,,,,,,,,,,,,,,,,,,,,
MORTGAGE_CHARGE,,,,,,,,,,,,,,,,25381892.46,,,,1,ACTIVE,PARI_PASSU,,,,,,,,,,,,,,,,,,,,,,,,,,,,,,,,,,,ABC-HL-0044,,,,,,,,,,,,,,,N,,,,,,,,,MORTGAGE_CHARGE,,,,,,,,,,,,,,,,,,,,,,,,,,
MORTGAGE_CHARGE,,,,,,,,,,,,,,,,12690946.23,2020-10-28,CHG-PARI/2020/60044,,2,ACTIVE,PARI_PASSU,,,,,,,,,,,,,,,,,,,,,,,,,,,,,,,,,,,ABC-HL-0044,,,,,,,,,,,,,,,Y,PQR Housing Finance Ltd,,,,,,,,MORTGAGE_CHARGE,,,,,,,,,,,,,,,,,,,,,,,,,,
MORTGAGE_CHARGE,,,,,,,,,,,,,,,,28552584.08,,,,1,ACTIVE,FIRST_CHARGE,,,,,,,,,,,,,,,,,,,,,,,,,,,,,,,,,,,ABC-HL-0045,,,,,,,,,,,,,,,N,,,,,,,,,MORTGAGE_CHARGE,,,,,,,,,,,,,,,,,,,,,,,,,,
MORTGAGE_CHARGE,,,,,,,,,,,,,,,,28732162.67,,,,1,ACTIVE,SECOND_CHARGE,,,,,,,,,,,,,,,,,,,,,,,,,,,,,,,,,,,ABC-HL-0046,,,,,,,,,,,,,,,Y,XYZ National Bank,,,,,,,,MORTGAGE_CHARGE,,,,,,,,,,,,,,,,,,,,,,,,,,
MORTGAGE_CHARGE,,,,,,,,,,,,,,,,17915405.65,2024-03-11,CHG/2024/60047,,1,ACTIVE,REGISTERED_MORTGAGE,,,,,,,,,,,,,,,,,,,,,,,,,,,,,,,,,,,ABC-HL-0047,,,,,,,,,,,,,,,N,,,,,,,,,MORTGAGE_CHARGE,,,,,,,,,,,,,,,,,,,,,,,,,,
MORTGAGE_CHARGE,,,,,,,,,,,,,,,,22914736.28,,,,1,ACTIVE,EQUITABLE_MORTGAGE,,,,,,,,,,,,,,,,,,,,,,,,,,,,,,,,,,,ABC-HL-0048,,,,,,,,,,,,,,,N,,,,,,,,,MORTGAGE_CHARGE,,,,,,,,,,,,,,,,,,,,,,,,,,
MORTGAGE_CHARGE,,,,,,,,,,,,,,,,29119894.40,,,,1,ACTIVE,PARI_PASSU,,,,,,,,,,,,,,,,,,,,,,,,,,,,,,,,,,,ABC-HL-0049,,,,,,,,,,,,,,,N,,,,,,,,,MORTGAGE_CHARGE,,,,,,,,,,,,,,,,,,,,,,,,,,
MORTGAGE_CHARGE,,,,,,,,,,,,,,,,26532973.76,,,,1,ACTIVE,FIRST_CHARGE,,,,,,,,,,,,,,,,,,,,,,,,,,,,,,,,,,,ABC-HL-0050,,,,,,,,,,,,,,,N,,,,,,,,,MORTGAGE_CHARGE,,,,,,,,,,,,,,,,,,,,,,,,,,
MORTGAGE_CHARGE,,,,,,,,,,,,,,,,12688317.95,,,,1,ACTIVE,SECOND_CHARGE,,,,,,,,,,,,,,,,,,,,,,,,,,,,,,,,,,,ABC-HL-0051,,,,,,,,,,,,,,,Y,XYZ National Bank,,,,,,,,MORTGAGE_CHARGE,,,,,,,,,,,,,,,,,,,,,,,,,,
MORTGAGE_CHARGE,,,,,,,,,,,,,,,,15722239.73,2021-07-01,CHG/2021/60052,,1,ACTIVE,REGISTERED_MORTGAGE,,,,,,,,,,,,,,,,,,,,,,,,,,,,,,,,,,,ABC-HL-0052,,,,,,,,,,,,,,,N,,,,,,,,,MORTGAGE_CHARGE,,,,,,,,,,,,,,,,,,,,,,,,,,
MORTGAGE_CHARGE,,,,,,,,,,,,,,,,35326273.42,,,,1,ACTIVE,EQUITABLE_MORTGAGE,,,,,,,,,,,,,,,,,,,,,,,,,,,,,,,,,,,ABC-HL-0053,,,,,,,,,,,,,,,N,,,,,,,,,MORTGAGE_CHARGE,,,,,,,,,,,,,,,,,,,,,,,,,,
MORTGAGE_CHARGE,,,,,,,,,,,,,,,,7065350.84,,,,1,ACTIVE,PARI_PASSU,,,,,,,,,,,,,,,,,,,,,,,,,,,,,,,,,,,ABC-HL-0054,,,,,,,,,,,,,,,N,,,,,,,,,MORTGAGE_CHARGE,,,,,,,,,,,,,,,,,,,,,,,,,,
MORTGAGE_CHARGE,,,,,,,,,,,,,,,,40812313.21,,,,1,ACTIVE,FIRST_CHARGE,,,,,,,,,,,,,,,,,,,,,,,,,,,,,,,,,,,ABC-HL-0055,,,,,,,,,,,,,,,N,,,,,,,,,MORTGAGE_CHARGE,,,,,,,,,,,,,,,,,,,,,,,,,,
MORTGAGE_CHARGE,,,,,,,,,,,,,,,,31309411.84,,,,1,ACTIVE,SECOND_CHARGE,,,,,,,,,,,,,,,,,,,,,,,,,,,,,,,,,,,ABC-HL-0056,,,,,,,,,,,,,,,Y,XYZ National Bank,,,,,,,,MORTGAGE_CHARGE,,,,,,,,,,,,,,,,,,,,,,,,,,
MORTGAGE_CHARGE,,,,,,,,,,,,,,,,9900826.52,2019-11-28,CHG/2019/60057,,1,ACTIVE,REGISTERED_MORTGAGE,,,,,,,,,,,,,,,,,,,,,,,,,,,,,,,,,,,ABC-HL-0057,,,,,,,,,,,,,,,N,,,,,,,,,MORTGAGE_CHARGE,,,,,,,,,,,,,,,,,,,,,,,,,,
MORTGAGE_CHARGE,,,,,,,,,,,,,,,,32351623.01,,,2026-03-31,1,RELEASED,EQUITABLE_MORTGAGE,,,,,,,,,,,,,,,,,,,,,,,,,,,,,,,,,,,ABC-HL-0058,,,,,,,,,,,,,,,N,,,,,,,,,MORTGAGE_CHARGE,,,,,,,,,,,,,,,,,,,,,,,,,,
MORTGAGE_CHARGE,,,,,,,,,,,,,,,,10209909.45,,,,1,ACTIVE,PARI_PASSU,,,,,,,,,,,,,,,,,,,,,,,,,,,,,,,,,,,ABC-HL-0059,,,,,,,,,,,,,,,N,,,,,,,,,MORTGAGE_CHARGE,,,,,,,,,,,,,,,,,,,,,,,,,,
MORTGAGE_CHARGE,,,,,,,,,,,,,,,,41135519.37,,,,1,ACTIVE,FIRST_CHARGE,,,,,,,,,,,,,,,,,,,,,,,,,,,,,,,,,,,ABC-HL-0060,,,,,,,,,,,,,,,N,,,,,,,,,MORTGAGE_CHARGE,,,,,,,,,,,,,,,,,,,,,,,,,,
MORTGAGE_CHARGE,,,,,,,,,,,,,,,,39692267.80,,,,1,ACTIVE,SECOND_CHARGE,,,,,,,,,,,,,,,,,,,,,,,,,,,,,,,,,,,ABC-HL-0061,,,,,,,,,,,,,,,Y,XYZ National Bank,,,,,,,,MORTGAGE_CHARGE,,,,,,,,,,,,,,,,,,,,,,,,,,
MORTGAGE_CHARGE,,,,,,,,,,,,,,,,33464993.83,2024-06-12,CHG/2024/60062,,1,ACTIVE,REGISTERED_MORTGAGE,,,,,,,,,,,,,,,,,,,,,,,,,,,,,,,,,,,ABC-HL-0062,,,,,,,,,,,,,,,N,,,,,,,,,MORTGAGE_CHARGE,,,,,,,,,,,,,,,,,,,,,,,,,,
MORTGAGE_CHARGE,,,,,,,,,,,,,,,,3084690.26,,,,1,ACTIVE,EQUITABLE_MORTGAGE,,,,,,,,,,,,,,,,,,,,,,,,,,,,,,,,,,,ABC-HL-0063,,,,,,,,,,,,,,,N,,,,,,,,,MORTGAGE_CHARGE,,,,,,,,,,,,,,,,,,,,,,,,,,
MORTGAGE_CHARGE,,,,,,,,,,,,,,,,7003839.49,,,,1,ACTIVE,PARI_PASSU,,,,,,,,,,,,,,,,,,,,,,,,,,,,,,,,,,,ABC-HL-0064,,,,,,,,,,,,,,,N,,,,,,,,,MORTGAGE_CHARGE,,,,,,,,,,,,,,,,,,,,,,,,,,
MORTGAGE_CHARGE,,,,,,,,,,,,,,,,3501919.75,2019-07-21,CHG-PARI/2019/60064,,2,ACTIVE,PARI_PASSU,,,,,,,,,,,,,,,,,,,,,,,,,,,,,,,,,,,ABC-HL-0064,,,,,,,,,,,,,,,Y,PQR Housing Finance Ltd,,,,,,,,MORTGAGE_CHARGE,,,,,,,,,,,,,,,,,,,,,,,,,,
MORTGAGE_CHARGE,,,,,,,,,,,,,,,,4221470.47,,,2026-03-31,1,RELEASED,FIRST_CHARGE,,,,,,,,,,,,,,,,,,,,,,,,,,,,,,,,,,,ABC-HL-0065,,,,,,,,,,,,,,,N,,,,,,,,,MORTGAGE_CHARGE,,,,,,,,,,,,,,,,,,,,,,,,,,
MORTGAGE_CHARGE,,,,,,,,,,,,,,,,25165610.16,,,,1,ACTIVE,SECOND_CHARGE,,,,,,,,,,,,,,,,,,,,,,,,,,,,,,,,,,,ABC-HL-0066,,,,,,,,,,,,,,,Y,XYZ National Bank,,,,,,,,MORTGAGE_CHARGE,,,,,,,,,,,,,,,,,,,,,,,,,,
MORTGAGE_CHARGE,,,,,,,,,,,,,,,,13642821.45,2022-11-05,CHG/2022/60067,,1,ACTIVE,REGISTERED_MORTGAGE,,,,,,,,,,,,,,,,,,,,,,,,,,,,,,,,,,,ABC-HL-0067,,,,,,,,,,,,,,,N,,,,,,,,,MORTGAGE_CHARGE,,,,,,,,,,,,,,,,,,,,,,,,,,
MORTGAGE_CHARGE,,,,,,,,,,,,,,,,18260994.47,,,,1,ACTIVE,EQUITABLE_MORTGAGE,,,,,,,,,,,,,,,,,,,,,,,,,,,,,,,,,,,ABC-HL-0068,,,,,,,,,,,,,,,N,,,,,,,,,MORTGAGE_CHARGE,,,,,,,,,,,,,,,,,,,,,,,,,,
MORTGAGE_CHARGE,,,,,,,,,,,,,,,,22982290.36,,,,1,ACTIVE,PARI_PASSU,,,,,,,,,,,,,,,,,,,,,,,,,,,,,,,,,,,ABC-HL-0069,,,,,,,,,,,,,,,N,,,,,,,,,MORTGAGE_CHARGE,,,,,,,,,,,,,,,,,,,,,,,,,,
MORTGAGE_CHARGE,,,,,,,,,,,,,,,,28536258.79,,,,1,ACTIVE,FIRST_CHARGE,,,,,,,,,,,,,,,,,,,,,,,,,,,,,,,,,,,ABC-HL-0070,,,,,,,,,,,,,,,N,,,,,,,,,MORTGAGE_CHARGE,,,,,,,,,,,,,,,,,,,,,,,,,,
MORTGAGE_CHARGE,,,,,,,,,,,,,,,,28814860.38,,,,1,ACTIVE,SECOND_CHARGE,,,,,,,,,,,,,,,,,,,,,,,,,,,,,,,,,,,ABC-HL-0071,,,,,,,,,,,,,,,Y,XYZ National Bank,,,,,,,,MORTGAGE_CHARGE,,,,,,,,,,,,,,,,,,,,,,,,,,
MORTGAGE_CHARGE,,,,,,,,,,,,,,,,24750542.64,2020-02-23,CHG/2020/60072,,1,ACTIVE,REGISTERED_MORTGAGE,,,,,,,,,,,,,,,,,,,,,,,,,,,,,,,,,,,ABC-HL-0072,,,,,,,,,,,,,,,N,,,,,,,,,MORTGAGE_CHARGE,,,,,,,,,,,,,,,,,,,,,,,,,,
MORTGAGE_CHARGE,,,,,,,,,,,,,,,,5784524.81,,,,1,ACTIVE,EQUITABLE_MORTGAGE,,,,,,,,,,,,,,,,,,,,,,,,,,,,,,,,,,,ABC-HL-0073,,,,,,,,,,,,,,,N,,,,,,,,,MORTGAGE_CHARGE,,,,,,,,,,,,,,,,,,,,,,,,,,
MORTGAGE_CHARGE,,,,,,,,,,,,,,,,31969994.13,,,,1,ACTIVE,PARI_PASSU,,,,,,,,,,,,,,,,,,,,,,,,,,,,,,,,,,,ABC-HL-0074,,,,,,,,,,,,,,,N,,,,,,,,,MORTGAGE_CHARGE,,,,,,,,,,,,,,,,,,,,,,,,,,
MORTGAGE_CHARGE,,,,,,,,,,,,,,,,4689294.60,,,2026-03-31,1,RELEASED,FIRST_CHARGE,,,,,,,,,,,,,,,,,,,,,,,,,,,,,,,,,,,ABC-HL-0075,,,,,,,,,,,,,,,N,,,,,,,,,MORTGAGE_CHARGE,,,,,,,,,,,,,,,,,,,,,,,,,,
VALUATION,,,,,,,,,,,,,,,,,,,,,,,,,,,,,,,,,,,,,,,,,,,,,,Y,,,,,,,,,,,,ABC-COL-0001,,,,,,,,,,,,,,,,,,,,,,,VALUATION,,,,,,,,,,,,,,,,,,,,,3922494.50,2025-02-15,1,BOOK_VALUE,Knight Frank India Pvt Ltd,
VALUATION,,,,,,,,,,,,,,,,,,,,,,,,,,,,,,,,,,,,,,,,,,,,,,Y,,,,,,,,,,,,ABC-COL-0002,,,,,,,,,,,,,,,,,,,,,,,VALUATION,,,,,,,,,,,,,,,,,,,,,55574903.00,2025-03-15,1,MARKET_VALUE,Anarock Property Consultants,
VALUATION,,,,,,,,,,,,,,,,,,,,,,,,,,,,,,,,,,,,,,,,,,,,,,Y,,,,,,,,,,,,ABC-COL-0003,,,,,,,,,,,,,,,,,,,,,,,VALUATION,,,,,,,,,,,,,,,,,,,,,16318919.96,2025-04-15,1,DISTRESS_VALUE,Cushman & Wakefield,
VALUATION,,,,,,,,,,,,,,,,,,,,,,,,,,,,,,,,,,,,,,,,,,,,,,Y,,,,,,,,,,,,ABC-COL-0004,,,,,,,,,,,,,,,,,,,,,,,VALUATION,,,,,,,,,,,,,,,,,,,,,18866948.67,2025-05-15,1,BOOK_VALUE,CBRE South Asia Pvt Ltd,
VALUATION,,,,,,,,,,,,,,,,,,,,,,,,,,,,,,,,,,,,,,,,,,,,,,Y,,,,,,,,,,,,ABC-COL-0005,,,,,,,,,,,,,,,,,,,,,,,VALUATION,,,,,,,,,,,,,,,,,,,,,47671330.67,2025-06-15,1,MARKET_VALUE,Cushman & Wakefield,
VALUATION,,,,,,,,,,,,,,,,,,,,,,,,,,,,,,,,,,,,,,,,,,,,,,Y,,,,,,,,,,,,ABC-COL-0006,,,,,,,,,,,,,,,,,,,,,,,VALUATION,,,,,,,,,,,,,,,,,,,,,39101971.66,2025-07-15,1,DISTRESS_VALUE,Knight Frank India Pvt Ltd,
VALUATION,,,,,,,,,,,,,,,,,,,,,,,,,,,,,,,,,,,,,,,,,,,,,,Y,,,,,,,,,,,,ABC-COL-0007,,,,,,,,,,,,,,,,,,,,,,,VALUATION,,,,,,,,,,,,,,,,,,,,,16155619.24,2025-08-15,1,DISTRESS_VALUE,Cushman & Wakefield,
VALUATION,,,,,,,,,,,,,,,,,,,,,,,,,,,,,,,,,,,,,,,,,,,,,,Y,,,,,,,,,,,,ABC-COL-0008,,,,,,,,,,,,,,,,,,,,,,,VALUATION,,,,,,,,,,,,,,,,,,,,,30074249.98,2025-09-15,1,DISTRESS_VALUE,Anarock Property Consultants,
VALUATION,,,,,,,,,,,,,,,,,,,,,,,,,,,,,,,,,,,,,,,,,,,,,,Y,,,,,,,,,,,,ABC-COL-0009,,,,,,,,,,,,,,,,,,,,,,,VALUATION,,,,,,,,,,,,,,,,,,,,,18228869.51,2025-10-15,1,FAIR_VALUE,HFFC Approved Valuers Panel,
VALUATION,,,,,,,,,,,,,,,,,,,,,,,,,,,,,,,,,,,,,,,,,,,,,,Y,,,,,,,,,,,,ABC-COL-0010,,,,,,,,,,,,,,,,,,,,,,,VALUATION,,,,,,,,,,,,,,,,,,,,,31133724.66,2025-11-15,1,BOOK_VALUE,HFFC Approved Valuers Panel,
VALUATION,,,,,,,,,,,,,,,,,,,,,,,,,,,,,,,,,,,,,,,,,,,,,,Y,,,,,,,,,,,,ABC-COL-0011,,,,,,,,,,,,,,,,,,,,,,,VALUATION,,,,,,,,,,,,,,,,,,,,,31559646.48,2025-12-15,1,BOOK_VALUE,Cushman & Wakefield,
VALUATION,,,,,,,,,,,,,,,,,,,,,,,,,,,,,,,,,,,,,,,,,,,,,,Y,,,,,,,,,,,,ABC-COL-0012,,,,,,,,,,,,,,,,,,,,,,,VALUATION,,,,,,,,,,,,,,,,,,,,,12654230.65,2025-01-15,1,DISTRESS_VALUE,Cushman & Wakefield,
VALUATION,,,,,,,,,,,,,,,,,,,,,,,,,,,,,,,,,,,,,,,,,,,,,,Y,,,,,,,,,,,,ABC-COL-0013,,,,,,,,,,,,,,,,,,,,,,,VALUATION,,,,,,,,,,,,,,,,,,,,,22959673.27,2025-02-15,1,MARKET_VALUE,CBRE South Asia Pvt Ltd,
VALUATION,,,,,,,,,,,,,,,,,,,,,,,,,,,,,,,,,,,,,,,,,,,,,,Y,,,,,,,,,,,,ABC-COL-0014,,,,,,,,,,,,,,,,,,,,,,,VALUATION,,,,,,,,,,,,,,,,,,,,,32217138.14,2025-03-15,1,FAIR_VALUE,Cushman & Wakefield,
VALUATION,,,,,,,,,,,,,,,,,,,,,,,,,,,,,,,,,,,,,,,,,,,,,,Y,,,,,,,,,,,,ABC-COL-0015,,,,,,,,,,,,,,,,,,,,,,,VALUATION,,,,,,,,,,,,,,,,,,,,,59093038.49,2025-04-15,1,FAIR_VALUE,Anarock Property Consultants,
VALUATION,,,,,,,,,,,,,,,,,,,,,,,,,,,,,,,,,,,,,,,,,,,,,,Y,,,,,,,,,,,,ABC-COL-0016,,,,,,,,,,,,,,,,,,,,,,,VALUATION,,,,,,,,,,,,,,,,,,,,,53243590.14,2025-05-15,1,DISTRESS_VALUE,Anarock Property Consultants,
VALUATION,,,,,,,,,,,,,,,,,,,,,,,,,,,,,,,,,,,,,,,,,,,,,,Y,,,,,,,,,,,,ABC-COL-0017,,,,,,,,,,,,,,,,,,,,,,,VALUATION,,,,,,,,,,,,,,,,,,,,,35807857.38,2025-06-15,1,DISTRESS_VALUE,Knight Frank India Pvt Ltd,
VALUATION,,,,,,,,,,,,,,,,,,,,,,,,,,,,,,,,,,,,,,,,,,,,,,Y,,,,,,,,,,,,ABC-COL-0018,,,,,,,,,,,,,,,,,,,,,,,VALUATION,,,,,,,,,,,,,,,,,,,,,44752979.59,2025-07-15,1,DISTRESS_VALUE,Cushman & Wakefield,
VALUATION,,,,,,,,,,,,,,,,,,,,,,,,,,,,,,,,,,,,,,,,,,,,,,Y,,,,,,,,,,,,ABC-COL-0019,,,,,,,,,,,,,,,,,,,,,,,VALUATION,,,,,,,,,,,,,,,,,,,,,11549532.36,2025-08-15,1,FAIR_VALUE,HFFC Approved Valuers Panel,
VALUATION,,,,,,,,,,,,,,,,,,,,,,,,,,,,,,,,,,,,,,,,,,,,,,Y,,,,,,,,,,,,ABC-COL-0020,,,,,,,,,,,,,,,,,,,,,,,VALUATION,,,,,,,,,,,,,,,,,,,,,48564340.03,2025-09-15,1,MARKET_VALUE,Anarock Property Consultants,
VALUATION,,,,,,,,,,,,,,,,,,,,,,,,,,,,,,,,,,,,,,,,,,,,,,Y,,,,,,,,,,,,ABC-COL-0021,,,,,,,,,,,,,,,,,,,,,,,VALUATION,,,,,,,,,,,,,,,,,,,,,28561603.36,2025-10-15,1,BOOK_VALUE,Anarock Property Consultants,
VALUATION,,,,,,,,,,,,,,,,,,,,,,,,,,,,,,,,,,,,,,,,,,,,,,Y,,,,,,,,,,,,ABC-COL-0022,,,,,,,,,,,,,,,,,,,,,,,VALUATION,,,,,,,,,,,,,,,,,,,,,67433580.34,2025-11-15,1,MARKET_VALUE,CBRE South Asia Pvt Ltd,
VALUATION,,,,,,,,,,,,,,,,,,,,,,,,,,,,,,,,,,,,,,,,,,,,,,Y,,,,,,,,,,,,ABC-COL-0023,,,,,,,,,,,,,,,,,,,,,,,VALUATION,,,,,,,,,,,,,,,,,,,,,38311251.07,2025-12-15,1,MARKET_VALUE,HFFC Approved Valuers Panel,
VALUATION,,,,,,,,,,,,,,,,,,,,,,,,,,,,,,,,,,,,,,,,,,,,,,Y,,,,,,,,,,,,ABC-COL-0024,,,,,,,,,,,,,,,,,,,,,,,VALUATION,,,,,,,,,,,,,,,,,,,,,61824452.82,2025-01-15,1,BOOK_VALUE,HFFC Approved Valuers Panel,
VALUATION,,,,,,,,,,,,,,,,,,,,,,,,,,,,,,,,,,,,,,,,,,,,,,Y,,,,,,,,,,,,ABC-COL-0025,,,,,,,,,,,,,,,,,,,,,,,VALUATION,,,,,,,,,,,,,,,,,,,,,6439412.05,2025-02-15,1,MARKET_VALUE,CBRE South Asia Pvt Ltd,
VALUATION,,,,,,,,,,,,,,,,,,,,,,,,,,,,,,,,,,,,,,,,,,,,,,Y,,,,,,,,,,,,ABC-COL-0026,,,,,,,,,,,,,,,,,,,,,,,VALUATION,,,,,,,,,,,,,,,,,,,,,50075229.97,2025-03-15,1,BOOK_VALUE,Knight Frank India Pvt Ltd,
VALUATION,,,,,,,,,,,,,,,,,,,,,,,,,,,,,,,,,,,,,,,,,,,,,,Y,,,,,,,,,,,,ABC-COL-0027,,,,,,,,,,,,,,,,,,,,,,,VALUATION,,,,,,,,,,,,,,,,,,,,,24889410.29,2025-04-15,1,MARKET_VALUE,HFFC Approved Valuers Panel,
VALUATION,,,,,,,,,,,,,,,,,,,,,,,,,,,,,,,,,,,,,,,,,,,,,,Y,,,,,,,,,,,,ABC-COL-0028,,,,,,,,,,,,,,,,,,,,,,,VALUATION,,,,,,,,,,,,,,,,,,,,,20599335.00,2025-05-15,1,DISTRESS_VALUE,Knight Frank India Pvt Ltd,
VALUATION,,,,,,,,,,,,,,,,,,,,,,,,,,,,,,,,,,,,,,,,,,,,,,Y,,,,,,,,,,,,ABC-COL-0029,,,,,,,,,,,,,,,,,,,,,,,VALUATION,,,,,,,,,,,,,,,,,,,,,8939549.95,2025-06-15,1,MARKET_VALUE,CBRE South Asia Pvt Ltd,
VALUATION,,,,,,,,,,,,,,,,,,,,,,,,,,,,,,,,,,,,,,,,,,,,,,Y,,,,,,,,,,,,ABC-COL-0030,,,,,,,,,,,,,,,,,,,,,,,VALUATION,,,,,,,,,,,,,,,,,,,,,15924979.16,2025-07-15,1,MARKET_VALUE,CBRE South Asia Pvt Ltd,
VALUATION,,,,,,,,,,,,,,,,,,,,,,,,,,,,,,,,,,,,,,,,,,,,,,Y,,,,,,,,,,,,ABC-COL-0031,,,,,,,,,,,,,,,,,,,,,,,VALUATION,,,,,,,,,,,,,,,,,,,,,52792690.18,2025-08-15,1,BOOK_VALUE,Cushman & Wakefield,
VALUATION,,,,,,,,,,,,,,,,,,,,,,,,,,,,,,,,,,,,,,,,,,,,,,Y,,,,,,,,,,,,ABC-COL-0032,,,,,,,,,,,,,,,,,,,,,,,VALUATION,,,,,,,,,,,,,,,,,,,,,33333593.30,2025-09-15,1,MARKET_VALUE,Anarock Property Consultants,
VALUATION,,,,,,,,,,,,,,,,,,,,,,,,,,,,,,,,,,,,,,,,,,,,,,Y,,,,,,,,,,,,ABC-COL-0033,,,,,,,,,,,,,,,,,,,,,,,VALUATION,,,,,,,,,,,,,,,,,,,,,15979961.66,2025-10-15,1,BOOK_VALUE,Cushman & Wakefield,
VALUATION,,,,,,,,,,,,,,,,,,,,,,,,,,,,,,,,,,,,,,,,,,,,,,Y,,,,,,,,,,,,ABC-COL-0034,,,,,,,,,,,,,,,,,,,,,,,VALUATION,,,,,,,,,,,,,,,,,,,,,30520322.68,2025-11-15,1,DISTRESS_VALUE,Knight Frank India Pvt Ltd,
VALUATION,,,,,,,,,,,,,,,,,,,,,,,,,,,,,,,,,,,,,,,,,,,,,,Y,,,,,,,,,,,,ABC-COL-0035,,,,,,,,,,,,,,,,,,,,,,,VALUATION,,,,,,,,,,,,,,,,,,,,,66019040.03,2025-12-15,1,BOOK_VALUE,Knight Frank India Pvt Ltd,
VALUATION,,,,,,,,,,,,,,,,,,,,,,,,,,,,,,,,,,,,,,,,,,,,,,Y,,,,,,,,,,,,ABC-COL-0036,,,,,,,,,,,,,,,,,,,,,,,VALUATION,,,,,,,,,,,,,,,,,,,,,4254784.76,2025-01-15,1,FAIR_VALUE,Knight Frank India Pvt Ltd,
VALUATION,,,,,,,,,,,,,,,,,,,,,,,,,,,,,,,,,,,,,,,,,,,,,,Y,,,,,,,,,,,,ABC-COL-0037,,,,,,,,,,,,,,,,,,,,,,,VALUATION,,,,,,,,,,,,,,,,,,,,,60570614.00,2025-02-15,1,MARKET_VALUE,Knight Frank India Pvt Ltd,
VALUATION,,,,,,,,,,,,,,,,,,,,,,,,,,,,,,,,,,,,,,,,,,,,,,Y,,,,,,,,,,,,ABC-COL-0038,,,,,,,,,,,,,,,,,,,,,,,VALUATION,,,,,,,,,,,,,,,,,,,,,51831734.17,2025-03-15,1,MARKET_VALUE,HFFC Approved Valuers Panel,
VALUATION,,,,,,,,,,,,,,,,,,,,,,,,,,,,,,,,,,,,,,,,,,,,,,Y,,,,,,,,,,,,ABC-COL-0039,,,,,,,,,,,,,,,,,,,,,,,VALUATION,,,,,,,,,,,,,,,,,,,,,22340124.56,2025-04-15,1,BOOK_VALUE,Knight Frank India Pvt Ltd,
VALUATION,,,,,,,,,,,,,,,,,,,,,,,,,,,,,,,,,,,,,,,,,,,,,,Y,,,,,,,,,,,,ABC-COL-0040,,,,,,,,,,,,,,,,,,,,,,,VALUATION,,,,,,,,,,,,,,,,,,,,,53116283.00,2025-05-15,1,FAIR_VALUE,CBRE South Asia Pvt Ltd,
VALUATION,,,,,,,,,,,,,,,,,,,,,,,,,,,,,,,,,,,,,,,,,,,,,,Y,,,,,,,,,,,,ABC-COL-0041,,,,,,,,,,,,,,,,,,,,,,,VALUATION,,,,,,,,,,,,,,,,,,,,,17952204.32,2025-06-15,1,MARKET_VALUE,Anarock Property Consultants,
VALUATION,,,,,,,,,,,,,,,,,,,,,,,,,,,,,,,,,,,,,,,,,,,,,,Y,,,,,,,,,,,,ABC-COL-0042,,,,,,,,,,,,,,,,,,,,,,,VALUATION,,,,,,,,,,,,,,,,,,,,,5478863.23,2025-07-15,1,BOOK_VALUE,Anarock Property Consultants,
VALUATION,,,,,,,,,,,,,,,,,,,,,,,,,,,,,,,,,,,,,,,,,,,,,,Y,,,,,,,,,,,,ABC-COL-0043,,,,,,,,,,,,,,,,,,,,,,,VALUATION,,,,,,,,,,,,,,,,,,,,,39101570.76,2025-08-15,1,DISTRESS_VALUE,Cushman & Wakefield,
VALUATION,,,,,,,,,,,,,,,,,,,,,,,,,,,,,,,,,,,,,,,,,,,,,,Y,,,,,,,,,,,,ABC-COL-0044,,,,,,,,,,,,,,,,,,,,,,,VALUATION,,,,,,,,,,,,,,,,,,,,,35878729.50,2025-09-15,1,BOOK_VALUE,CBRE South Asia Pvt Ltd,
VALUATION,,,,,,,,,,,,,,,,,,,,,,,,,,,,,,,,,,,,,,,,,,,,,,Y,,,,,,,,,,,,ABC-COL-0045,,,,,,,,,,,,,,,,,,,,,,,VALUATION,,,,,,,,,,,,,,,,,,,,,40347251.63,2025-10-15,1,DISTRESS_VALUE,Knight Frank India Pvt Ltd,
VALUATION,,,,,,,,,,,,,,,,,,,,,,,,,,,,,,,,,,,,,,,,,,,,,,Y,,,,,,,,,,,,ABC-COL-0046,,,,,,,,,,,,,,,,,,,,,,,VALUATION,,,,,,,,,,,,,,,,,,,,,37931651.05,2025-11-15,1,DISTRESS_VALUE,CBRE South Asia Pvt Ltd,
VALUATION,,,,,,,,,,,,,,,,,,,,,,,,,,,,,,,,,,,,,,,,,,,,,,Y,,,,,,,,,,,,ABC-COL-0047,,,,,,,,,,,,,,,,,,,,,,,VALUATION,,,,,,,,,,,,,,,,,,,,,22370579.44,2025-12-15,1,FAIR_VALUE,Cushman & Wakefield,
VALUATION,,,,,,,,,,,,,,,,,,,,,,,,,,,,,,,,,,,,,,,,,,,,,,Y,,,,,,,,,,,,ABC-COL-0048,,,,,,,,,,,,,,,,,,,,,,,VALUATION,,,,,,,,,,,,,,,,,,,,,34950146.30,2025-01-15,1,FAIR_VALUE,Anarock Property Consultants,
VALUATION,,,,,,,,,,,,,,,,,,,,,,,,,,,,,,,,,,,,,,,,,,,,,,Y,,,,,,,,,,,,ABC-COL-0049,,,,,,,,,,,,,,,,,,,,,,,VALUATION,,,,,,,,,,,,,,,,,,,,,44437342.76,2025-02-15,1,MARKET_VALUE,Knight Frank India Pvt Ltd,
VALUATION,,,,,,,,,,,,,,,,,,,,,,,,,,,,,,,,,,,,,,,,,,,,,,Y,,,,,,,,,,,,ABC-COL-0050,,,,,,,,,,,,,,,,,,,,,,,VALUATION,,,,,,,,,,,,,,,,,,,,,39946459.21,2025-03-15,1,BOOK_VALUE,Knight Frank India Pvt Ltd,
VALUATION,,,,,,,,,,,,,,,,,,,,,,,,,,,,,,,,,,,,,,,,,,,,,,Y,,,,,,,,,,,,ABC-COL-0051,,,,,,,,,,,,,,,,,,,,,,,VALUATION,,,,,,,,,,,,,,,,,,,,,17317540.44,2025-04-15,1,DISTRESS_VALUE,Knight Frank India Pvt Ltd,
VALUATION,,,,,,,,,,,,,,,,,,,,,,,,,,,,,,,,,,,,,,,,,,,,,,Y,,,,,,,,,,,,ABC-COL-0052,,,,,,,,,,,,,,,,,,,,,,,VALUATION,,,,,,,,,,,,,,,,,,,,,19398841.33,2025-05-15,1,FAIR_VALUE,HFFC Approved Valuers Panel,
VALUATION,,,,,,,,,,,,,,,,,,,,,,,,,,,,,,,,,,,,,,,,,,,,,,Y,,,,,,,,,,,,ABC-COL-0053,,,,,,,,,,,,,,,,,,,,,,,VALUATION,,,,,,,,,,,,,,,,,,,,,51542208.94,2025-06-15,1,DISTRESS_VALUE,Anarock Property Consultants,
VALUATION,,,,,,,,,,,,,,,,,,,,,,,,,,,,,,,,,,,,,,,,,,,,,,Y,,,,,,,,,,,,ABC-COL-0054,,,,,,,,,,,,,,,,,,,,,,,VALUATION,,,,,,,,,,,,,,,,,,,,,8138158.78,2025-07-15,1,MARKET_VALUE,Cushman & Wakefield,
VALUATION,,,,,,,,,,,,,,,,,,,,,,,,,,,,,,,,,,,,,,,,,,,,,,Y,,,,,,,,,,,,ABC-COL-0055,,,,,,,,,,,,,,,,,,,,,,,VALUATION,,,,,,,,,,,,,,,,,,,,,52733782.66,2025-08-15,1,BOOK_VALUE,Knight Frank India Pvt Ltd,
VALUATION,,,,,,,,,,,,,,,,,,,,,,,,,,,,,,,,,,,,,,,,,,,,,,Y,,,,,,,,,,,,ABC-COL-0056,,,,,,,,,,,,,,,,,,,,,,,VALUATION,,,,,,,,,,,,,,,,,,,,,37533362.96,2025-09-15,1,DISTRESS_VALUE,CBRE South Asia Pvt Ltd,
VALUATION,,,,,,,,,,,,,,,,,,,,,,,,,,,,,,,,,,,,,,,,,,,,,,Y,,,,,,,,,,,,ABC-COL-0057,,,,,,,,,,,,,,,,,,,,,,,VALUATION,,,,,,,,,,,,,,,,,,,,,12378017.19,2025-10-15,1,BOOK_VALUE,HFFC Approved Valuers Panel,
VALUATION,,,,,,,,,,,,,,,,,,,,,,,,,,,,,,,,,,,,,,,,,,,,,,Y,,,,,,,,,,,,ABC-COL-0058,,,,,,,,,,,,,,,,,,,,,,,VALUATION,,,,,,,,,,,,,,,,,,,,,40134589.95,2025-11-15,1,MARKET_VALUE,Anarock Property Consultants,
VALUATION,,,,,,,,,,,,,,,,,,,,,,,,,,,,,,,,,,,,,,,,,,,,,,Y,,,,,,,,,,,,ABC-COL-0059,,,,,,,,,,,,,,,,,,,,,,,VALUATION,,,,,,,,,,,,,,,,,,,,,14057160.93,2025-12-15,1,BOOK_VALUE,Knight Frank India Pvt Ltd,
VALUATION,,,,,,,,,,,,,,,,,,,,,,,,,,,,,,,,,,,,,,,,,,,,,,Y,,,,,,,,,,,,ABC-COL-0060,,,,,,,,,,,,,,,,,,,,,,,VALUATION,,,,,,,,,,,,,,,,,,,,,52793922.07,2025-01-15,1,MARKET_VALUE,Anarock Property Consultants,
VALUATION,,,,,,,,,,,,,,,,,,,,,,,,,,,,,,,,,,,,,,,,,,,,,,Y,,,,,,,,,,,,ABC-COL-0061,,,,,,,,,,,,,,,,,,,,,,,VALUATION,,,,,,,,,,,,,,,,,,,,,54672721.35,2025-02-15,1,MARKET_VALUE,CBRE South Asia Pvt Ltd,
VALUATION,,,,,,,,,,,,,,,,,,,,,,,,,,,,,,,,,,,,,,,,,,,,,,Y,,,,,,,,,,,,ABC-COL-0062,,,,,,,,,,,,,,,,,,,,,,,VALUATION,,,,,,,,,,,,,,,,,,,,,43967520.82,2025-03-15,1,DISTRESS_VALUE,Anarock Property Consultants,
VALUATION,,,,,,,,,,,,,,,,,,,,,,,,,,,,,,,,,,,,,,,,,,,,,,Y,,,,,,,,,,,,ABC-COL-0063,,,,,,,,,,,,,,,,,,,,,,,VALUATION,,,,,,,,,,,,,,,,,,,,,4321684.19,2025-04-15,1,BOOK_VALUE,Anarock Property Consultants,
VALUATION,,,,,,,,,,,,,,,,,,,,,,,,,,,,,,,,,,,,,,,,,,,,,,Y,,,,,,,,,,,,ABC-COL-0064,,,,,,,,,,,,,,,,,,,,,,,VALUATION,,,,,,,,,,,,,,,,,,,,,8721290.63,2025-05-15,1,BOOK_VALUE,HFFC Approved Valuers Panel,
VALUATION,,,,,,,,,,,,,,,,,,,,,,,,,,,,,,,,,,,,,,,,,,,,,,Y,,,,,,,,,,,,ABC-COL-0065,,,,,,,,,,,,,,,,,,,,,,,VALUATION,,,,,,,,,,,,,,,,,,,,,5231731.27,2025-06-15,1,DISTRESS_VALUE,CBRE South Asia Pvt Ltd,
VALUATION,,,,,,,,,,,,,,,,,,,,,,,,,,,,,,,,,,,,,,,,,,,,,,Y,,,,,,,,,,,,ABC-COL-0066,,,,,,,,,,,,,,,,,,,,,,,VALUATION,,,,,,,,,,,,,,,,,,,,,30819428.28,2025-07-15,1,FAIR_VALUE,CBRE South Asia Pvt Ltd,
VALUATION,,,,,,,,,,,,,,,,,,,,,,,,,,,,,,,,,,,,,,,,,,,,,,Y,,,,,,,,,,,,ABC-COL-0067,,,,,,,,,,,,,,,,,,,,,,,VALUATION,,,,,,,,,,,,,,,,,,,,,18403477.60,2025-08-15,1,MARKET_VALUE,CBRE South Asia Pvt Ltd,
VALUATION,,,,,,,,,,,,,,,,,,,,,,,,,,,,,,,,,,,,,,,,,,,,,,Y,,,,,,,,,,,,ABC-COL-0068,,,,,,,,,,,,,,,,,,,,,,,VALUATION,,,,,,,,,,,,,,,,,,,,,27062526.55,2025-09-15,1,FAIR_VALUE,Knight Frank India Pvt Ltd,
VALUATION,,,,,,,,,,,,,,,,,,,,,,,,,,,,,,,,,,,,,,,,,,,,,,Y,,,,,,,,,,,,ABC-COL-0069,,,,,,,,,,,,,,,,,,,,,,,VALUATION,,,,,,,,,,,,,,,,,,,,,31445714.79,2025-10-15,1,MARKET_VALUE,Anarock Property Consultants,
VALUATION,,,,,,,,,,,,,,,,,,,,,,,,,,,,,,,,,,,,,,,,,,,,,,Y,,,,,,,,,,,,ABC-COL-0070,,,,,,,,,,,,,,,,,,,,,,,VALUATION,,,,,,,,,,,,,,,,,,,,,43785858.42,2025-11-15,1,FAIR_VALUE,Knight Frank India Pvt Ltd,
VALUATION,,,,,,,,,,,,,,,,,,,,,,,,,,,,,,,,,,,,,,,,,,,,,,Y,,,,,,,,,,,,ABC-COL-0071,,,,,,,,,,,,,,,,,,,,,,,VALUATION,,,,,,,,,,,,,,,,,,,,,40117333.13,2025-12-15,1,MARKET_VALUE,CBRE South Asia Pvt Ltd,
VALUATION,,,,,,,,,,,,,,,,,,,,,,,,,,,,,,,,,,,,,,,,,,,,,,Y,,,,,,,,,,,,ABC-COL-0072,,,,,,,,,,,,,,,,,,,,,,,VALUATION,,,,,,,,,,,,,,,,,,,,,37666853.51,2025-01-15,1,BOOK_VALUE,CBRE South Asia Pvt Ltd,
VALUATION,,,,,,,,,,,,,,,,,,,,,,,,,,,,,,,,,,,,,,,,,,,,,,Y,,,,,,,,,,,,ABC-COL-0073,,,,,,,,,,,,,,,,,,,,,,,VALUATION,,,,,,,,,,,,,,,,,,,,,8023737.81,2025-02-15,1,DISTRESS_VALUE,Anarock Property Consultants,
VALUATION,,,,,,,,,,,,,,,,,,,,,,,,,,,,,,,,,,,,,,,,,,,,,,Y,,,,,,,,,,,,ABC-COL-0074,,,,,,,,,,,,,,,,,,,,,,,VALUATION,,,,,,,,,,,,,,,,,,,,,39169998.22,2025-03-15,1,BOOK_VALUE,Knight Frank India Pvt Ltd,
VALUATION,,,,,,,,,,,,,,,,,,,,,,,,,,,,,,,,,,,,,,,,,,,,,,Y,,,,,,,,,,,,ABC-COL-0075,,,,,,,,,,,,,,,,,,,,,,,VALUATION,,,,,,,,,,,,,,,,,,,,,5766811.46,2025-04-15,1,BOOK_VALUE,Anarock Property Consultants,
DOCUMENT_STATUS,,,,,NOT_APPLICABLE,,,,,,,,,,,,,,,,,,,,,,,,,,,,,,,,,,,,NOT_APPLICABLE,,,,,,,,,2026-02-15,,,,,,,,ABC-COL-0001,,,,NOT_APPLICABLE,,,,,,,,,,,,,,,,,,,DOCUMENT_STATUS,,,,,,PENDING,,,,,,,,,,NOT_AVAILABLE,,,,,,,,,,
DOCUMENT_STATUS,,,,,NOT_APPLICABLE,,,,,,,,,,,,,,,,,,,,,,,,,,,,,,,,,,,,AVAILABLE,,,,,,,,,2026-03-15,,,,,,,,ABC-COL-0002,,,,NOT_AVAILABLE,,,,,,,,,,,,,,,,,,,DOCUMENT_STATUS,,,,,,NOT_APPLICABLE,,,,,,,,,,PENDING,,,,,,,,,,
DOCUMENT_STATUS,,,,,AVAILABLE,,,,,,,,,,,,,,,,,,,,,,,,,,,,,,,,,,,,NOT_AVAILABLE,,,,,,,,,2026-01-15,,,,,,,,ABC-COL-0003,,,,PENDING,,,,,,,,,,,,,,,,,,,DOCUMENT_STATUS,,,,,,AVAILABLE,,,,,,,,,,NOT_APPLICABLE,,,,,,,,,,
DOCUMENT_STATUS,,,,,NOT_AVAILABLE,,,,,,,,,,,,,,,,,,,,,,,,,,,,,,,,,,,,PENDING,,,,,,,,,2026-02-15,,,,,,,,ABC-COL-0004,,,,NOT_APPLICABLE,,,,,,,,,,,,,,,,,,,DOCUMENT_STATUS,,,,,,NOT_AVAILABLE,,,,,,,,,,AVAILABLE,,,,,,,,,,
DOCUMENT_STATUS,,,,,NOT_APPLICABLE,,,,,,,,,,,,,,,,,,,,,,,,,,,,,,,,,,,,NOT_APPLICABLE,,,,,,,,,2026-03-15,,,,,,,,ABC-COL-0005,,,,NOT_APPLICABLE,,,,,,,,,,,,,,,,,,,DOCUMENT_STATUS,,,,,,PENDING,,,,,,,,,,NOT_AVAILABLE,,,,,,,,,,
DOCUMENT_STATUS,,,,,NOT_APPLICABLE,,,,,,,,,,,,,,,,,,,,,,,,,,,,,,,,,,,,AVAILABLE,,,,,,,,,2026-01-15,,,,,,,,ABC-COL-0006,,,,NOT_APPLICABLE,,,,,,,,,,,,,,,,,,,DOCUMENT_STATUS,,,,,,NOT_APPLICABLE,,,,,,,,,,PENDING,,,,,,,,,,
DOCUMENT_STATUS,,,,,NOT_AVAILABLE,,,,,,,,,,,,,,,,,,,,,,,,,,,,,,,,,,,,NOT_AVAILABLE,,,,,,,,,2026-02-15,,,,,,,,ABC-COL-0007,,,,PENDING,,,,,,,,,,,,,,,,,,,DOCUMENT_STATUS,,,,,,AVAILABLE,,,,,,,,,,NOT_APPLICABLE,,,,,,,,,,
DOCUMENT_STATUS,,,,,PENDING,,,,,,,,,,,,,,,,,,,,,,,,,,,,,,,,,,,,PENDING,,,,,,,,,2026-03-15,,,,,,,,ABC-COL-0008,,,,NOT_APPLICABLE,,,,,,,,,,,,,,,,,,,DOCUMENT_STATUS,,,,,,NOT_AVAILABLE,,,,,,,,,,AVAILABLE,,,,,,,,,,
DOCUMENT_STATUS,,,,,AVAILABLE,,,,,,,,,,,,,,,,,,,,,,,,,,,,,,,,,,,,NOT_APPLICABLE,,,,,,,,,2026-01-15,,,,,,,,ABC-COL-0009,,,,AVAILABLE,,,,,,,,,,,,,,,,,,,DOCUMENT_STATUS,,,,,,PENDING,,,,,,,,,,NOT_AVAILABLE,,,,,,,,,,
DOCUMENT_STATUS,,,,,NOT_AVAILABLE,,,,,,,,,,,,,,,,,,,,,,,,,,,,,,,,,,,,AVAILABLE,,,,,,,,,2026-02-15,,,,,,,,ABC-COL-0010,,,,NOT_AVAILABLE,,,,,,,,,,,,,,,,,,,DOCUMENT_STATUS,,,,,,NOT_APPLICABLE,,,,,,,,,,PENDING,,,,,,,,,,
DOCUMENT_STATUS,,,,,PENDING,,,,,,,,,,,,,,,,,,,,,,,,,,,,,,,,,,,,NOT_AVAILABLE,,,,,,,,,2026-03-15,,,,,,,,ABC-COL-0011,,,,PENDING,,,,,,,,,,,,,,,,,,,DOCUMENT_STATUS,,,,,,AVAILABLE,,,,,,,,,,NOT_APPLICABLE,,,,,,,,,,
DOCUMENT_STATUS,,,,,AVAILABLE,,,,,,,,,,,,,,,,,,,,,,,,,,,,,,,,,,,,PENDING,,,,,,,,,2026-01-15,,,,,,,,ABC-COL-0012,,,,NOT_APPLICABLE,,,,,,,,,,,,,,,,,,,DOCUMENT_STATUS,,,,,,NOT_AVAILABLE,,,,,,,,,,AVAILABLE,,,,,,,,,,
DOCUMENT_STATUS,,,,,NOT_APPLICABLE,,,,,,,,,,,,,,,,,,,,,,,,,,,,,,,,,,,,NOT_APPLICABLE,,,,,,,,,2026-02-15,,,,,,,,ABC-COL-0013,,,,AVAILABLE,,,,,,,,,,,,,,,,,,,DOCUMENT_STATUS,,,,,,PENDING,,,,,,,,,,NOT_AVAILABLE,,,,,,,,,,
DOCUMENT_STATUS,,,,,PENDING,,,,,,,,,,,,,,,,,,,,,,,,,,,,,,,,,,,,AVAILABLE,,,,,,,,,2026-03-15,,,,,,,,ABC-COL-0014,,,,NOT_AVAILABLE,,,,,,,,,,,,,,,,,,,DOCUMENT_STATUS,,,,,,NOT_APPLICABLE,,,,,,,,,,PENDING,,,,,,,,,,
DOCUMENT_STATUS,,,,,AVAILABLE,,,,,,,,,,,,,,,,,,,,,,,,,,,,,,,,,,,,NOT_AVAILABLE,,,,,,,,,2026-01-15,,,,,,,,ABC-COL-0015,,,,PENDING,,,,,,,,,,,,,,,,,,,DOCUMENT_STATUS,,,,,,AVAILABLE,,,,,,,,,,NOT_APPLICABLE,,,,,,,,,,
DOCUMENT_STATUS,,,,,NOT_AVAILABLE,,,,,,,,,,,,,,,,,,,,,,,,,,,,,,,,,,,,PENDING,,,,,,,,,2026-02-15,,,,,,,,ABC-COL-0016,,,,NOT_APPLICABLE,,,,,,,,,,,,,,,,,,,DOCUMENT_STATUS,,,,,,NOT_AVAILABLE,,,,,,,,,,AVAILABLE,,,,,,,,,,
DOCUMENT_STATUS,,,,,NOT_APPLICABLE,,,,,,,,,,,,,,,,,,,,,,,,,,,,,,,,,,,,NOT_APPLICABLE,,,,,,,,,2026-03-15,,,,,,,,ABC-COL-0017,,,,NOT_APPLICABLE,,,,,,,,,,,,,,,,,,,DOCUMENT_STATUS,,,,,,PENDING,,,,,,,,,,NOT_AVAILABLE,,,,,,,,,,
DOCUMENT_STATUS,,,,,NOT_APPLICABLE,,,,,,,,,,,,,,,,,,,,,,,,,,,,,,,,,,,,AVAILABLE,,,,,,,,,2026-01-15,,,,,,,,ABC-COL-0018,,,,NOT_APPLICABLE,,,,,,,,,,,,,,,,,,,DOCUMENT_STATUS,,,,,,NOT_APPLICABLE,,,,,,,,,,PENDING,,,,,,,,,,
DOCUMENT_STATUS,,,,,NOT_AVAILABLE,,,,,,,,,,,,,,,,,,,,,,,,,,,,,,,,,,,,NOT_AVAILABLE,,,,,,,,,2026-02-15,,,,,,,,ABC-COL-0019,,,,PENDING,,,,,,,,,,,,,,,,,,,DOCUMENT_STATUS,,,,,,AVAILABLE,,,,,,,,,,NOT_APPLICABLE,,,,,,,,,,
DOCUMENT_STATUS,,,,,PENDING,,,,,,,,,,,,,,,,,,,,,,,,,,,,,,,,,,,,PENDING,,,,,,,,,2026-03-15,,,,,,,,ABC-COL-0020,,,,NOT_APPLICABLE,,,,,,,,,,,,,,,,,,,DOCUMENT_STATUS,,,,,,NOT_AVAILABLE,,,,,,,,,,AVAILABLE,,,,,,,,,,
DOCUMENT_STATUS,,,,,AVAILABLE,,,,,,,,,,,,,,,,,,,,,,,,,,,,,,,,,,,,NOT_APPLICABLE,,,,,,,,,2026-01-15,,,,,,,,ABC-COL-0021,,,,AVAILABLE,,,,,,,,,,,,,,,,,,,DOCUMENT_STATUS,,,,,,PENDING,,,,,,,,,,NOT_AVAILABLE,,,,,,,,,,
DOCUMENT_STATUS,,,,,NOT_APPLICABLE,,,,,,,,,,,,,,,,,,,,,,,,,,,,,,,,,,,,AVAILABLE,,,,,,,,,2026-02-15,,,,,,,,ABC-COL-0022,,,,NOT_AVAILABLE,,,,,,,,,,,,,,,,,,,DOCUMENT_STATUS,,,,,,NOT_APPLICABLE,,,,,,,,,,PENDING,,,,,,,,,,
DOCUMENT_STATUS,,,,,PENDING,,,,,,,,,,,,,,,,,,,,,,,,,,,,,,,,,,,,NOT_AVAILABLE,,,,,,,,,2026-03-15,,,,,,,,ABC-COL-0023,,,,PENDING,,,,,,,,,,,,,,,,,,,DOCUMENT_STATUS,,,,,,AVAILABLE,,,,,,,,,,NOT_APPLICABLE,,,,,,,,,,
DOCUMENT_STATUS,,,,,AVAILABLE,,,,,,,,,,,,,,,,,,,,,,,,,,,,,,,,,,,,PENDING,,,,,,,,,2026-01-15,,,,,,,,ABC-COL-0024,,,,NOT_APPLICABLE,,,,,,,,,,,,,,,,,,,DOCUMENT_STATUS,,,,,,NOT_AVAILABLE,,,,,,,,,,AVAILABLE,,,,,,,,,,
DOCUMENT_STATUS,,,,,NOT_AVAILABLE,,,,,,,,,,,,,,,,,,,,,,,,,,,,,,,,,,,,NOT_APPLICABLE,,,,,,,,,2026-02-15,,,,,,,,ABC-COL-0025,,,,AVAILABLE,,,,,,,,,,,,,,,,,,,DOCUMENT_STATUS,,,,,,PENDING,,,,,,,,,,NOT_AVAILABLE,,,,,,,,,,
DOCUMENT_STATUS,,,,,PENDING,,,,,,,,,,,,,,,,,,,,,,,,,,,,,,,,,,,,AVAILABLE,,,,,,,,,2026-03-15,,,,,,,,ABC-COL-0026,,,,NOT_AVAILABLE,,,,,,,,,,,,,,,,,,,DOCUMENT_STATUS,,,,,,NOT_APPLICABLE,,,,,,,,,,PENDING,,,,,,,,,,
DOCUMENT_STATUS,,,,,AVAILABLE,,,,,,,,,,,,,,,,,,,,,,,,,,,,,,,,,,,,NOT_AVAILABLE,,,,,,,,,2026-01-15,,,,,,,,ABC-COL-0027,,,,PENDING,,,,,,,,,,,,,,,,,,,DOCUMENT_STATUS,,,,,,AVAILABLE,,,,,,,,,,NOT_APPLICABLE,,,,,,,,,,
DOCUMENT_STATUS,,,,,NOT_APPLICABLE,,,,,,,,,,,,,,,,,,,,,,,,,,,,,,,,,,,,PENDING,,,,,,,,,2026-02-15,,,,,,,,ABC-COL-0028,,,,NOT_APPLICABLE,,,,,,,,,,,,,,,,,,,DOCUMENT_STATUS,,,,,,NOT_AVAILABLE,,,,,,,,,,AVAILABLE,,,,,,,,,,
DOCUMENT_STATUS,,,,,NOT_APPLICABLE,,,,,,,,,,,,,,,,,,,,,,,,,,,,,,,,,,,,NOT_APPLICABLE,,,,,,,,,2026-03-15,,,,,,,,ABC-COL-0029,,,,NOT_APPLICABLE,,,,,,,,,,,,,,,,,,,DOCUMENT_STATUS,,,,,,PENDING,,,,,,,,,,NOT_AVAILABLE,,,,,,,,,,
DOCUMENT_STATUS,,,,,AVAILABLE,,,,,,,,,,,,,,,,,,,,,,,,,,,,,,,,,,,,AVAILABLE,,,,,,,,,2026-01-15,,,,,,,,ABC-COL-0030,,,,NOT_AVAILABLE,,,,,,,,,,,,,,,,,,,DOCUMENT_STATUS,,,,,,NOT_APPLICABLE,,,,,,,,,,PENDING,,,,,,,,,,
DOCUMENT_STATUS,,,,,NOT_APPLICABLE,,,,,,,,,,,,,,,,,,,,,,,,,,,,,,,,,,,,NOT_AVAILABLE,,,,,,,,,2026-02-15,,,,,,,,ABC-COL-0031,,,,PENDING,,,,,,,,,,,,,,,,,,,DOCUMENT_STATUS,,,,,,AVAILABLE,,,,,,,,,,NOT_APPLICABLE,,,,,,,,,,
DOCUMENT_STATUS,,,,,PENDING,,,,,,,,,,,,,,,,,,,,,,,,,,,,,,,,,,,,PENDING,,,,,,,,,2026-03-15,,,,,,,,ABC-COL-0032,,,,NOT_APPLICABLE,,,,,,,,,,,,,,,,,,,DOCUMENT_STATUS,,,,,,NOT_AVAILABLE,,,,,,,,,,AVAILABLE,,,,,,,,,,
DOCUMENT_STATUS,,,,,AVAILABLE,,,,,,,,,,,,,,,,,,,,,,,,,,,,,,,,,,,,NOT_APPLICABLE,,,,,,,,,2026-01-15,,,,,,,,ABC-COL-0033,,,,AVAILABLE,,,,,,,,,,,,,,,,,,,DOCUMENT_STATUS,,,,,,PENDING,,,,,,,,,,NOT_AVAILABLE,,,,,,,,,,
DOCUMENT_STATUS,,,,,NOT_AVAILABLE,,,,,,,,,,,,,,,,,,,,,,,,,,,,,,,,,,,,AVAILABLE,,,,,,,,,2026-02-15,,,,,,,,ABC-COL-0034,,,,NOT_AVAILABLE,,,,,,,,,,,,,,,,,,,DOCUMENT_STATUS,,,,,,NOT_APPLICABLE,,,,,,,,,,PENDING,,,,,,,,,,
DOCUMENT_STATUS,,,,,PENDING,,,,,,,,,,,,,,,,,,,,,,,,,,,,,,,,,,,,NOT_AVAILABLE,,,,,,,,,2026-03-15,,,,,,,,ABC-COL-0035,,,,PENDING,,,,,,,,,,,,,,,,,,,DOCUMENT_STATUS,,,,,,AVAILABLE,,,,,,,,,,NOT_APPLICABLE,,,,,,,,,,
DOCUMENT_STATUS,,,,,NOT_APPLICABLE,,,,,,,,,,,,,,,,,,,,,,,,,,,,,,,,,,,,PENDING,,,,,,,,,2026-01-15,,,,,,,,ABC-COL-0036,,,,NOT_APPLICABLE,,,,,,,,,,,,,,,,,,,DOCUMENT_STATUS,,,,,,NOT_AVAILABLE,,,,,,,,,,AVAILABLE,,,,,,,,,,
DOCUMENT_STATUS,,,,,NOT_AVAILABLE,,,,,,,,,,,,,,,,,,,,,,,,,,,,,,,,,,,,NOT_APPLICABLE,,,,,,,,,2026-02-15,,,,,,,,ABC-COL-0037,,,,AVAILABLE,,,,,,,,,,,,,,,,,,,DOCUMENT_STATUS,,,,,,PENDING,,,,,,,,,,NOT_AVAILABLE,,,,,,,,,,
DOCUMENT_STATUS,,,,,NOT_APPLICABLE,,,,,,,,,,,,,,,,,,,,,,,,,,,,,,,,,,,,AVAILABLE,,,,,,,,,2026-03-15,,,,,,,,ABC-COL-0038,,,,NOT_APPLICABLE,,,,,,,,,,,,,,,,,,,DOCUMENT_STATUS,,,,,,NOT_APPLICABLE,,,,,,,,,,PENDING,,,,,,,,,,
DOCUMENT_STATUS,,,,,AVAILABLE,,,,,,,,,,,,,,,,,,,,,,,,,,,,,,,,,,,,NOT_AVAILABLE,,,,,,,,,2026-01-15,,,,,,,,ABC-COL-0039,,,,PENDING,,,,,,,,,,,,,,,,,,,DOCUMENT_STATUS,,,,,,AVAILABLE,,,,,,,,,,NOT_APPLICABLE,,,,,,,,,,
DOCUMENT_STATUS,,,,,NOT_AVAILABLE,,,,,,,,,,,,,,,,,,,,,,,,,,,,,,,,,,,,PENDING,,,,,,,,,2026-02-15,,,,,,,,ABC-COL-0040,,,,NOT_APPLICABLE,,,,,,,,,,,,,,,,,,,DOCUMENT_STATUS,,,,,,NOT_AVAILABLE,,,,,,,,,,AVAILABLE,,,,,,,,,,
DOCUMENT_STATUS,,,,,PENDING,,,,,,,,,,,,,,,,,,,,,,,,,,,,,,,,,,,,NOT_APPLICABLE,,,,,,,,,2026-03-15,,,,,,,,ABC-COL-0041,,,,AVAILABLE,,,,,,,,,,,,,,,,,,,DOCUMENT_STATUS,,,,,,PENDING,,,,,,,,,,NOT_AVAILABLE,,,,,,,,,,
DOCUMENT_STATUS,,,,,AVAILABLE,,,,,,,,,,,,,,,,,,,,,,,,,,,,,,,,,,,,AVAILABLE,,,,,,,,,2026-01-15,,,,,,,,ABC-COL-0042,,,,NOT_AVAILABLE,,,,,,,,,,,,,,,,,,,DOCUMENT_STATUS,,,,,,NOT_APPLICABLE,,,,,,,,,,PENDING,,,,,,,,,,
DOCUMENT_STATUS,,,,,NOT_APPLICABLE,,,,,,,,,,,,,,,,,,,,,,,,,,,,,,,,,,,,NOT_AVAILABLE,,,,,,,,,2026-02-15,,,,,,,,ABC-COL-0043,,,,PENDING,,,,,,,,,,,,,,,,,,,DOCUMENT_STATUS,,,,,,AVAILABLE,,,,,,,,,,NOT_APPLICABLE,,,,,,,,,,
DOCUMENT_STATUS,,,,,NOT_APPLICABLE,,,,,,,,,,,,,,,,,,,,,,,,,,,,,,,,,,,,PENDING,,,,,,,,,2026-03-15,,,,,,,,ABC-COL-0044,,,,NOT_APPLICABLE,,,,,,,,,,,,,,,,,,,DOCUMENT_STATUS,,,,,,NOT_AVAILABLE,,,,,,,,,,AVAILABLE,,,,,,,,,,
DOCUMENT_STATUS,,,,,NOT_APPLICABLE,,,,,,,,,,,,,,,,,,,,,,,,,,,,,,,,,,,,NOT_APPLICABLE,,,,,,,,,2026-01-15,,,,,,,,ABC-COL-0045,,,,AVAILABLE,,,,,,,,,,,,,,,,,,,DOCUMENT_STATUS,,,,,,PENDING,,,,,,,,,,NOT_AVAILABLE,,,,,,,,,,
DOCUMENT_STATUS,,,,,NOT_AVAILABLE,,,,,,,,,,,,,,,,,,,,,,,,,,,,,,,,,,,,AVAILABLE,,,,,,,,,2026-02-15,,,,,,,,ABC-COL-0046,,,,NOT_AVAILABLE,,,,,,,,,,,,,,,,,,,DOCUMENT_STATUS,,,,,,NOT_APPLICABLE,,,,,,,,,,PENDING,,,,,,,,,,
DOCUMENT_STATUS,,,,,PENDING,,,,,,,,,,,,,,,,,,,,,,,,,,,,,,,,,,,,NOT_AVAILABLE,,,,,,,,,2026-03-15,,,,,,,,ABC-COL-0047,,,,PENDING,,,,,,,,,,,,,,,,,,,DOCUMENT_STATUS,,,,,,AVAILABLE,,,,,,,,,,NOT_APPLICABLE,,,,,,,,,,
DOCUMENT_STATUS,,,,,AVAILABLE,,,,,,,,,,,,,,,,,,,,,,,,,,,,,,,,,,,,PENDING,,,,,,,,,2026-01-15,,,,,,,,ABC-COL-0048,,,,NOT_APPLICABLE,,,,,,,,,,,,,,,,,,,DOCUMENT_STATUS,,,,,,NOT_AVAILABLE,,,,,,,,,,AVAILABLE,,,,,,,,,,
DOCUMENT_STATUS,,,,,NOT_APPLICABLE,,,,,,,,,,,,,,,,,,,,,,,,,,,,,,,,,,,,NOT_APPLICABLE,,,,,,,,,2026-02-15,,,,,,,,ABC-COL-0049,,,,NOT_APPLICABLE,,,,,,,,,,,,,,,,,,,DOCUMENT_STATUS,,,,,,PENDING,,,,,,,,,,NOT_AVAILABLE,,,,,,,,,,
DOCUMENT_STATUS,,,,,PENDING,,,,,,,,,,,,,,,,,,,,,,,,,,,,,,,,,,,,AVAILABLE,,,,,,,,,2026-03-15,,,,,,,,ABC-COL-0050,,,,NOT_AVAILABLE,,,,,,,,,,,,,,,,,,,DOCUMENT_STATUS,,,,,,NOT_APPLICABLE,,,,,,,,,,PENDING,,,,,,,,,,
DOCUMENT_STATUS,,,,,NOT_APPLICABLE,,,,,,,,,,,,,,,,,,,,,,,,,,,,,,,,,,,,NOT_AVAILABLE,,,,,,,,,2026-01-15,,,,,,,,ABC-COL-0051,,,,NOT_APPLICABLE,,,,,,,,,,,,,,,,,,,DOCUMENT_STATUS,,,,,,AVAILABLE,,,,,,,,,,NOT_APPLICABLE,,,,,,,,,,
DOCUMENT_STATUS,,,,,NOT_AVAILABLE,,,,,,,,,,,,,,,,,,,,,,,,,,,,,,,,,,,,PENDING,,,,,,,,,2026-02-15,,,,,,,,ABC-COL-0052,,,,NOT_APPLICABLE,,,,,,,,,,,,,,,,,,,DOCUMENT_STATUS,,,,,,NOT_AVAILABLE,,,,,,,,,,AVAILABLE,,,,,,,,,,
DOCUMENT_STATUS,,,,,NOT_APPLICABLE,,,,,,,,,,,,,,,,,,,,,,,,,,,,,,,,,,,,NOT_APPLICABLE,,,,,,,,,2026-03-15,,,,,,,,ABC-COL-0053,,,,NOT_APPLICABLE,,,,,,,,,,,,,,,,,,,DOCUMENT_STATUS,,,,,,PENDING,,,,,,,,,,NOT_AVAILABLE,,,,,,,,,,
DOCUMENT_STATUS,,,,,NOT_APPLICABLE,,,,,,,,,,,,,,,,,,,,,,,,,,,,,,,,,,,,AVAILABLE,,,,,,,,,2026-01-15,,,,,,,,ABC-COL-0054,,,,NOT_AVAILABLE,,,,,,,,,,,,,,,,,,,DOCUMENT_STATUS,,,,,,NOT_APPLICABLE,,,,,,,,,,PENDING,,,,,,,,,,
DOCUMENT_STATUS,,,,,NOT_AVAILABLE,,,,,,,,,,,,,,,,,,,,,,,,,,,,,,,,,,,,NOT_AVAILABLE,,,,,,,,,2026-02-15,,,,,,,,ABC-COL-0055,,,,PENDING,,,,,,,,,,,,,,,,,,,DOCUMENT_STATUS,,,,,,AVAILABLE,,,,,,,,,,NOT_APPLICABLE,,,,,,,,,,
DOCUMENT_STATUS,,,,,PENDING,,,,,,,,,,,,,,,,,,,,,,,,,,,,,,,,,,,,PENDING,,,,,,,,,2026-03-15,,,,,,,,ABC-COL-0056,,,,NOT_APPLICABLE,,,,,,,,,,,,,,,,,,,DOCUMENT_STATUS,,,,,,NOT_AVAILABLE,,,,,,,,,,AVAILABLE,,,,,,,,,,
DOCUMENT_STATUS,,,,,AVAILABLE,,,,,,,,,,,,,,,,,,,,,,,,,,,,,,,,,,,,NOT_APPLICABLE,,,,,,,,,2026-01-15,,,,,,,,ABC-COL-0057,,,,AVAILABLE,,,,,,,,,,,,,,,,,,,DOCUMENT_STATUS,,,,,,PENDING,,,,,,,,,,NOT_AVAILABLE,,,,,,,,,,
DOCUMENT_STATUS,,,,,NOT_AVAILABLE,,,,,,,,,,,,,,,,,,,,,,,,,,,,,,,,,,,,AVAILABLE,,,,,,,,,2026-02-15,,,,,,,,ABC-COL-0058,,,,NOT_AVAILABLE,,,,,,,,,,,,,,,,,,,DOCUMENT_STATUS,,,,,,NOT_APPLICABLE,,,,,,,,,,PENDING,,,,,,,,,,
DOCUMENT_STATUS,,,,,PENDING,,,,,,,,,,,,,,,,,,,,,,,,,,,,,,,,,,,,NOT_AVAILABLE,,,,,,,,,2026-03-15,,,,,,,,ABC-COL-0059,,,,PENDING,,,,,,,,,,,,,,,,,,,DOCUMENT_STATUS,,,,,,AVAILABLE,,,,,,,,,,NOT_APPLICABLE,,,,,,,,,,
DOCUMENT_STATUS,,,,,AVAILABLE,,,,,,,,,,,,,,,,,,,,,,,,,,,,,,,,,,,,PENDING,,,,,,,,,2026-01-15,,,,,,,,ABC-COL-0060,,,,NOT_APPLICABLE,,,,,,,,,,,,,,,,,,,DOCUMENT_STATUS,,,,,,NOT_AVAILABLE,,,,,,,,,,AVAILABLE,,,,,,,,,,
DOCUMENT_STATUS,,,,,NOT_AVAILABLE,,,,,,,,,,,,,,,,,,,,,,,,,,,,,,,,,,,,NOT_APPLICABLE,,,,,,,,,2026-02-15,,,,,,,,ABC-COL-0061,,,,AVAILABLE,,,,,,,,,,,,,,,,,,,DOCUMENT_STATUS,,,,,,PENDING,,,,,,,,,,NOT_AVAILABLE,,,,,,,,,,
DOCUMENT_STATUS,,,,,PENDING,,,,,,,,,,,,,,,,,,,,,,,,,,,,,,,,,,,,AVAILABLE,,,,,,,,,2026-03-15,,,,,,,,ABC-COL-0062,,,,NOT_AVAILABLE,,,,,,,,,,,,,,,,,,,DOCUMENT_STATUS,,,,,,NOT_APPLICABLE,,,,,,,,,,PENDING,,,,,,,,,,
DOCUMENT_STATUS,,,,,AVAILABLE,,,,,,,,,,,,,,,,,,,,,,,,,,,,,,,,,,,,NOT_AVAILABLE,,,,,,,,,2026-01-15,,,,,,,,ABC-COL-0063,,,,PENDING,,,,,,,,,,,,,,,,,,,DOCUMENT_STATUS,,,,,,AVAILABLE,,,,,,,,,,NOT_APPLICABLE,,,,,,,,,,
DOCUMENT_STATUS,,,,,NOT_AVAILABLE,,,,,,,,,,,,,,,,,,,,,,,,,,,,,,,,,,,,PENDING,,,,,,,,,2026-02-15,,,,,,,,ABC-COL-0064,,,,NOT_APPLICABLE,,,,,,,,,,,,,,,,,,,DOCUMENT_STATUS,,,,,,NOT_AVAILABLE,,,,,,,,,,AVAILABLE,,,,,,,,,,
DOCUMENT_STATUS,,,,,PENDING,,,,,,,,,,,,,,,,,,,,,,,,,,,,,,,,,,,,NOT_APPLICABLE,,,,,,,,,2026-03-15,,,,,,,,ABC-COL-0065,,,,AVAILABLE,,,,,,,,,,,,,,,,,,,DOCUMENT_STATUS,,,,,,PENDING,,,,,,,,,,NOT_AVAILABLE,,,,,,,,,,
DOCUMENT_STATUS,,,,,NOT_APPLICABLE,,,,,,,,,,,,,,,,,,,,,,,,,,,,,,,,,,,,AVAILABLE,,,,,,,,,2026-01-15,,,,,,,,ABC-COL-0066,,,,NOT_AVAILABLE,,,,,,,,,,,,,,,,,,,DOCUMENT_STATUS,,,,,,NOT_APPLICABLE,,,,,,,,,,PENDING,,,,,,,,,,
DOCUMENT_STATUS,,,,,NOT_APPLICABLE,,,,,,,,,,,,,,,,,,,,,,,,,,,,,,,,,,,,NOT_AVAILABLE,,,,,,,,,2026-02-15,,,,,,,,ABC-COL-0067,,,,NOT_APPLICABLE,,,,,,,,,,,,,,,,,,,DOCUMENT_STATUS,,,,,,AVAILABLE,,,,,,,,,,NOT_APPLICABLE,,,,,,,,,,
DOCUMENT_STATUS,,,,,NOT_APPLICABLE,,,,,,,,,,,,,,,,,,,,,,,,,,,,,,,,,,,,PENDING,,,,,,,,,2026-03-15,,,,,,,,ABC-COL-0068,,,,NOT_APPLICABLE,,,,,,,,,,,,,,,,,,,DOCUMENT_STATUS,,,,,,NOT_AVAILABLE,,,,,,,,,,AVAILABLE,,,,,,,,,,
DOCUMENT_STATUS,,,,,NOT_APPLICABLE,,,,,,,,,,,,,,,,,,,,,,,,,,,,,,,,,,,,NOT_APPLICABLE,,,,,,,,,2026-01-15,,,,,,,,ABC-COL-0069,,,,NOT_APPLICABLE,,,,,,,,,,,,,,,,,,,DOCUMENT_STATUS,,,,,,PENDING,,,,,,,,,,NOT_AVAILABLE,,,,,,,,,,
DOCUMENT_STATUS,,,,,NOT_AVAILABLE,,,,,,,,,,,,,,,,,,,,,,,,,,,,,,,,,,,,AVAILABLE,,,,,,,,,2026-02-15,,,,,,,,ABC-COL-0070,,,,NOT_AVAILABLE,,,,,,,,,,,,,,,,,,,DOCUMENT_STATUS,,,,,,NOT_APPLICABLE,,,,,,,,,,PENDING,,,,,,,,,,
DOCUMENT_STATUS,,,,,PENDING,,,,,,,,,,,,,,,,,,,,,,,,,,,,,,,,,,,,NOT_AVAILABLE,,,,,,,,,2026-03-15,,,,,,,,ABC-COL-0071,,,,PENDING,,,,,,,,,,,,,,,,,,,DOCUMENT_STATUS,,,,,,AVAILABLE,,,,,,,,,,NOT_APPLICABLE,,,,,,,,,,
DOCUMENT_STATUS,,,,,AVAILABLE,,,,,,,,,,,,,,,,,,,,,,,,,,,,,,,,,,,,PENDING,,,,,,,,,2026-01-15,,,,,,,,ABC-COL-0072,,,,NOT_APPLICABLE,,,,,,,,,,,,,,,,,,,DOCUMENT_STATUS,,,,,,NOT_AVAILABLE,,,,,,,,,,AVAILABLE,,,,,,,,,,
DOCUMENT_STATUS,,,,,NOT_AVAILABLE,,,,,,,,,,,,,,,,,,,,,,,,,,,,,,,,,,,,NOT_APPLICABLE,,,,,,,,,2026-02-15,,,,,,,,ABC-COL-0073,,,,AVAILABLE,,,,,,,,,,,,,,,,,,,DOCUMENT_STATUS,,,,,,PENDING,,,,,,,,,,NOT_AVAILABLE,,,,,,,,,,
DOCUMENT_STATUS,,,,,PENDING,,,,,,,,,,,,,,,,,,,,,,,,,,,,,,,,,,,,AVAILABLE,,,,,,,,,2026-03-15,,,,,,,,ABC-COL-0074,,,,NOT_AVAILABLE,,,,,,,,,,,,,,,,,,,DOCUMENT_STATUS,,,,,,NOT_APPLICABLE,,,,,,,,,,PENDING,,,,,,,,,,
DOCUMENT_STATUS,,,,,AVAILABLE,,,,,,,,,,,,,,,,,,,,,,,,,,,,,,,,,,,,NOT_AVAILABLE,,,,,,,,,2026-01-15,,,,,,,,ABC-COL-0075,,,,PENDING,,,,,,,,,,,,,,,,,,,DOCUMENT_STATUS,,,,,,AVAILABLE,,,,,,,,,,NOT_APPLICABLE,,,,,,,,,,
